record_id,restaurant_id,hour_start,actual,spark_prediction,python_prediction,spark_minus_python,absolute_difference,agreement_tolerance_orders,match_status,spark_probability,python_probability
R001@2026-06-01 00:00:00,R001,2026-06-01 00:00:00,1.0,0.43321428745688173,0.5071328469665753,-0.07391855950969362,0.07391855950969362,1.0,WITHIN_ONE_ORDER,,
R011@2026-06-01 04:00:00,R011,2026-06-01 04:00:00,2.0,0.20994156018415436,0.22898541507301262,-0.019043854888858264,0.019043854888858264,1.0,WITHIN_ONE_ORDER,,
R022@2026-06-01 08:00:00,R022,2026-06-01 08:00:00,2.0,2.2942078176321856,2.216376764955478,0.07783105267670765,0.07783105267670765,1.0,WITHIN_ONE_ORDER,,
R007@2026-06-01 13:00:00,R007,2026-06-01 13:00:00,6.0,3.6288978295422156,3.709420351170279,-0.08052252162806317,0.08052252162806317,1.0,WITHIN_ONE_ORDER,,
R018@2026-06-01 17:00:00,R018,2026-06-01 17:00:00,3.0,3.2069348412401077,2.9712696974799284,0.23566514376017933,0.23566514376017933,1.0,WITHIN_ONE_ORDER,,
R004@2026-06-01 22:00:00,R004,2026-06-01 22:00:00,0.0,1.0944718521156438,1.1967569074658186,-0.10228505535017485,0.10228505535017485,1.0,WITHIN_ONE_ORDER,,
R014@2026-06-02 02:00:00,R014,2026-06-02 02:00:00,0.0,0.20994156018415436,0.22651145323792798,-0.016569893053773627,0.016569893053773627,1.0,WITHIN_ONE_ORDER,,
R025@2026-06-02 06:00:00,R025,2026-06-02 06:00:00,0.0,0.8351451796693622,0.636009110619947,0.19913606904941517,0.19913606904941517,1.0,WITHIN_ONE_ORDER,,
R010@2026-06-02 11:00:00,R010,2026-06-02 11:00:00,2.0,1.8509901189539153,1.708033604820142,0.1429565141337732,0.1429565141337732,1.0,WITHIN_ONE_ORDER,,
R021@2026-06-02 15:00:00,R021,2026-06-02 15:00:00,2.0,1.8083145179836488,1.7766232684142225,0.03169124956942637,0.03169124956942637,1.0,WITHIN_ONE_ORDER,,
R007@2026-06-02 20:00:00,R007,2026-06-02 20:00:00,10.0,4.0069071908855145,3.9337578723982802,0.07314931848723427,0.07314931848723427,1.0,WITHIN_ONE_ORDER,,
R017@2026-06-03 00:00:00,R017,2026-06-03 00:00:00,1.0,0.43321428745688173,0.44301712863447407,-0.009802841177592336,0.009802841177592336,1.0,WITHIN_ONE_ORDER,,
R003@2026-06-03 05:00:00,R003,2026-06-03 05:00:00,0.0,0.42305357317116743,0.4253178238296157,-0.0022642506584482636,0.0022642506584482636,1.0,WITHIN_ONE_ORDER,,
R014@2026-06-03 09:00:00,R014,2026-06-03 09:00:00,0.0,1.7835397049467487,1.8561816389022752,-0.07264193395552643,0.07264193395552643,1.0,WITHIN_ONE_ORDER,,
R024@2026-06-03 13:00:00,R024,2026-06-03 13:00:00,2.0,3.6330517025018407,3.631882163704745,0.0011695387970958038,0.0011695387970958038,1.0,WITHIN_ONE_ORDER,,
R010@2026-06-03 18:00:00,R010,2026-06-03 18:00:00,3.0,4.051907665113631,3.9235477111313166,0.12835995398231415,0.12835995398231415,1.0,WITHIN_ONE_ORDER,,
R020@2026-06-03 22:00:00,R020,2026-06-03 22:00:00,0.0,1.0944718521156438,1.1129782140472337,-0.018506361931589943,0.018506361931589943,1.0,WITHIN_ONE_ORDER,,
R006@2026-06-04 03:00:00,R006,2026-06-04 03:00:00,0.0,0.20994156018415436,0.2082255097111358,0.0017160504730185655,0.0017160504730185655,1.0,WITHIN_ONE_ORDER,,
R017@2026-06-04 07:00:00,R017,2026-06-04 07:00:00,4.0,1.743175891807898,1.5101590495431143,0.23301684226478359,0.23301684226478359,1.0,WITHIN_ONE_ORDER,,
R002@2026-06-04 12:00:00,R002,2026-06-04 12:00:00,4.0,3.373171416346625,3.320357599705639,0.052813816640985944,0.052813816640985944,1.0,WITHIN_ONE_ORDER,,
R013@2026-06-04 16:00:00,R013,2026-06-04 16:00:00,1.0,1.8083145179836488,1.7938101081342435,0.014504409849405375,0.014504409849405375,1.0,WITHIN_ONE_ORDER,,
R024@2026-06-04 20:00:00,R024,2026-06-04 20:00:00,4.0,3.9892566731648866,3.8103846005084465,0.17887207265644012,0.17887207265644012,1.0,WITHIN_ONE_ORDER,,
R009@2026-06-05 01:00:00,R009,2026-06-05 01:00:00,1.0,0.20994156018415436,0.22719860209050027,-0.017257041906345916,0.017257041906345916,1.0,WITHIN_ONE_ORDER,,
R020@2026-06-05 05:00:00,R020,2026-06-05 05:00:00,0.0,0.42305357317116743,0.5449567707171854,-0.12190319754601797,0.12190319754601797,1.0,WITHIN_ONE_ORDER,,
R005@2026-06-05 10:00:00,R005,2026-06-05 10:00:00,0.0,1.4475978075501275,1.3031907127852285,0.144407094764899,0.144407094764899,1.0,WITHIN_ONE_ORDER,,
R016@2026-06-05 14:00:00,R016,2026-06-05 14:00:00,3.0,2.6921174253683633,2.992384509897429,-0.3002670845290658,0.3002670845290658,1.0,WITHIN_ONE_ORDER,,
R002@2026-06-05 19:00:00,R002,2026-06-05 19:00:00,3.0,4.318891662408331,4.22135250815185,0.09753915425648074,0.09753915425648074,1.0,WITHIN_ONE_ORDER,,
R012@2026-06-05 23:00:00,R012,2026-06-05 23:00:00,1.0,0.6446140219766914,0.6363398875424083,0.008274134434283043,0.008274134434283043,1.0,WITHIN_ONE_ORDER,,
R023@2026-06-06 03:00:00,R023,2026-06-06 03:00:00,0.0,0.27378464608582126,0.26731218065918017,0.006472465426641094,0.006472465426641094,1.0,WITHIN_ONE_ORDER,,
R008@2026-06-06 08:00:00,R008,2026-06-06 08:00:00,2.0,2.641277057254089,2.790156486367534,-0.14887942911344476,0.14887942911344476,1.0,WITHIN_ONE_ORDER,,
R019@2026-06-06 12:00:00,R019,2026-06-06 12:00:00,2.0,4.195683389117002,4.32461291906148,-0.12892952994447882,0.12892952994447882,1.0,WITHIN_ONE_ORDER,,
R005@2026-06-06 17:00:00,R005,2026-06-06 17:00:00,3.0,3.4097990704412844,3.5877546103936053,-0.17795553995232094,0.17795553995232094,1.0,WITHIN_ONE_ORDER,,
R015@2026-06-06 21:00:00,R015,2026-06-06 21:00:00,1.0,2.971130987698666,2.3294376599751514,0.6416933277235146,0.6416933277235146,1.0,WITHIN_ONE_ORDER,,
R001@2026-06-07 02:00:00,R001,2026-06-07 02:00:00,0.0,0.27438325737918895,0.275899776510012,-0.0015165191308230686,0.0015165191308230686,1.0,WITHIN_ONE_ORDER,,
R012@2026-06-07 06:00:00,R012,2026-06-07 06:00:00,3.0,1.1579730009689326,1.0490650626331814,0.10890793833575119,0.10890793833575119,1.0,WITHIN_ONE_ORDER,,
R022@2026-06-07 10:00:00,R022,2026-06-07 10:00:00,1.0,1.7824845292274956,1.616666428023325,0.16581810120417062,0.16581810120417062,1.0,WITHIN_ONE_ORDER,,
R008@2026-06-07 15:00:00,R008,2026-06-07 15:00:00,5.0,2.6413004431239395,2.2318415902256197,0.40945885289831985,0.40945885289831985,1.0,WITHIN_ONE_ORDER,,
R018@2026-06-07 19:00:00,R018,2026-06-07 19:00:00,7.0,5.237726344358247,5.393315196301363,-0.1555888519431159,0.1555888519431159,1.0,WITHIN_ONE_ORDER,,
R004@2026-06-08 00:00:00,R004,2026-06-08 00:00:00,1.0,0.43321428745688173,0.3199598091256731,0.11325447833120861,0.11325447833120861,1.0,WITHIN_ONE_ORDER,,
R015@2026-06-08 04:00:00,R015,2026-06-08 04:00:00,1.0,0.20994156018415436,0.2360750881910656,-0.02613352800691124,0.02613352800691124,1.0,WITHIN_ONE_ORDER,,
R025@2026-06-08 08:00:00,R025,2026-06-08 08:00:00,1.0,2.100918667660088,2.23702043383692,-0.13610176617683178,0.13610176617683178,1.0,WITHIN_ONE_ORDER,,
R011@2026-06-08 13:00:00,R011,2026-06-08 13:00:00,3.0,3.6981244513414335,3.6996306707554134,-0.0015062194139798812,0.0015062194139798812,1.0,WITHIN_ONE_ORDER,,
R022@2026-06-08 17:00:00,R022,2026-06-08 17:00:00,7.0,3.263147266641521,2.9576718373917865,0.30547542924973436,0.30547542924973436,1.0,WITHIN_ONE_ORDER,,
R007@2026-06-08 22:00:00,R007,2026-06-08 22:00:00,3.0,1.0944718521156438,1.0665740059928792,0.02789784612276458,0.02789784612276458,1.0,WITHIN_ONE_ORDER,,
R018@2026-06-09 02:00:00,R018,2026-06-09 02:00:00,1.0,0.20994156018415436,0.21764836487711908,-0.007706804692964725,0.007706804692964725,1.0,WITHIN_ONE_ORDER,,
R003@2026-06-09 07:00:00,R003,2026-06-09 07:00:00,3.0,1.743175891807898,1.564972167804464,0.17820372400343398,0.17820372400343398,1.0,WITHIN_ONE_ORDER,,
R014@2026-06-09 11:00:00,R014,2026-06-09 11:00:00,1.0,1.8509901189539153,1.5789250541221471,0.2720650648317682,0.2720650648317682,1.0,WITHIN_ONE_ORDER,,
R025@2026-06-09 15:00:00,R025,2026-06-09 15:00:00,2.0,1.8083145179836488,1.7168984810730543,0.09141603691059452,0.09141603691059452,1.0,WITHIN_ONE_ORDER,,
R010@2026-06-09 20:00:00,R010,2026-06-09 20:00:00,4.0,3.0988314909076045,3.9641220374322392,-0.8652905465246348,0.8652905465246348,1.0,WITHIN_ONE_ORDER,,
R021@2026-06-10 00:00:00,R021,2026-06-10 00:00:00,0.0,0.43321428745688173,0.42415679197217016,0.009057495484711575,0.009057495484711575,1.0,WITHIN_ONE_ORDER,,
R006@2026-06-10 05:00:00,R006,2026-06-10 05:00:00,1.0,0.42305357317116743,0.48278690019703385,-0.05973332702586642,0.05973332702586642,1.0,WITHIN_ONE_ORDER,,
R017@2026-06-10 09:00:00,R017,2026-06-10 09:00:00,3.0,1.7835397049467487,1.8168283330915647,-0.033288628144815924,0.033288628144815924,1.0,WITHIN_ONE_ORDER,,
R003@2026-06-10 14:00:00,R003,2026-06-10 14:00:00,2.0,2.6921174253683633,2.7858406181099356,-0.09372319274157226,0.09372319274157226,1.0,WITHIN_ONE_ORDER,,
R013@2026-06-10 18:00:00,R013,2026-06-10 18:00:00,2.0,3.427235453400125,3.966016268865444,-0.5387808154653189,0.5387808154653189,1.0,WITHIN_ONE_ORDER,,
R024@2026-06-10 22:00:00,R024,2026-06-10 22:00:00,2.0,1.0944718521156438,1.057219112335779,0.03725273977986476,0.03725273977986476,1.0,WITHIN_ONE_ORDER,,
R010@2026-06-11 03:00:00,R010,2026-06-11 03:00:00,1.0,0.20994156018415436,0.21848361466655578,-0.008542054482401418,0.008542054482401418,1.0,WITHIN_ONE_ORDER,,
R020@2026-06-11 07:00:00,R020,2026-06-11 07:00:00,2.0,1.5064160389623842,1.6034883365534696,-0.09707229759108538,0.09707229759108538,1.0,WITHIN_ONE_ORDER,,
R006@2026-06-11 12:00:00,R006,2026-06-11 12:00:00,2.0,3.3318302691807595,3.2962546043797176,0.035575664801041906,0.035575664801041906,1.0,WITHIN_ONE_ORDER,,
R016@2026-06-11 16:00:00,R016,2026-06-11 16:00:00,2.0,1.8083145179836488,1.7836467068240427,0.024667811159606146,0.024667811159606146,1.0,WITHIN_ONE_ORDER,,
R002@2026-06-11 21:00:00,R002,2026-06-11 21:00:00,3.0,2.1415360050896926,2.2888505616374193,-0.14731455654772674,0.14731455654772674,1.0,WITHIN_ONE_ORDER,,
R013@2026-06-12 01:00:00,R013,2026-06-12 01:00:00,0.0,0.20994156018415436,0.21723708409178077,-0.007295523907626417,0.007295523907626417,1.0,WITHIN_ONE_ORDER,,
R023@2026-06-12 05:00:00,R023,2026-06-12 05:00:00,0.0,0.42305357317116743,0.42020328549200714,0.0028502876791602905,0.0028502876791602905,1.0,WITHIN_ONE_ORDER,,
R009@2026-06-12 10:00:00,R009,2026-06-12 10:00:00,1.0,1.2193669214676808,1.4348348563443025,-0.21546793487662175,0.21546793487662175,1.0,WITHIN_ONE_ORDER,,
R020@2026-06-12 14:00:00,R020,2026-06-12 14:00:00,5.0,2.857651680305933,2.700777386856123,0.15687429344980997,0.15687429344980997,1.0,WITHIN_ONE_ORDER,,
R005@2026-06-12 19:00:00,R005,2026-06-12 19:00:00,4.0,4.256551635061391,4.2696168288616505,-0.0130651938002595,0.0130651938002595,1.0,WITHIN_ONE_ORDER,,
R016@2026-06-12 23:00:00,R016,2026-06-12 23:00:00,2.0,0.6446140219766914,0.6469261695613293,-0.002312147584637936,0.002312147584637936,1.0,WITHIN_ONE_ORDER,,
R001@2026-06-13 04:00:00,R001,2026-06-13 04:00:00,1.0,0.27378464608582126,0.27803201954315393,-0.0042473734573326705,0.0042473734573326705,1.0,WITHIN_ONE_ORDER,,
R012@2026-06-13 08:00:00,R012,2026-06-13 08:00:00,4.0,2.744015509347128,2.757582247012403,-0.013566737665275053,0.013566737665275053,1.0,WITHIN_ONE_ORDER,,
R023@2026-06-13 12:00:00,R023,2026-06-13 12:00:00,4.0,4.190520319705909,4.24933857495096,-0.058818255245050466,0.058818255245050466,1.0,WITHIN_ONE_ORDER,,
R008@2026-06-13 17:00:00,R008,2026-06-13 17:00:00,3.0,3.8832782398296524,3.8219240130280254,0.06135422680162694,0.06135422680162694,1.0,WITHIN_ONE_ORDER,,
R019@2026-06-13 21:00:00,R019,2026-06-13 21:00:00,2.0,2.7535079561718097,2.6872761204144657,0.06623183575734393,0.06623183575734393,1.0,WITHIN_ONE_ORDER,,
R004@2026-06-14 02:00:00,R004,2026-06-14 02:00:00,0.0,0.27438325737918895,0.2609800245480698,0.01340323283111916,0.01340323283111916,1.0,WITHIN_ONE_ORDER,,
R015@2026-06-14 06:00:00,R015,2026-06-14 06:00:00,2.0,1.1579730009689326,1.039288253812798,0.11868474715613453,0.11868474715613453,1.0,WITHIN_ONE_ORDER,,
R001@2026-06-14 11:00:00,R001,2026-06-14 11:00:00,0.0,2.054854055323222,1.9845174076698449,0.07033664765337733,0.07033664765337733,1.0,WITHIN_ONE_ORDER,,
R011@2026-06-14 15:00:00,R011,2026-06-14 15:00:00,1.0,2.682860032972281,2.353995019599691,0.3288650133725901,0.3288650133725901,1.0,WITHIN_ONE_ORDER,,
R022@2026-06-14 19:00:00,R022,2026-06-14 19:00:00,5.0,5.03886198430678,5.262642482724796,-0.22378049841801584,0.22378049841801584,1.0,WITHIN_ONE_ORDER,,
R008@2026-06-15 00:00:00,R008,2026-06-15 00:00:00,0.0,0.43321428745688173,0.40682119653194854,0.026393090924933194,0.026393090924933194,1.0,WITHIN_ONE_ORDER,,
R018@2026-06-15 04:00:00,R018,2026-06-15 04:00:00,0.0,0.20994156018415436,0.20925315554452412,0.0006884046396302412,0.0006884046396302412,1.0,WITHIN_ONE_ORDER,,
R004@2026-06-15 09:00:00,R004,2026-06-15 09:00:00,1.0,1.976828854918846,1.8403306378768256,0.13649821704202036,0.13649821704202036,1.0,WITHIN_ONE_ORDER,,
R014@2026-06-15 13:00:00,R014,2026-06-15 13:00:00,3.0,3.6981244513414335,3.6692257891399356,0.02889866220149795,0.02889866220149795,1.0,WITHIN_ONE_ORDER,,
R025@2026-06-15 17:00:00,R025,2026-06-15 17:00:00,7.0,2.8382048737242798,2.8755098276921363,-0.03730495396785649,0.03730495396785649,1.0,WITHIN_ONE_ORDER,,
R011@2026-06-15 22:00:00,R011,2026-06-15 22:00:00,2.0,1.0944718521156438,1.1552371212673846,-0.06076526915174085,0.06076526915174085,1.0,WITHIN_ONE_ORDER,,
R021@2026-06-16 02:00:00,R021,2026-06-16 02:00:00,0.0,0.20994156018415436,0.22090838251904032,-0.010966822334885967,0.010966822334885967,1.0,WITHIN_ONE_ORDER,,
R007@2026-06-16 07:00:00,R007,2026-06-16 07:00:00,2.0,1.5064160389623842,1.470814546288008,0.03560149267437618,0.03560149267437618,1.0,WITHIN_ONE_ORDER,,
R018@2026-06-16 11:00:00,R018,2026-06-16 11:00:00,2.0,1.6972782515789775,1.8247760327685412,-0.12749778118956367,0.12749778118956367,1.0,WITHIN_ONE_ORDER,,
R003@2026-06-16 16:00:00,R003,2026-06-16 16:00:00,1.0,1.9831018550427404,1.8301764717600277,0.15292538328271266,0.15292538328271266,1.0,WITHIN_ONE_ORDER,,
R014@2026-06-16 20:00:00,R014,2026-06-16 20:00:00,3.0,3.9892566731648866,3.831115040292585,0.15814163287230176,0.15814163287230176,1.0,WITHIN_ONE_ORDER,,
R024@2026-06-17 00:00:00,R024,2026-06-17 00:00:00,0.0,0.43321428745688173,0.4804744976047576,-0.04726021014787585,0.04726021014787585,1.0,WITHIN_ONE_ORDER,,
R010@2026-06-17 05:00:00,R010,2026-06-17 05:00:00,0.0,0.42305357317116743,0.5327873778682914,-0.10973380469712402,0.10973380469712402,1.0,WITHIN_ONE_ORDER,,
R021@2026-06-17 09:00:00,R021,2026-06-17 09:00:00,2.0,1.976828854918846,1.8376855201829776,0.13914333473586837,0.13914333473586837,1.0,WITHIN_ONE_ORDER,,
R006@2026-06-17 14:00:00,R006,2026-06-17 14:00:00,2.0,3.0721287791450345,2.8808487206155267,0.1912800585295078,0.1912800585295078,1.0,WITHIN_ONE_ORDER,,
R017@2026-06-17 18:00:00,R017,2026-06-17 18:00:00,3.0,4.051907665113631,4.003489059763212,0.04841860535041853,0.04841860535041853,1.0,WITHIN_ONE_ORDER,,
R002@2026-06-17 23:00:00,R002,2026-06-17 23:00:00,0.0,0.6446140219766914,0.6738345361304857,-0.02922051415379434,0.02922051415379434,1.0,WITHIN_ONE_ORDER,,
R013@2026-06-18 03:00:00,R013,2026-06-18 03:00:00,0.0,0.20994156018415436,0.230595574600971,-0.020654014416816635,0.020654014416816635,1.0,WITHIN_ONE_ORDER,,
R024@2026-06-18 07:00:00,R024,2026-06-18 07:00:00,1.0,1.743175891807898,1.5047437960511987,0.2384320957566992,0.2384320957566992,1.0,WITHIN_ONE_ORDER,,
R009@2026-06-18 12:00:00,R009,2026-06-18 12:00:00,1.0,2.968830302875945,3.3059338900101154,-0.33710358713417055,0.33710358713417055,1.0,WITHIN_ONE_ORDER,,
R020@2026-06-18 16:00:00,R020,2026-06-18 16:00:00,1.0,1.8083145179836488,1.8590865869930364,-0.05077206900938758,0.05077206900938758,1.0,WITHIN_ONE_ORDER,,
R006@2026-06-18 21:00:00,R006,2026-06-18 21:00:00,2.0,2.327107737260002,2.1212381956411206,0.2058695416188816,0.2058695416188816,1.0,WITHIN_ONE_ORDER,,
R016@2026-06-19 01:00:00,R016,2026-06-19 01:00:00,0.0,0.20994156018415436,0.21417231372354878,-0.004230753539394422,0.004230753539394422,1.0,WITHIN_ONE_ORDER,,
R002@2026-06-19 06:00:00,R002,2026-06-19 06:00:00,0.0,0.8351451796693622,0.9808678167259295,-0.1457226370565673,0.1457226370565673,1.0,WITHIN_ONE_ORDER,,
R012@2026-06-19 10:00:00,R012,2026-06-19 10:00:00,5.0,1.4475978075501275,1.2989382632936617,0.14865954425646577,0.14865954425646577,1.0,WITHIN_ONE_ORDER,,
R023@2026-06-19 14:00:00,R023,2026-06-19 14:00:00,1.0,2.6921174253683633,2.8037078930122683,-0.11159046764390501,0.11159046764390501,1.0,WITHIN_ONE_ORDER,,
R009@2026-06-19 19:00:00,R009,2026-06-19 19:00:00,5.0,4.256551635061391,4.113133874924392,0.14341776013699903,0.14341776013699903,1.0,WITHIN_ONE_ORDER,,
R019@2026-06-19 23:00:00,R019,2026-06-19 23:00:00,2.0,0.6446140219766914,0.5973104867380608,0.04730353523863062,0.04730353523863062,1.0,WITHIN_ONE_ORDER,,
R005@2026-06-20 04:00:00,R005,2026-06-20 04:00:00,0.0,0.27378464608582126,0.25547747773545615,0.01830716835036511,0.01830716835036511,1.0,WITHIN_ONE_ORDER,,
R016@2026-06-20 08:00:00,R016,2026-06-20 08:00:00,2.0,2.8216800603993097,2.792615335148686,0.029064725250623535,0.029064725250623535,1.0,WITHIN_ONE_ORDER,,
R001@2026-06-20 13:00:00,R001,2026-06-20 13:00:00,5.0,4.489645408521598,4.638376796730574,-0.1487313882089758,0.1487313882089758,1.0,WITHIN_ONE_ORDER,,
R012@2026-06-20 17:00:00,R012,2026-06-20 17:00:00,1.0,3.713684636208197,3.8778769260223607,-0.16419228981416367,0.16419228981416367,1.0,WITHIN_ONE_ORDER,,
R022@2026-06-20 21:00:00,R022,2026-06-20 21:00:00,1.0,2.6576837209803688,2.7445299824493516,-0.08684626146898289,0.08684626146898289,1.0,WITHIN_ONE_ORDER,,
R008@2026-06-21 02:00:00,R008,2026-06-21 02:00:00,0.0,0.27438325737918895,0.2517899690050924,0.022593288374096576,0.022593288374096576,1.0,WITHIN_ONE_ORDER,,
R019@2026-06-21 06:00:00,R019,2026-06-21 06:00:00,2.0,1.1579730009689326,0.9558142135918579,0.2021587873770747,0.2021587873770747,1.0,WITHIN_ONE_ORDER,,
R004@2026-06-21 11:00:00,R004,2026-06-21 11:00:00,4.0,2.0630648131693117,2.183993034292843,-0.12092822112353119,0.12092822112353119,1.0,WITHIN_ONE_ORDER,,
R015@2026-06-21 15:00:00,R015,2026-06-21 15:00:00,1.0,2.624978764077505,2.3027973422734713,0.32218142180403353,0.32218142180403353,1.0,WITHIN_ONE_ORDER,,
R025@2026-06-21 19:00:00,R025,2026-06-21 19:00:00,6.0,5.4017953621492385,5.497356161483872,-0.0955607993346339,0.0955607993346339,1.0,WITHIN_ONE_ORDER,,
R011@2026-06-22 00:00:00,R011,2026-06-22 00:00:00,0.0,0.43321428745688173,0.4343136246186029,-0.00109933716172117,0.00109933716172117,1.0,WITHIN_ONE_ORDER,,
R022@2026-06-22 04:00:00,R022,2026-06-22 04:00:00,0.0,0.20994156018415436,0.24327323185262523,-0.03333167166847087,0.03333167166847087,1.0,WITHIN_ONE_ORDER,,
R007@2026-06-22 09:00:00,R007,2026-06-22 09:00:00,3.0,1.7835397049467487,1.812651216771468,-0.02911151182471916,0.02911151182471916,1.0,WITHIN_ONE_ORDER,,
R018@2026-06-22 13:00:00,R018,2026-06-22 13:00:00,5.0,3.6139477187652824,3.6730297202824254,-0.059082001517142935,0.059082001517142935,1.0,WITHIN_ONE_ORDER,,
R004@2026-06-22 18:00:00,R004,2026-06-22 18:00:00,2.0,4.035441413912579,3.9913457244609702,0.04409568945160913,0.04409568945160913,1.0,WITHIN_ONE_ORDER,,
R014@2026-06-22 22:00:00,R014,2026-06-22 22:00:00,0.0,0.8111147951955223,1.0966817764707495,-0.28556698127522717,0.28556698127522717,1.0,WITHIN_ONE_ORDER,,
R025@2026-06-23 02:00:00,R025,2026-06-23 02:00:00,0.0,0.20994156018415436,0.3200080281442224,-0.11006646796006805,0.11006646796006805,1.0,WITHIN_ONE_ORDER,,
R010@2026-06-23 07:00:00,R010,2026-06-23 07:00:00,2.0,1.743175891807898,1.5134331443789875,0.22974274742891043,0.22974274742891043,1.0,WITHIN_ONE_ORDER,,
R021@2026-06-23 11:00:00,R021,2026-06-23 11:00:00,0.0,1.6972782515789775,1.6603679345639217,0.03691031701505576,0.03691031701505576,1.0,WITHIN_ONE_ORDER,,
R007@2026-06-23 16:00:00,R007,2026-06-23 16:00:00,2.0,1.8083145179836488,1.7736676055815785,0.034646912402070296,0.034646912402070296,1.0,WITHIN_ONE_ORDER,,
R017@2026-06-23 20:00:00,R017,2026-06-23 20:00:00,2.0,4.0586309586727065,3.9152708465396566,0.1433601121330499,0.1433601121330499,1.0,WITHIN_ONE_ORDER,,
R003@2026-06-24 01:00:00,R003,2026-06-24 01:00:00,1.0,0.20994156018415436,0.21424143350110897,-0.004299873316954611,0.004299873316954611,1.0,WITHIN_ONE_ORDER,,
R014@2026-06-24 05:00:00,R014,2026-06-24 05:00:00,1.0,0.42305357317116743,0.5884173231814421,-0.1653637500102747,0.1653637500102747,1.0,WITHIN_ONE_ORDER,,
R024@2026-06-24 09:00:00,R024,2026-06-24 09:00:00,1.0,1.7835397049467487,1.8443309335328368,-0.0607912285860881,0.0607912285860881,1.0,WITHIN_ONE_ORDER,,
R010@2026-06-24 14:00:00,R010,2026-06-24 14:00:00,2.0,2.6921174253683633,2.7703753416082653,-0.07825791623990197,0.07825791623990197,1.0,WITHIN_ONE_ORDER,,
R020@2026-06-24 18:00:00,R020,2026-06-24 18:00:00,4.0,4.051907665113631,3.9959566722191426,0.05595099289448813,0.05595099289448813,1.0,WITHIN_ONE_ORDER,,
R006@2026-06-24 23:00:00,R006,2026-06-24 23:00:00,0.0,0.6446140219766914,0.6402757930133038,0.004338228963387536,0.004338228963387536,1.0,WITHIN_ONE_ORDER,,
R017@2026-06-25 03:00:00,R017,2026-06-25 03:00:00,1.0,0.20994156018415436,0.22146081262285477,-0.011519252438700417,0.011519252438700417,1.0,WITHIN_ONE_ORDER,,
R002@2026-06-25 08:00:00,R002,2026-06-25 08:00:00,2.0,2.100918667660088,2.2458338576135946,-0.14491518995350638,0.14491518995350638,1.0,WITHIN_ONE_ORDER,,
R013@2026-06-25 12:00:00,R013,2026-06-25 12:00:00,3.0,3.312726285444201,3.3605675277747826,-0.047841242330581846,0.047841242330581846,1.0,WITHIN_ONE_ORDER,,
R023@2026-06-25 16:00:00,R023,2026-06-25 16:00:00,2.0,1.8083145179836488,1.7649723747450357,0.043342143238613184,0.043342143238613184,1.0,WITHIN_ONE_ORDER,,
R009@2026-06-25 21:00:00,R009,2026-06-25 21:00:00,2.0,2.1415360050896926,2.187663182134185,-0.04612717704449265,0.04612717704449265,1.0,WITHIN_ONE_ORDER,,
R020@2026-06-26 01:00:00,R020,2026-06-26 01:00:00,0.0,0.20994156018415436,0.21667507713189466,-0.006733516947740298,0.006733516947740298,1.0,WITHIN_ONE_ORDER,,
R005@2026-06-26 06:00:00,R005,2026-06-26 06:00:00,0.0,0.8351451796693622,0.8249112634690245,0.010233916200337645,0.010233916200337645,1.0,WITHIN_ONE_ORDER,,
R016@2026-06-26 10:00:00,R016,2026-06-26 10:00:00,1.0,1.2045160805014417,1.483809834507677,-0.27929375400623524,0.27929375400623524,1.0,WITHIN_ONE_ORDER,,
R002@2026-06-26 15:00:00,R002,2026-06-26 15:00:00,0.0,1.8083145179836488,1.755458641000273,0.052855876983375794,0.052855876983375794,1.0,WITHIN_ONE_ORDER,,
R012@2026-06-26 19:00:00,R012,2026-06-26 19:00:00,5.0,3.939969105412852,4.355190278160382,-0.41522117274753034,0.41522117274753034,1.0,WITHIN_ONE_ORDER,,
R023@2026-06-26 23:00:00,R023,2026-06-26 23:00:00,0.0,0.6446140219766914,0.6247841038240811,0.01982991815261026,0.01982991815261026,1.0,WITHIN_ONE_ORDER,,
R008@2026-06-27 04:00:00,R008,2026-06-27 04:00:00,0.0,0.27378464608582126,0.25254348634563656,0.0212411597401847,0.0212411597401847,1.0,WITHIN_ONE_ORDER,,
R019@2026-06-27 08:00:00,R019,2026-06-27 08:00:00,2.0,2.641277057254089,2.827905837499391,-0.18662878024530194,0.18662878024530194,1.0,WITHIN_ONE_ORDER,,
R005@2026-06-27 13:00:00,R005,2026-06-27 13:00:00,4.0,4.538404409851627,4.736352660797132,-0.1979482509455046,0.1979482509455046,1.0,WITHIN_ONE_ORDER,,
R015@2026-06-27 17:00:00,R015,2026-06-27 17:00:00,2.0,3.713354807687403,3.6905916903747213,0.022763117312681658,0.022763117312681658,1.0,WITHIN_ONE_ORDER,,
R001@2026-06-27 22:00:00,R001,2026-06-27 22:00:00,1.0,1.4365786331552135,1.3960033030376917,0.04057533011752179,0.04057533011752179,1.0,WITHIN_ONE_ORDER,,
R012@2026-06-28 02:00:00,R012,2026-06-28 02:00:00,0.0,0.27438325737918895,0.2710227681806642,0.0033604891985247742,0.0033604891985247742,1.0,WITHIN_ONE_ORDER,,
R022@2026-06-28 06:00:00,R022,2026-06-28 06:00:00,1.0,1.1579730009689326,1.0711970293016213,0.08677597166731132,0.08677597166731132,1.0,WITHIN_ONE_ORDER,,
R008@2026-06-28 11:00:00,R008,2026-06-28 11:00:00,0.0,2.134161793006039,2.2217401026242474,-0.08757830961820856,0.08757830961820856,1.0,WITHIN_ONE_ORDER,,
R018@2026-06-28 15:00:00,R018,2026-06-28 15:00:00,2.0,2.428487927888982,2.21470711783743,0.21378081005155236,0.21378081005155236,1.0,WITHIN_ONE_ORDER,,
R004@2026-06-28 20:00:00,R004,2026-06-28 20:00:00,5.0,5.0517873534666435,5.176546800630715,-0.12475944716407117,0.12475944716407117,1.0,WITHIN_ONE_ORDER,,
R015@2026-06-29 00:00:00,R015,2026-06-29 00:00:00,0.0,0.43321428745688173,0.4026973470271451,0.030516940429736628,0.030516940429736628,1.0,WITHIN_ONE_ORDER,,
R025@2026-06-29 04:00:00,R025,2026-06-29 04:00:00,0.0,0.20994156018415436,0.25175789920029734,-0.041816339016142984,0.041816339016142984,1.0,WITHIN_ONE_ORDER,,
R011@2026-06-29 09:00:00,R011,2026-06-29 09:00:00,2.0,1.7835397049467487,1.8114380348251604,-0.027898329878411676,0.027898329878411676,1.0,WITHIN_ONE_ORDER,,
R021@2026-06-29 13:00:00,R021,2026-06-29 13:00:00,3.0,3.6330517025018407,3.6880911255235502,-0.0550394230217095,0.0550394230217095,1.0,WITHIN_ONE_ORDER,,
R007@2026-06-29 18:00:00,R007,2026-06-29 18:00:00,5.0,3.8380372854076548,4.189555878702001,-0.35151859329434654,0.35151859329434654,1.0,WITHIN_ONE_ORDER,,
R018@2026-06-29 22:00:00,R018,2026-06-29 22:00:00,0.0,0.8111147951955223,1.2862955028945968,-0.4751807076990745,0.4751807076990745,1.0,WITHIN_ONE_ORDER,,
R003@2026-06-30 03:00:00,R003,2026-06-30 03:00:00,1.0,0.20994156018415436,0.2267776880635247,-0.016836127879370333,0.016836127879370333,1.0,WITHIN_ONE_ORDER,,
R014@2026-06-30 07:00:00,R014,2026-06-30 07:00:00,0.0,1.743175891807898,1.6690287766953076,0.07414711511259031,0.07414711511259031,1.0,WITHIN_ONE_ORDER,,
R025@2026-06-30 11:00:00,R025,2026-06-30 11:00:00,2.0,1.6972782515789775,1.715547450985064,-0.0182691994060864,0.0182691994060864,1.0,WITHIN_ONE_ORDER,,
R010@2026-06-30 16:00:00,R010,2026-06-30 16:00:00,2.0,1.8083145179836488,1.7976479313783398,0.010666586605309059,0.010666586605309059,1.0,WITHIN_ONE_ORDER,,
R021@2026-06-30 20:00:00,R021,2026-06-30 20:00:00,4.0,3.9892566731648866,3.8332311689265888,0.15602550423829786,0.15602550423829786,1.0,WITHIN_ONE_ORDER,,
R006@2026-07-01 01:00:00,R006,2026-07-01 01:00:00,0.0,0.2044487252875875,0.22145501154611846,-0.017006286258530956,0.017006286258530956,1.0,WITHIN_ONE_ORDER,,
R017@2026-07-01 05:00:00,R017,2026-07-01 05:00:00,0.0,0.41756073827460055,0.44590508156475445,-0.028344343290153895,0.028344343290153895,1.0,WITHIN_ONE_ORDER,,
R003@2026-07-01 10:00:00,R003,2026-07-01 10:00:00,3.0,1.4140999726599115,1.2903947086936574,0.12370526396625414,0.12370526396625414,1.0,WITHIN_ONE_ORDER,,
R013@2026-07-01 14:00:00,R013,2026-07-01 14:00:00,2.0,2.8230341640793353,2.8112057408126545,0.011828423266680765,0.011828423266680765,1.0,WITHIN_ONE_ORDER,,
R024@2026-07-01 18:00:00,R024,2026-07-01 18:00:00,2.0,3.7825823959002047,3.9655946167289975,-0.18301222082879276,0.18301222082879276,1.0,WITHIN_ONE_ORDER,,
R010@2026-07-01 23:00:00,R010,2026-07-01 23:00:00,1.0,0.6384650359989094,0.6414919438944094,-0.003026907895500086,0.003026907895500086,1.0,WITHIN_ONE_ORDER,,
R020@2026-07-02 03:00:00,R020,2026-07-02 03:00:00,0.0,0.2044487252875875,0.21942382267746474,-0.014975097389877234,0.014975097389877234,1.0,WITHIN_ONE_ORDER,,
R006@2026-07-02 08:00:00,R006,2026-07-02 08:00:00,3.0,2.249523914009605,2.2066311741363327,0.042892739873272134,0.042892739873272134,1.0,WITHIN_ONE_ORDER,,
R016@2026-07-02 12:00:00,R016,2026-07-02 12:00:00,3.0,3.26804238182162,3.2700786622769535,-0.00203628045533355,0.00203628045533355,1.0,WITHIN_ONE_ORDER,,
R002@2026-07-02 17:00:00,R002,2026-07-02 17:00:00,4.0,2.829795111872997,2.8319547515141226,-0.0021596396411256435,0.0021596396411256435,1.0,WITHIN_ONE_ORDER,,
R013@2026-07-02 21:00:00,R013,2026-07-02 21:00:00,1.0,2.6526918713550773,2.223362000912559,0.42932987044251814,0.42932987044251814,1.0,WITHIN_ONE_ORDER,,
R023@2026-07-03 01:00:00,R023,2026-07-03 01:00:00,0.0,0.2044487252875875,0.218420681665567,-0.013971956377979489,0.013971956377979489,1.0,WITHIN_ONE_ORDER,,
R009@2026-07-03 06:00:00,R009,2026-07-03 06:00:00,2.0,0.8296523447727954,0.83388160613462,-0.0042292613618246655,0.0042292613618246655,1.0,WITHIN_ONE_ORDER,,
R019@2026-07-03 10:00:00,R019,2026-07-03 10:00:00,1.0,1.4140999726599115,1.4046663348930302,0.009433637766881331,0.009433637766881331,1.0,WITHIN_ONE_ORDER,,
R005@2026-07-03 15:00:00,R005,2026-07-03 15:00:00,0.0,1.799904756132366,1.81650942704042,-0.016604670908054064,0.016604670908054064,1.0,WITHIN_ONE_ORDER,,
R016@2026-07-03 19:00:00,R016,2026-07-03 19:00:00,7.0,4.141454408020801,4.234278969926654,-0.09282456190585364,0.09282456190585364,1.0,WITHIN_ONE_ORDER,,
R001@2026-07-04 00:00:00,R001,2026-07-04 00:00:00,0.0,0.5276587016003613,0.624134458206661,-0.0964757566062997,0.0964757566062997,1.0,WITHIN_ONE_ORDER,,
R012@2026-07-04 04:00:00,R012,2026-07-04 04:00:00,0.0,0.2682918111892544,0.2589623521710259,0.009329459018228459,0.009329459018228459,1.0,WITHIN_ONE_ORDER,,
R023@2026-07-04 08:00:00,R023,2026-07-04 08:00:00,4.0,2.71752278310156,2.6522547452521623,0.0652680378493975,0.0652680378493975,1.0,WITHIN_ONE_ORDER,,
R008@2026-07-04 13:00:00,R008,2026-07-04 13:00:00,4.0,4.444961504899017,4.653591322472676,-0.20862981757365873,0.20862981757365873,1.0,WITHIN_ONE_ORDER,,
R019@2026-07-04 17:00:00,R019,2026-07-04 17:00:00,3.0,3.661886737306664,3.805751420037821,-0.1438646827311567,0.1438646827311567,1.0,WITHIN_ONE_ORDER,,
R004@2026-07-04 22:00:00,R004,2026-07-04 22:00:00,0.0,1.4304296471774314,1.3510615769459227,0.07936807023150871,0.07936807023150871,1.0,WITHIN_ONE_ORDER,,
R015@2026-07-05 02:00:00,R015,2026-07-05 02:00:00,0.0,0.26889042248262207,0.2735156260400103,-0.004625203557388213,0.004625203557388213,1.0,WITHIN_ONE_ORDER,,
R001@2026-07-05 07:00:00,R001,2026-07-05 07:00:00,1.0,2.066182223469109,1.9189854100936454,0.14719681337546353,0.14719681337546353,1.0,WITHIN_ONE_ORDER,,
R011@2026-07-05 11:00:00,R011,2026-07-05 11:00:00,0.0,2.3196636768191192,2.489019684094029,-0.16935600727490963,0.16935600727490963,1.0,WITHIN_ONE_ORDER,,
R022@2026-07-05 15:00:00,R022,2026-07-05 15:00:00,0.0,2.291857225673996,2.2597146538112582,0.032142571862737945,0.032142571862737945,1.0,WITHIN_ONE_ORDER,,
R008@2026-07-05 20:00:00,R008,2026-07-05 20:00:00,4.0,4.926522401763973,5.064145546660304,-0.13762314489633098,0.13762314489633098,1.0,WITHIN_ONE_ORDER,,
R018@2026-07-06 00:00:00,R018,2026-07-06 00:00:00,0.0,0.42772145256031485,0.4069859993489894,0.020735453211325472,0.020735453211325472,1.0,WITHIN_ONE_ORDER,,
R004@2026-07-06 05:00:00,R004,2026-07-06 05:00:00,0.0,0.41756073827460055,0.43045988016199255,-0.012899141887391996,0.012899141887391996,1.0,WITHIN_ONE_ORDER,,
R014@2026-07-06 09:00:00,R014,2026-07-06 09:00:00,1.0,1.7500418700565328,1.76136501886687,-0.011323148810337136,0.011323148810337136,1.0,WITHIN_ONE_ORDER,,
R025@2026-07-06 13:00:00,R025,2026-07-06 13:00:00,4.0,3.58836779887926,3.727065279007671,-0.13869748012841088,0.13869748012841088,1.0,WITHIN_ONE_ORDER,,
R011@2026-07-06 18:00:00,R011,2026-07-06 18:00:00,2.0,4.000823897685982,4.078299296744593,-0.07747539905861078,0.07747539905861078,1.0,WITHIN_ONE_ORDER,,
R021@2026-07-06 22:00:00,R021,2026-07-06 22:00:00,0.0,1.0945897500800605,1.3682392202970917,-0.2736494702170311,0.2736494702170311,1.0,WITHIN_ONE_ORDER,,
R007@2026-07-07 03:00:00,R007,2026-07-07 03:00:00,0.0,0.2044487252875875,0.2384260873564771,-0.0339773620688896,0.0339773620688896,1.0,WITHIN_ONE_ORDER,,
R017@2026-07-07 07:00:00,R017,2026-07-07 07:00:00,2.0,1.7804966293515088,1.6243803195662565,0.15611630978525226,0.15611630978525226,1.0,WITHIN_ONE_ORDER,,
R003@2026-07-07 12:00:00,R003,2026-07-07 12:00:00,3.0,2.950354153628679,3.2905137389977894,-0.3401595853691104,0.3401595853691104,1.0,WITHIN_ONE_ORDER,,
R014@2026-07-07 16:00:00,R014,2026-07-07 16:00:00,0.0,1.799904756132366,1.715798459564894,0.08410629656747193,0.08410629656747193,1.0,WITHIN_ONE_ORDER,,
R024@2026-07-07 20:00:00,R024,2026-07-07 20:00:00,1.0,4.030452136943113,3.8320817385586734,0.19837039838443982,0.19837039838443982,1.0,WITHIN_ONE_ORDER,,
R010@2026-07-08 01:00:00,R010,2026-07-08 01:00:00,0.0,0.2044487252875875,0.2243538891879246,-0.019905163900337086,0.019905163900337086,1.0,WITHIN_ONE_ORDER,,
R021@2026-07-08 05:00:00,R021,2026-07-08 05:00:00,1.0,0.41756073827460055,0.4253394200268102,-0.007778681752209637,0.007778681752209637,1.0,WITHIN_ONE_ORDER,,
R006@2026-07-08 10:00:00,R006,2026-07-08 10:00:00,1.0,1.15966133220215,1.4407499434710593,-0.28108861126890927,0.28108861126890927,1.0,WITHIN_ONE_ORDER,,
R017@2026-07-08 14:00:00,R017,2026-07-08 14:00:00,3.0,2.6837076635170805,2.8835416409720653,-0.19983397745498488,0.19983397745498488,1.0,WITHIN_ONE_ORDER,,
R002@2026-07-08 19:00:00,R002,2026-07-08 19:00:00,4.0,4.221934118834794,4.320740550453438,-0.09880643161864455,0.09880643161864455,1.0,WITHIN_ONE_ORDER,,
R013@2026-07-08 23:00:00,R013,2026-07-08 23:00:00,0.0,0.6384650359989094,0.644598460117008,-0.006133424118098696,0.006133424118098696,1.0,WITHIN_ONE_ORDER,,
R024@2026-07-09 03:00:00,R024,2026-07-09 03:00:00,0.0,0.2044487252875875,0.2548534777490767,-0.05040475246148918,0.05040475246148918,1.0,WITHIN_ONE_ORDER,,
R009@2026-07-09 08:00:00,R009,2026-07-09 08:00:00,3.0,2.249523914009605,2.2516324020784775,-0.0021084880688726493,0.0021084880688726493,1.0,WITHIN_ONE_ORDER,,
R020@2026-07-09 12:00:00,R020,2026-07-09 12:00:00,3.0,3.26804238182162,3.197298744148373,0.07074363767324687,0.07074363767324687,1.0,WITHIN_ONE_ORDER,,
R006@2026-07-09 17:00:00,R006,2026-07-09 17:00:00,0.0,2.80561173637594,2.806226721812899,-0.0006149854369588148,0.0006149854369588148,1.0,WITHIN_ONE_ORDER,,
R016@2026-07-09 21:00:00,R016,2026-07-09 21:00:00,1.0,2.6526918713550773,2.1856846598307547,0.4670072115243227,0.4670072115243227,1.0,WITHIN_ONE_ORDER,,
R002@2026-07-10 02:00:00,R002,2026-07-10 02:00:00,0.0,0.2044487252875875,0.21259802371019704,-0.00814929842260953,0.00814929842260953,1.0,WITHIN_ONE_ORDER,,
R012@2026-07-10 06:00:00,R012,2026-07-10 06:00:00,0.0,0.8296523447727954,0.8786316231028423,-0.048979278330046894,0.048979278330046894,1.0,WITHIN_ONE_ORDER,,
R023@2026-07-10 10:00:00,R023,2026-07-10 10:00:00,1.0,1.4140999726599115,1.2595652698041868,0.15453470285572468,0.15453470285572468,1.0,WITHIN_ONE_ORDER,,
R009@2026-07-10 15:00:00,R009,2026-07-10 15:00:00,2.0,1.896260496882589,1.8480162988630038,0.04824419801958513,0.04824419801958513,1.0,WITHIN_ONE_ORDER,,
R019@2026-07-10 19:00:00,R019,2026-07-10 19:00:00,1.0,4.221934118834794,4.2263991304022595,-0.004465011567465815,0.004465011567465815,1.0,WITHIN_ONE_ORDER,,
R005@2026-07-11 00:00:00,R005,2026-07-11 00:00:00,0.0,0.5276587016003613,0.5903105701135699,-0.06265186851320859,0.06265186851320859,1.0,WITHIN_ONE_ORDER,,
R015@2026-07-11 04:00:00,R015,2026-07-11 04:00:00,0.0,0.2682918111892544,0.26287459936644425,0.005417211822810131,0.005417211822810131,1.0,WITHIN_ONE_ORDER,,
R001@2026-07-11 09:00:00,R001,2026-07-11 09:00:00,2.0,2.067476954661913,2.272570395855069,-0.20509344119315598,0.20509344119315598,1.0,WITHIN_ONE_ORDER,,
R012@2026-07-11 13:00:00,R012,2026-07-11 13:00:00,7.0,4.105073673218762,4.044721519321305,0.06035215389745652,0.06035215389745652,1.0,WITHIN_ONE_ORDER,,
R022@2026-07-11 17:00:00,R022,2026-07-11 17:00:00,3.0,3.661886737306664,3.6333466445552474,0.02854009275141678,0.02854009275141678,1.0,WITHIN_ONE_ORDER,,
R008@2026-07-11 22:00:00,R008,2026-07-11 22:00:00,2.0,1.552867403285629,1.297460339411539,0.2554070638740902,0.2554070638740902,1.0,WITHIN_ONE_ORDER,,
R019@2026-07-12 02:00:00,R019,2026-07-12 02:00:00,0.0,0.26889042248262207,0.32381568138262434,-0.05492525890000227,0.05492525890000227,1.0,WITHIN_ONE_ORDER,,
R004@2026-07-12 07:00:00,R004,2026-07-12 07:00:00,1.0,1.9807476286094203,2.2694715822024665,-0.28872395359304615,0.28872395359304615,1.0,WITHIN_ONE_ORDER,,
R015@2026-07-12 11:00:00,R015,2026-07-12 11:00:00,1.0,2.0354404817244314,1.8446853182900635,0.19075516343436782,0.19075516343436782,1.0,WITHIN_ONE_ORDER,,
R025@2026-07-12 15:00:00,R025,2026-07-12 15:00:00,1.0,2.484514943423498,2.2603511649696033,0.22416377845389457,0.22416377845389457,1.0,WITHIN_ONE_ORDER,,
R011@2026-07-12 20:00:00,R011,2026-07-12 20:00:00,6.0,5.083962865676601,5.2492158123612835,-0.16525294668468238,0.16525294668468238,1.0,WITHIN_ONE_ORDER,,
R022@2026-07-13 00:00:00,R022,2026-07-13 00:00:00,1.0,0.42772145256031485,0.4270089349025257,0.0007125176577891246,0.0007125176577891246,1.0,WITHIN_ONE_ORDER,,
R007@2026-07-13 05:00:00,R007,2026-07-13 05:00:00,0.0,0.41756073827460055,0.3921343475134988,0.025426390761101758,0.025426390761101758,1.0,WITHIN_ONE_ORDER,,
R018@2026-07-13 09:00:00,R018,2026-07-13 09:00:00,2.0,1.7500418700565328,1.8785069673831498,-0.12846509732661704,0.12846509732661704,1.0,WITHIN_ONE_ORDER,,
R004@2026-07-13 14:00:00,R004,2026-07-13 14:00:00,4.0,3.0406009571288988,2.7670740985474005,0.2735268585814983,0.2735268585814983,1.0,WITHIN_ONE_ORDER,,
R014@2026-07-13 18:00:00,R014,2026-07-13 18:00:00,6.0,3.8630212579686205,4.004081764249267,-0.14106050628064626,0.14106050628064626,1.0,WITHIN_ONE_ORDER,,
R025@2026-07-13 22:00:00,R025,2026-07-13 22:00:00,3.0,1.0883228661378617,1.1310429429749607,-0.042720076837099,0.042720076837099,1.0,WITHIN_ONE_ORDER,,
R010@2026-07-14 03:00:00,R010,2026-07-14 03:00:00,0.0,0.2044487252875875,0.23710117936935932,-0.03265245408177181,0.03265245408177181,1.0,WITHIN_ONE_ORDER,,
R021@2026-07-14 07:00:00,R021,2026-07-14 07:00:00,0.0,1.7804966293515088,1.5397946340621638,0.240701995289345,0.240701995289345,1.0,WITHIN_ONE_ORDER,,
R007@2026-07-14 12:00:00,R007,2026-07-14 12:00:00,2.0,3.331577206934506,3.359125725821135,-0.02754851888662868,0.02754851888662868,1.0,WITHIN_ONE_ORDER,,
R017@2026-07-14 16:00:00,R017,2026-07-14 16:00:00,2.0,1.874294356250903,1.8111594936827622,0.06313486256814071,0.06313486256814071,1.0,WITHIN_ONE_ORDER,,
R003@2026-07-14 21:00:00,R003,2026-07-14 21:00:00,3.0,2.129018719030027,2.3108142896924107,-0.18179557066238372,0.18179557066238372,1.0,WITHIN_ONE_ORDER,,
R013@2026-07-15 01:00:00,R013,2026-07-15 01:00:00,0.0,0.2044487252875875,0.2282612001938908,-0.023812474906303283,0.023812474906303283,1.0,WITHIN_ONE_ORDER,,
R024@2026-07-15 05:00:00,R024,2026-07-15 05:00:00,1.0,0.41756073827460055,0.4435914216472291,-0.026030683372628538,0.026030683372628538,1.0,WITHIN_ONE_ORDER,,
R010@2026-07-15 10:00:00,R010,2026-07-15 10:00:00,1.0,1.314650542681267,1.226064832854302,0.0885857098269649,0.0885857098269649,1.0,WITHIN_ONE_ORDER,,
R020@2026-07-15 14:00:00,R020,2026-07-15 14:00:00,1.0,2.8230341640793353,2.7566424223570674,0.06639174172226792,0.06639174172226792,1.0,WITHIN_ONE_ORDER,,
R006@2026-07-15 19:00:00,R006,2026-07-15 19:00:00,3.0,4.221934118834794,4.038649482609147,0.18328463622564684,0.18328463622564684,1.0,WITHIN_ONE_ORDER,,
R017@2026-07-15 23:00:00,R017,2026-07-15 23:00:00,0.0,0.6384650359989094,0.6712980132812536,-0.032832977282344245,0.032832977282344245,1.0,WITHIN_ONE_ORDER,,
R002@2026-07-16 04:00:00,R002,2026-07-16 04:00:00,0.0,0.2044487252875875,0.22155942580098925,-0.017110700513401744,0.017110700513401744,1.0,WITHIN_ONE_ORDER,,
R013@2026-07-16 08:00:00,R013,2026-07-16 08:00:00,2.0,2.082442518412823,2.201654539239649,-0.11921202082682614,0.11921202082682614,1.0,WITHIN_ONE_ORDER,,
R023@2026-07-16 12:00:00,R023,2026-07-16 12:00:00,2.0,3.2871463655581787,3.2888581941744364,-0.0017118286162576268,0.0017118286162576268,1.0,WITHIN_ONE_ORDER,,
R009@2026-07-16 17:00:00,R009,2026-07-16 17:00:00,4.0,3.231619444625385,2.826076522582555,0.40554292204283016,0.40554292204283016,1.0,WITHIN_ONE_ORDER,,
R020@2026-07-16 21:00:00,R020,2026-07-16 21:00:00,0.0,2.3100124617731783,2.2659230340571908,0.04408942771598756,0.04408942771598756,1.0,WITHIN_ONE_ORDER,,
R005@2026-07-17 02:00:00,R005,2026-07-17 02:00:00,0.0,0.2044487252875875,0.2154522451610895,-0.011003519873501982,0.011003519873501982,1.0,WITHIN_ONE_ORDER,,
R016@2026-07-17 06:00:00,R016,2026-07-17 06:00:00,1.0,0.8296523447727954,0.8709296447803634,-0.04127730000756802,0.04127730000756802,1.0,WITHIN_ONE_ORDER,,
R002@2026-07-17 11:00:00,R002,2026-07-17 11:00:00,1.0,1.6788021023317117,1.7557322978942835,-0.07693019556257186,0.07693019556257186,1.0,WITHIN_ONE_ORDER,,
R012@2026-07-17 15:00:00,R012,2026-07-17 15:00:00,3.0,1.799904756132366,1.8007364759451971,-0.0008317198128311443,0.0008317198128311443,1.0,WITHIN_ONE_ORDER,,
R023@2026-07-17 19:00:00,R023,2026-07-17 19:00:00,3.0,4.3180030788292605,4.357345680451592,-0.03934260162233194,0.03934260162233194,1.0,WITHIN_ONE_ORDER,,
R008@2026-07-18 00:00:00,R008,2026-07-18 00:00:00,0.0,0.5276587016003613,0.5411894866338052,-0.013530785033443848,0.013530785033443848,1.0,WITHIN_ONE_ORDER,,
R019@2026-07-18 04:00:00,R019,2026-07-18 04:00:00,0.0,0.22376356729561278,0.21918492683952423,0.004578640456088551,0.004578640456088551,1.0,WITHIN_ONE_ORDER,,
R005@2026-07-18 09:00:00,R005,2026-07-18 09:00:00,2.0,2.0441267632189493,2.1524334336429427,-0.10830667042399345,0.10830667042399345,1.0,WITHIN_ONE_ORDER,,
R015@2026-07-18 13:00:00,R015,2026-07-18 13:00:00,4.0,4.444961504899017,4.592012763274951,-0.14705125837593425,0.14705125837593425,1.0,WITHIN_ONE_ORDER,,
R001@2026-07-18 18:00:00,R001,2026-07-18 18:00:00,2.0,4.992955647405692,5.165138995908735,-0.17218334850304284,0.17218334850304284,1.0,WITHIN_ONE_ORDER,,
R012@2026-07-18 22:00:00,R012,2026-07-18 22:00:00,0.0,1.4304296471774314,1.3507124526997558,0.07971719447767556,0.07971719447767556,1.0,WITHIN_ONE_ORDER,,
R022@2026-07-19 02:00:00,R022,2026-07-19 02:00:00,0.0,0.26889042248262207,0.257435142222852,0.011455280259770051,0.011455280259770051,1.0,WITHIN_ONE_ORDER,,
R008@2026-07-19 07:00:00,R008,2026-07-19 07:00:00,4.0,2.0100346594626313,1.8405980804784299,0.1694365789842014,0.1694365789842014,1.0,WITHIN_ONE_ORDER,,
R018@2026-07-19 11:00:00,R018,2026-07-19 11:00:00,1.0,2.1637868476010693,2.256083310627691,-0.09229646302662164,0.09229646302662164,1.0,WITHIN_ONE_ORDER,,
R004@2026-07-19 16:00:00,R004,2026-07-19 16:00:00,2.0,2.38472222946477,2.1999183766730375,0.1848038527917324,0.1848038527917324,1.0,WITHIN_ONE_ORDER,,
R015@2026-07-19 20:00:00,R015,2026-07-19 20:00:00,6.0,4.9127771319878155,5.164646428599287,-0.2518692966114715,0.2518692966114715,1.0,WITHIN_ONE_ORDER,,
R025@2026-07-20 00:00:00,R025,2026-07-20 00:00:00,0.0,0.42772145256031485,0.360939546439705,0.06678190612060986,0.06678190612060986,1.0,WITHIN_ONE_ORDER,,
R011@2026-07-20 05:00:00,R011,2026-07-20 05:00:00,0.0,0.41756073827460055,0.44349586133461677,-0.02593512306001622,0.02593512306001622,1.0,WITHIN_ONE_ORDER,,
R021@2026-07-20 09:00:00,R021,2026-07-20 09:00:00,5.0,1.7500418700565328,1.7786493527040466,-0.028607482647513782,0.028607482647513782,1.0,WITHIN_ONE_ORDER,,
R007@2026-07-20 14:00:00,R007,2026-07-20 14:00:00,1.0,2.8230341640793353,2.807163275217258,0.015870888862077326,0.015870888862077326,1.0,WITHIN_ONE_ORDER,,
R018@2026-07-20 18:00:00,R018,2026-07-20 18:00:00,3.0,4.017290148887033,4.153491221658852,-0.1362010727718186,0.1362010727718186,1.0,WITHIN_ONE_ORDER,,
R003@2026-07-20 23:00:00,R003,2026-07-20 23:00:00,2.0,0.6384650359989094,0.6599841344311452,-0.021519098432235872,0.021519098432235872,1.0,WITHIN_ONE_ORDER,,
R014@2026-07-21 03:00:00,R014,2026-07-21 03:00:00,1.0,0.2044487252875875,0.21426230520236,-0.009813579914772497,0.009813579914772497,1.0,WITHIN_ONE_ORDER,,
R025@2026-07-21 07:00:00,R025,2026-07-21 07:00:00,4.0,1.7804966293515088,1.5066671831133573,0.2738294462381514,0.2738294462381514,1.0,WITHIN_ONE_ORDER,,
R010@2026-07-21 12:00:00,R010,2026-07-21 12:00:00,3.0,3.331577206934506,3.3268834072444866,0.0046937996900195955,0.0046937996900195955,1.0,WITHIN_ONE_ORDER,,
R021@2026-07-21 16:00:00,R021,2026-07-21 16:00:00,1.0,1.799904756132366,1.7655437179475566,0.0343610381848094,0.0343610381848094,1.0,WITHIN_ONE_ORDER,,
R006@2026-07-21 21:00:00,R006,2026-07-21 21:00:00,1.0,2.119093182214939,2.165658055305692,-0.04656487309075308,0.04656487309075308,1.0,WITHIN_ONE_ORDER,,
R017@2026-07-22 01:00:00,R017,2026-07-22 01:00:00,1.0,0.2044487252875875,0.23006013000872327,-0.025611404721135766,0.025611404721135766,1.0,WITHIN_ONE_ORDER,,
R003@2026-07-22 06:00:00,R003,2026-07-22 06:00:00,1.0,0.8296523447727954,0.7458423783867371,0.08380996638605831,0.08380996638605831,1.0,WITHIN_ONE_ORDER,,
R013@2026-07-22 10:00:00,R013,2026-07-22 10:00:00,2.0,1.4140999726599115,1.3183771319454232,0.09572284071448833,0.09572284071448833,1.0,WITHIN_ONE_ORDER,,
R024@2026-07-22 14:00:00,R024,2026-07-22 14:00:00,5.0,3.0648748452835686,2.9208117068580917,0.1440631384254769,0.1440631384254769,1.0,WITHIN_ONE_ORDER,,
R010@2026-07-22 19:00:00,R010,2026-07-22 19:00:00,5.0,4.221934118834794,4.129750406061557,0.09218371277323634,0.09218371277323634,1.0,WITHIN_ONE_ORDER,,
R020@2026-07-22 23:00:00,R020,2026-07-22 23:00:00,1.0,0.6384650359989094,0.7959240663614036,-0.1574590303624942,0.1574590303624942,1.0,WITHIN_ONE_ORDER,,
R006@2026-07-23 04:00:00,R006,2026-07-23 04:00:00,0.0,0.2044487252875875,0.2167320699627278,-0.012283344675140306,0.012283344675140306,1.0,WITHIN_ONE_ORDER,,
R016@2026-07-23 08:00:00,R016,2026-07-23 08:00:00,7.0,2.082442518412823,2.2173319643144596,-0.13488944590163676,0.13488944590163676,1.0,WITHIN_ONE_ORDER,,
R002@2026-07-23 13:00:00,R002,2026-07-23 13:00:00,6.0,3.5692638151427016,3.644994226230105,-0.0757304110874033,0.0757304110874033,1.0,WITHIN_ONE_ORDER,,
R013@2026-07-23 17:00:00,R013,2026-07-23 17:00:00,8.0,2.80561173637594,2.7140754239620417,0.09153631241389837,0.09153631241389837,1.0,WITHIN_ONE_ORDER,,
R023@2026-07-23 21:00:00,R023,2026-07-23 21:00:00,2.0,2.3100124617731783,2.1474933733986648,0.16251908837451357,0.16251908837451357,1.0,WITHIN_ONE_ORDER,,
R009@2026-07-24 02:00:00,R009,2026-07-24 02:00:00,0.0,0.2044487252875875,0.2146773579406404,-0.010228632653052905,0.010228632653052905,1.0,WITHIN_ONE_ORDER,,
R019@2026-07-24 06:00:00,R019,2026-07-24 06:00:00,2.0,0.8296523447727954,0.8725323719632456,-0.042880027190450254,0.042880027190450254,1.0,WITHIN_ONE_ORDER,,
R005@2026-07-24 11:00:00,R005,2026-07-24 11:00:00,1.0,1.4832757526612064,1.7591134501009678,-0.2758376974397614,0.2758376974397614,1.0,WITHIN_ONE_ORDER,,
R016@2026-07-24 15:00:00,R016,2026-07-24 15:00:00,1.0,1.799904756132366,1.781443009910871,0.0184617462214951,0.0184617462214951,1.0,WITHIN_ONE_ORDER,,
R001@2026-07-24 20:00:00,R001,2026-07-24 20:00:00,2.0,4.030452136943113,3.7787064201101948,0.25174571683291846,0.25174571683291846,1.0,WITHIN_ONE_ORDER,,
R012@2026-07-25 00:00:00,R012,2026-07-25 00:00:00,2.0,0.5276587016003613,0.6673703036060814,-0.13971160200572008,0.13971160200572008,1.0,WITHIN_ONE_ORDER,,
R023@2026-07-25 04:00:00,R023,2026-07-25 04:00:00,0.0,0.2682918111892544,0.32662380821429526,-0.05833199702504088,0.05833199702504088,1.0,WITHIN_ONE_ORDER,,
R008@2026-07-25 09:00:00,R008,2026-07-25 09:00:00,1.0,2.124465718603728,2.082804761082241,0.0416609575214868,0.0416609575214868,1.0,WITHIN_ONE_ORDER,,
R019@2026-07-25 13:00:00,R019,2026-07-25 13:00:00,2.0,4.364797074208902,4.6515020797715625,-0.2867050055626601,0.2867050055626601,1.0,WITHIN_ONE_ORDER,,
R004@2026-07-25 18:00:00,R004,2026-07-25 18:00:00,7.0,5.015042859510128,5.175976720956364,-0.16093386144623612,0.16093386144623612,1.0,WITHIN_ONE_ORDER,,
R015@2026-07-25 22:00:00,R015,2026-07-25 22:00:00,3.0,1.4791105816773749,1.768468652183918,-0.28935807050654305,0.28935807050654305,1.0,WITHIN_ONE_ORDER,,
R001@2026-07-26 03:00:00,R001,2026-07-26 03:00:00,0.0,0.26889042248262207,0.2790415335465505,-0.010151111063928409,0.010151111063928409,1.0,WITHIN_ONE_ORDER,,
R011@2026-07-26 07:00:00,R011,2026-07-26 07:00:00,1.0,1.9807476286094203,1.9599947069010508,0.02075292170836951,0.02075292170836951,1.0,WITHIN_ONE_ORDER,,
R022@2026-07-26 11:00:00,R022,2026-07-26 11:00:00,1.0,2.1930738784542805,2.457427361342021,-0.26435348288774074,0.26435348288774074,1.0,WITHIN_ONE_ORDER,,
R008@2026-07-26 16:00:00,R008,2026-07-26 16:00:00,4.0,2.228293331516511,2.13515381585443,0.0931395156620809,0.0931395156620809,1.0,WITHIN_ONE_ORDER,,
R018@2026-07-26 20:00:00,R018,2026-07-26 20:00:00,5.0,4.5582019331700625,5.228862003718102,-0.6706600705480392,0.6706600705480392,1.0,WITHIN_ONE_ORDER,,
R004@2026-07-27 01:00:00,R004,2026-07-27 01:00:00,0.0,0.2044487252875875,0.21852294362191865,-0.014074218334331146,0.014074218334331146,1.0,WITHIN_ONE_ORDER,,
R014@2026-07-27 05:00:00,R014,2026-07-27 05:00:00,0.0,0.41756073827460055,0.42235671474189135,-0.004795976467290797,0.004795976467290797,1.0,WITHIN_ONE_ORDER,,
R025@2026-07-27 09:00:00,R025,2026-07-27 09:00:00,0.0,1.7500418700565328,1.8282226805365547,-0.0781808104800219,0.0781808104800219,1.0,WITHIN_ONE_ORDER,,
R011@2026-07-27 14:00:00,R011,2026-07-27 14:00:00,5.0,2.8207041378236584,2.8964877506762794,-0.07578361285262103,0.07578361285262103,1.0,WITHIN_ONE_ORDER,,
R021@2026-07-27 18:00:00,R021,2026-07-27 18:00:00,1.0,4.017290148887033,3.9868401428910367,0.030450005995996676,0.030450005995996676,1.0,WITHIN_ONE_ORDER,,
R007@2026-07-27 23:00:00,R007,2026-07-27 23:00:00,0.0,0.6384650359989094,0.6640082784141624,-0.025543242415253076,0.025543242415253076,1.0,WITHIN_ONE_ORDER,,
R017@2026-07-28 03:00:00,R017,2026-07-28 03:00:00,0.0,0.2044487252875875,0.23071289438782827,-0.026264169100240764,0.026264169100240764,1.0,WITHIN_ONE_ORDER,,
R003@2026-07-28 08:00:00,R003,2026-07-28 08:00:00,2.0,1.9829930884341778,2.2101908786138784,-0.22719779017970065,0.22719779017970065,1.0,WITHIN_ONE_ORDER,,
R014@2026-07-28 12:00:00,R014,2026-07-28 12:00:00,3.0,3.2871463655581787,3.380978884474588,-0.09383251891640931,0.09383251891640931,1.0,WITHIN_ONE_ORDER,,
R024@2026-07-28 16:00:00,R024,2026-07-28 16:00:00,2.0,1.799904756132366,1.802353527938294,-0.0024487718059280628,0.0024487718059280628,1.0,WITHIN_ONE_ORDER,,
R010@2026-07-28 21:00:00,R010,2026-07-28 21:00:00,5.0,2.3100124617731783,2.1492169151811726,0.16079554659200568,0.16079554659200568,1.0,WITHIN_ONE_ORDER,,
R021@2026-07-29 01:00:00,R021,2026-07-29 01:00:00,0.0,0.2044487252875875,0.22121628451038883,-0.01676755922280132,0.01676755922280132,1.0,WITHIN_ONE_ORDER,,
R006@2026-07-29 06:00:00,R006,2026-07-29 06:00:00,1.0,0.8296523447727954,0.8385356370227862,-0.008883292249990848,0.008883292249990848,1.0,WITHIN_ONE_ORDER,,
R017@2026-07-29 10:00:00,R017,2026-07-29 10:00:00,0.0,1.4140999726599115,1.2822911900642413,0.1318087825956702,0.1318087825956702,1.0,WITHIN_ONE_ORDER,,
R002@2026-07-29 15:00:00,R002,2026-07-29 15:00:00,4.0,1.799904756132366,1.7480227933209345,0.05188196281143154,0.05188196281143154,1.0,WITHIN_ONE_ORDER,,
R013@2026-07-29 19:00:00,R013,2026-07-29 19:00:00,3.0,3.5378872295639443,4.059390855464384,-0.52150362590044,0.52150362590044,1.0,WITHIN_ONE_ORDER,,
R024@2026-07-29 23:00:00,R024,2026-07-29 23:00:00,0.0,0.6384650359989094,0.6432494028432391,-0.004784366844329702,0.004784366844329702,1.0,WITHIN_ONE_ORDER,,
R009@2026-07-30 04:00:00,R009,2026-07-30 04:00:00,0.0,0.2044487252875875,0.2243187117155537,-0.019869986427966196,0.019869986427966196,1.0,WITHIN_ONE_ORDER,,
R020@2026-07-30 08:00:00,R020,2026-07-30 08:00:00,2.0,2.249523914009605,2.234505716683218,0.015018197326386762,0.015018197326386762,1.0,WITHIN_ONE_ORDER,,
R006@2026-07-30 13:00:00,R006,2026-07-30 13:00:00,6.0,3.5692638151427016,3.611342300931554,-0.042078485788852316,0.042078485788852316,1.0,WITHIN_ONE_ORDER,,
R016@2026-07-30 17:00:00,R016,2026-07-30 17:00:00,3.0,3.231619444625385,2.721356547548514,0.510262897076871,0.510262897076871,1.0,WITHIN_ONE_ORDER,,
R002@2026-07-30 22:00:00,R002,2026-07-30 22:00:00,0.0,0.798597509135857,1.4347273159016947,-0.6361298067658376,0.6361298067658376,1.0,WITHIN_ONE_ORDER,,
R012@2026-07-31 02:00:00,R012,2026-07-31 02:00:00,0.0,0.2044487252875875,0.21715616596284454,-0.012707440675257031,0.012707440675257031,1.0,WITHIN_ONE_ORDER,,
R023@2026-07-31 06:00:00,R023,2026-07-31 06:00:00,3.0,0.7238516693221198,0.8342772018506098,-0.11042553252849008,0.11042553252849008,1.0,WITHIN_ONE_ORDER,,
R009@2026-07-31 11:00:00,R009,2026-07-31 11:00:00,0.0,1.6788021023317117,1.6265288288688438,0.05227327346286792,0.05227327346286792,1.0,WITHIN_ONE_ORDER,,
R019@2026-07-31 15:00:00,R019,2026-07-31 15:00:00,0.0,1.9515740330266047,1.7931721030274734,0.15840192999913127,0.15840192999913127,1.0,WITHIN_ONE_ORDER,,
R005@2026-07-31 20:00:00,R005,2026-07-31 20:00:00,5.0,4.017914639613575,3.8655320814373773,0.1523825581761975,0.1523825581761975,1.0,WITHIN_ONE_ORDER,,
R015@2026-08-01 00:00:00,R015,2026-08-01 00:00:00,1.0,0.5203175368160871,0.47269917136530815,0.04761836545077891,0.04761836545077891,1.0,WITHIN_ONE_ORDER,,
R001@2026-08-01 05:00:00,R001,2026-08-01 05:00:00,0.0,0.5828272204082895,0.5855307704280068,-0.002703550019717338,0.002703550019717338,1.0,WITHIN_ONE_ORDER,,
R012@2026-08-01 09:00:00,R012,2026-08-01 09:00:00,4.0,2.1193496778369596,2.2913256226190195,-0.1719759447820599,0.1719759447820599,1.0,WITHIN_ONE_ORDER,,
R022@2026-08-01 13:00:00,R022,2026-08-01 13:00:00,3.0,4.413251546308577,4.655052617224621,-0.2418010709160443,0.2418010709160443,1.0,WITHIN_ONE_ORDER,,
R008@2026-08-01 18:00:00,R008,2026-08-01 18:00:00,10.0,4.991284276732288,4.914029210256005,0.07725506647628322,0.07725506647628322,1.0,WITHIN_ONE_ORDER,,
R019@2026-08-01 22:00:00,R019,2026-08-01 22:00:00,1.0,1.411693045649704,1.334389922781105,0.0773031228685992,0.0773031228685992,1.0,WITHIN_ONE_ORDER,,
R004@2026-08-02 03:00:00,R004,2026-08-02 03:00:00,0.0,0.26640603466208534,0.25867669300464036,0.007729341657444988,0.007729341657444988,1.0,WITHIN_ONE_ORDER,,
R015@2026-08-02 07:00:00,R015,2026-08-02 07:00:00,2.0,1.9620110270816933,1.9597904885389337,0.002220538542759609,0.002220538542759609,1.0,WITHIN_ONE_ORDER,,
R025@2026-08-02 11:00:00,R025,2026-08-02 11:00:00,3.0,2.1428999663878976,2.2900107324754417,-0.14711076608754414,0.14711076608754414,1.0,WITHIN_ONE_ORDER,,
R011@2026-08-02 16:00:00,R011,2026-08-02 16:00:00,4.0,2.384166629051142,2.197917750286651,0.18624887876449092,0.18624887876449092,1.0,WITHIN_ONE_ORDER,,
R022@2026-08-02 20:00:00,R022,2026-08-02 20:00:00,8.0,4.8672779723216735,5.085052236642851,-0.21777426432117775,0.21777426432117775,1.0,WITHIN_ONE_ORDER,,
R007@2026-08-03 01:00:00,R007,2026-08-03 01:00:00,0.0,0.20196433746705078,0.2389244952195142,-0.03696015775246342,0.03696015775246342,1.0,WITHIN_ONE_ORDER,,
R018@2026-08-03 05:00:00,R018,2026-08-03 05:00:00,0.0,0.41507635045406377,0.41279382663540226,0.0022825238186615082,0.0022825238186615082,1.0,WITHIN_ONE_ORDER,,
R004@2026-08-03 10:00:00,R004,2026-08-03 10:00:00,0.0,1.3953633711321842,1.2507252845181,0.14463808661408417,0.14463808661408417,1.0,WITHIN_ONE_ORDER,,
R014@2026-08-03 14:00:00,R014,2026-08-03 14:00:00,3.0,2.8104281892254552,2.7208352062448533,0.08959298298060192,0.08959298298060192,1.0,WITHIN_ONE_ORDER,,
R025@2026-08-03 18:00:00,R025,2026-08-03 18:00:00,3.0,4.004684174033153,3.9415693160263316,0.0631148580068217,0.0631148580068217,1.0,WITHIN_ONE_ORDER,,
R010@2026-08-03 23:00:00,R010,2026-08-03 23:00:00,1.0,0.6197284344711821,0.6734914070948966,-0.053762972623714544,0.053762972623714544,1.0,WITHIN_ONE_ORDER,,
R021@2026-08-04 03:00:00,R021,2026-08-04 03:00:00,0.0,0.20196433746705078,0.22154092036005477,-0.019576582893003985,0.019576582893003985,1.0,WITHIN_ONE_ORDER,,
R007@2026-08-04 08:00:00,R007,2026-08-04 08:00:00,2.0,2.236917939155725,2.1884125138411306,0.04850542531459423,0.04850542531459423,1.0,WITHIN_ONE_ORDER,,
R017@2026-08-04 12:00:00,R017,2026-08-04 12:00:00,1.0,3.2745403907042987,3.199288548315828,0.07525184238847071,0.07525184238847071,1.0,WITHIN_ONE_ORDER,,
R003@2026-08-04 17:00:00,R003,2026-08-04 17:00:00,2.0,2.8110585103452697,2.790046176008228,0.02101233433704186,0.02101233433704186,1.0,WITHIN_ONE_ORDER,,
R013@2026-08-04 21:00:00,R013,2026-08-04 21:00:00,6.0,1.991154253832196,2.2343928128553765,-0.24323855902318048,0.24323855902318048,1.0,WITHIN_ONE_ORDER,,
R024@2026-08-05 01:00:00,R024,2026-08-05 01:00:00,0.0,0.20196433746705078,0.2122780073913077,-0.010313669924256919,0.010313669924256919,1.0,WITHIN_ONE_ORDER,,
R010@2026-08-05 06:00:00,R010,2026-08-05 06:00:00,1.0,0.8271679569522586,0.8117800609512134,0.015387896001045287,0.015387896001045287,1.0,WITHIN_ONE_ORDER,,
R020@2026-08-05 10:00:00,R020,2026-08-05 10:00:00,0.0,1.1322045163820311,1.4012920862584857,-0.26908756987645455,0.26908756987645455,1.0,WITHIN_ONE_ORDER,,
R006@2026-08-05 15:00:00,R006,2026-08-05 15:00:00,2.0,1.8167182672810696,1.7356731768859326,0.08104509039513697,0.08104509039513697,1.0,WITHIN_ONE_ORDER,,
R017@2026-08-05 19:00:00,R017,2026-08-05 19:00:00,4.0,4.008492372331542,4.10344595153623,-0.09495357920468805,0.09495357920468805,1.0,WITHIN_ONE_ORDER,,
R002@2026-08-06 00:00:00,R002,2026-08-06 00:00:00,0.0,0.42523706473977807,0.3420044263929286,0.08323263834684946,0.08323263834684946,1.0,WITHIN_ONE_ORDER,,
R013@2026-08-06 04:00:00,R013,2026-08-06 04:00:00,0.0,0.20196433746705078,0.22651162920387574,-0.02454729173682496,0.02454729173682496,1.0,WITHIN_ONE_ORDER,,
R023@2026-08-06 08:00:00,R023,2026-08-06 08:00:00,1.0,2.0637059168850955,2.2395219027172075,-0.175815985832112,0.175815985832112,1.0,WITHIN_ONE_ORDER,,
R009@2026-08-06 13:00:00,R009,2026-08-06 13:00:00,6.0,3.605416841618851,3.636011726482421,-0.030594884863570204,0.030594884863570204,1.0,WITHIN_ONE_ORDER,,
R020@2026-08-06 17:00:00,R020,2026-08-06 17:00:00,1.0,2.79300576152206,2.7119750864496703,0.0810306750723897,0.0810306750723897,1.0,WITHIN_ONE_ORDER,,
R005@2026-08-06 22:00:00,R005,2026-08-06 22:00:00,0.0,1.0695862646101344,0.9986695796836236,0.07091668492651082,0.07091668492651082,1.0,WITHIN_ONE_ORDER,,
R016@2026-08-07 02:00:00,R016,2026-08-07 02:00:00,1.0,0.20196433746705078,0.22173213075617623,-0.01976779328912545,0.01976779328912545,1.0,WITHIN_ONE_ORDER,,
R002@2026-08-07 07:00:00,R002,2026-08-07 07:00:00,1.0,1.662310597845137,1.4774939870807458,0.18481661076439115,0.18481661076439115,1.0,WITHIN_ONE_ORDER,,
R012@2026-08-07 11:00:00,R012,2026-08-07 11:00:00,0.0,1.6600655008039844,1.7206940753785864,-0.06062857457460202,0.06062857457460202,1.0,WITHIN_ONE_ORDER,,
R023@2026-08-07 15:00:00,R023,2026-08-07 15:00:00,4.0,1.8093444824139138,1.7487280631167308,0.06061641929718298,0.06061641929718298,1.0,WITHIN_ONE_ORDER,,
R008@2026-08-07 20:00:00,R008,2026-08-07 20:00:00,4.0,3.69180578386231,3.7236961359706613,-0.03189035210835112,0.03189035210835112,1.0,WITHIN_ONE_ORDER,,
R019@2026-08-08 00:00:00,R019,2026-08-08 00:00:00,1.0,0.49017786011225795,0.5578534782616797,-0.0676756181494218,0.0676756181494218,1.0,WITHIN_ONE_ORDER,,
R005@2026-08-08 05:00:00,R005,2026-08-08 05:00:00,0.0,0.5828272204082895,0.5612762226540157,0.021550997754273826,0.021550997754273826,1.0,WITHIN_ONE_ORDER,,
R015@2026-08-08 09:00:00,R015,2026-08-08 09:00:00,2.0,2.0609458397065707,2.243951117071669,-0.18300527736509808,0.18300527736509808,1.0,WITHIN_ONE_ORDER,,
R001@2026-08-08 14:00:00,R001,2026-08-08 14:00:00,4.0,3.6158803077404076,3.7440460548099432,-0.12816574706953565,0.12816574706953565,1.0,WITHIN_ONE_ORDER,,
R011@2026-08-08 18:00:00,R011,2026-08-08 18:00:00,5.0,5.007750527933339,4.868924275517513,0.1388262524158268,0.1388262524158268,1.0,WITHIN_ONE_ORDER,,
R022@2026-08-08 22:00:00,R022,2026-08-08 22:00:00,3.0,1.411693045649704,1.3812961117617764,0.030396933887927746,0.030396933887927746,1.0,WITHIN_ONE_ORDER,,
R008@2026-08-09 03:00:00,R008,2026-08-09 03:00:00,0.0,0.26640603466208534,0.25570206034173953,0.01070397432034581,0.01070397432034581,1.0,WITHIN_ONE_ORDER,,
R018@2026-08-09 07:00:00,R018,2026-08-09 07:00:00,2.0,2.0270027836595617,1.787447174533931,0.23955560912563056,0.23955560912563056,1.0,WITHIN_ONE_ORDER,,
R004@2026-08-09 12:00:00,R004,2026-08-09 12:00:00,2.0,4.34556702115007,4.077375981805936,0.268191039344134,0.268191039344134,1.0,WITHIN_ONE_ORDER,,
R015@2026-08-09 16:00:00,R015,2026-08-09 16:00:00,2.0,2.4613317808381208,2.2481149111797696,0.21321686965835118,0.21321686965835118,1.0,WITHIN_ONE_ORDER,,
R025@2026-08-09 20:00:00,R025,2026-08-09 20:00:00,5.0,4.987834028866015,5.031410532711312,-0.04357650384529688,0.04357650384529688,1.0,WITHIN_ONE_ORDER,,
R011@2026-08-10 01:00:00,R011,2026-08-10 01:00:00,0.0,0.20196433746705078,0.22195161485558462,-0.01998727738853384,0.01998727738853384,1.0,WITHIN_ONE_ORDER,,
R021@2026-08-10 05:00:00,R021,2026-08-10 05:00:00,1.0,0.41507635045406377,0.384146868796355,0.030929481657708757,0.030929481657708757,1.0,WITHIN_ONE_ORDER,,
R007@2026-08-10 10:00:00,R007,2026-08-10 10:00:00,5.0,1.3953633711321842,1.3153190564065131,0.08004431472567108,0.08004431472567108,1.0,WITHIN_ONE_ORDER,,
R018@2026-08-10 14:00:00,R018,2026-08-10 14:00:00,2.0,2.8104281892254552,2.728565243449469,0.08186294577598607,0.08186294577598607,1.0,WITHIN_ONE_ORDER,,
R003@2026-08-10 19:00:00,R003,2026-08-10 19:00:00,2.0,4.209328143980914,4.256690676647876,-0.047362532666962665,0.047362532666962665,1.0,WITHIN_ONE_ORDER,,
R014@2026-08-10 23:00:00,R014,2026-08-10 23:00:00,0.0,0.6197284344711821,0.7200484324618871,-0.10031999799070501,0.10031999799070501,1.0,WITHIN_ONE_ORDER,,
R025@2026-08-11 03:00:00,R025,2026-08-11 03:00:00,0.0,0.20196433746705078,0.25536459438568765,-0.05340025691863687,0.05340025691863687,1.0,WITHIN_ONE_ORDER,,
R010@2026-08-11 08:00:00,R010,2026-08-11 08:00:00,3.0,1.9642564869064505,2.1638964599300525,-0.19963997302360204,0.19963997302360204,1.0,WITHIN_ONE_ORDER,,
R021@2026-08-11 12:00:00,R021,2026-08-11 12:00:00,6.0,3.312840605406779,3.3535177075958393,-0.0406771021890604,0.0406771021890604,1.0,WITHIN_ONE_ORDER,,
R006@2026-08-11 17:00:00,R006,2026-08-11 17:00:00,4.0,2.8110585103452697,2.901117109898663,-0.09005859955339313,0.09005859955339313,1.0,WITHIN_ONE_ORDER,,
R017@2026-08-11 21:00:00,R017,2026-08-11 21:00:00,1.0,2.291275860245451,2.162283863827083,0.1289919964183679,0.1289919964183679,1.0,WITHIN_ONE_ORDER,,
R003@2026-08-12 02:00:00,R003,2026-08-12 02:00:00,0.0,0.20196433746705078,0.22343537845492695,-0.021471040987876167,0.021471040987876167,1.0,WITHIN_ONE_ORDER,,
R013@2026-08-12 06:00:00,R013,2026-08-12 06:00:00,0.0,0.8271679569522586,0.7822687768702169,0.044899180082041745,0.044899180082041745,1.0,WITHIN_ONE_ORDER,,
R024@2026-08-12 10:00:00,R024,2026-08-12 10:00:00,1.0,1.3953633711321842,1.28513626092876,0.11022711020342424,0.11022711020342424,1.0,WITHIN_ONE_ORDER,,
R009@2026-08-12 15:00:00,R009,2026-08-12 15:00:00,1.0,1.9143931797647582,1.8159810048626372,0.09841217490212095,0.09841217490212095,1.0,WITHIN_ONE_ORDER,,
R020@2026-08-12 19:00:00,R020,2026-08-12 19:00:00,2.0,4.209328143980914,4.295758652016159,-0.08643050803524499,0.08643050803524499,1.0,WITHIN_ONE_ORDER,,
R006@2026-08-13 00:00:00,R006,2026-08-13 00:00:00,1.0,0.42523706473977807,0.4450307884727892,-0.019793723733011137,0.019793723733011137,1.0,WITHIN_ONE_ORDER,,
R016@2026-08-13 04:00:00,R016,2026-08-13 04:00:00,0.0,0.20196433746705078,0.22405499668193968,-0.022090659214888897,0.022090659214888897,1.0,WITHIN_ONE_ORDER,,
R002@2026-08-13 09:00:00,R002,2026-08-13 09:00:00,0.0,1.7313052685288055,1.7673526601240137,-0.0360473915952082,0.0360473915952082,1.0,WITHIN_ONE_ORDER,,
R013@2026-08-13 13:00:00,R013,2026-08-13 13:00:00,9.0,3.660542772671484,3.607032380750573,0.053510391920911005,0.053510391920911005,1.0,WITHIN_ONE_ORDER,,
R023@2026-08-13 17:00:00,R023,2026-08-13 17:00:00,1.0,2.7659347346613274,2.7797060801686366,-0.013771345507309185,0.013771345507309185,1.0,WITHIN_ONE_ORDER,,
R009@2026-08-13 22:00:00,R009,2026-08-13 22:00:00,1.0,1.0695862646101344,1.0312400215618989,0.03834624304823553,0.03834624304823553,1.0,WITHIN_ONE_ORDER,,
R019@2026-08-14 02:00:00,R019,2026-08-14 02:00:00,0.0,0.20196433746705078,0.23328208363193217,-0.031317746164881394,0.031317746164881394,1.0,WITHIN_ONE_ORDER,,
R005@2026-08-14 07:00:00,R005,2026-08-14 07:00:00,1.0,1.7617600278237815,1.5487560412865546,0.21300398653722685,0.21300398653722685,1.0,WITHIN_ONE_ORDER,,
R016@2026-08-14 11:00:00,R016,2026-08-14 11:00:00,2.0,1.6600655008039844,1.74433766327009,-0.08427216246610558,0.08427216246610558,1.0,WITHIN_ONE_ORDER,,
R001@2026-08-14 16:00:00,R001,2026-08-14 16:00:00,0.0,1.7811681546046385,1.7597838925807683,0.021384262023870226,0.021384262023870226,1.0,WITHIN_ONE_ORDER,,
R012@2026-08-14 20:00:00,R012,2026-08-14 20:00:00,3.0,4.017846162089233,3.7853359609926875,0.23251020109654563,0.23251020109654563,1.0,WITHIN_ONE_ORDER,,
R023@2026-08-15 00:00:00,R023,2026-08-15 00:00:00,0.0,0.5203175368160871,0.6439543440373783,-0.12363680722129122,0.12363680722129122,1.0,WITHIN_ONE_ORDER,,
R008@2026-08-15 05:00:00,R008,2026-08-15 05:00:00,0.0,0.5828272204082895,0.5246063570376791,0.05822086337061039,0.05822086337061039,1.0,WITHIN_ONE_ORDER,,
R019@2026-08-15 09:00:00,R019,2026-08-15 09:00:00,1.0,2.1744162304926635,2.114728034927587,0.05968819556507654,0.05968819556507654,1.0,WITHIN_ONE_ORDER,,
R004@2026-08-15 14:00:00,R004,2026-08-15 14:00:00,5.0,3.2344638371113725,3.6269439610750993,-0.3924801239637268,0.3924801239637268,1.0,WITHIN_ONE_ORDER,,
R015@2026-08-15 18:00:00,R015,2026-08-15 18:00:00,3.0,4.886906974320571,5.1918866646177815,-0.30497969029721084,0.30497969029721084,1.0,WITHIN_ONE_ORDER,,
R001@2026-08-15 23:00:00,R001,2026-08-15 23:00:00,1.0,0.7708291199428713,0.8121509773829741,-0.04132185744010286,0.04132185744010286,1.0,WITHIN_ONE_ORDER,,
R011@2026-08-16 03:00:00,R011,2026-08-16 03:00:00,1.0,0.26640603466208534,0.2848895625415707,-0.018483527879485373,0.018483527879485373,1.0,WITHIN_ONE_ORDER,,
R022@2026-08-16 07:00:00,R022,2026-08-16 07:00:00,3.0,1.9912980579349044,1.9319530913035716,0.05934496663133282,0.05934496663133282,1.0,WITHIN_ONE_ORDER,,
R007@2026-08-16 12:00:00,R007,2026-08-16 12:00:00,3.0,4.168819201167085,4.194735561680139,-0.02591636051305457,0.02591636051305457,1.0,WITHIN_ONE_ORDER,,
R018@2026-08-16 16:00:00,R018,2026-08-16 16:00:00,2.0,2.1097640160300553,2.19074151723638,-0.08097750120632474,0.08097750120632474,1.0,WITHIN_ONE_ORDER,,
R004@2026-08-16 21:00:00,R004,2026-08-16 21:00:00,3.0,2.6881677499324095,2.7897493648145115,-0.10158161488210204,0.10158161488210204,1.0,WITHIN_ONE_ORDER,,
R014@2026-08-17 01:00:00,R014,2026-08-17 01:00:00,0.0,0.20196433746705078,0.21733315246738324,-0.015368815000332464,0.015368815000332464,1.0,WITHIN_ONE_ORDER,,
R025@2026-08-17 05:00:00,R025,2026-08-17 05:00:00,0.0,0.41507635045406377,0.4271905826115276,-0.012114232157463822,0.012114232157463822,1.0,WITHIN_ONE_ORDER,,
R011@2026-08-17 10:00:00,R011,2026-08-17 10:00:00,0.0,1.3953633711321842,1.2517939611053097,0.1435694100268745,0.1435694100268745,1.0,WITHIN_ONE_ORDER,,
R021@2026-08-17 14:00:00,R021,2026-08-17 14:00:00,3.0,2.664971061989353,2.9004855005827315,-0.23551443859337828,0.23551443859337828,1.0,WITHIN_ONE_ORDER,,
R007@2026-08-17 19:00:00,R007,2026-08-17 19:00:00,7.0,4.209328143980914,4.256690676647876,-0.047362532666962665,0.047362532666962665,1.0,WITHIN_ONE_ORDER,,
R017@2026-08-17 23:00:00,R017,2026-08-17 23:00:00,0.0,0.6197284344711821,0.6464198916481259,-0.026691457176943767,0.026691457176943767,1.0,WITHIN_ONE_ORDER,,
R003@2026-08-18 04:00:00,R003,2026-08-18 04:00:00,0.0,0.20196433746705078,0.20727315990041123,-0.0053088224333604495,0.0053088224333604495,1.0,WITHIN_ONE_ORDER,,
R014@2026-08-18 08:00:00,R014,2026-08-18 08:00:00,1.0,2.0637059168850955,2.1931254237893665,-0.12941950690427095,0.12941950690427095,1.0,WITHIN_ONE_ORDER,,
R024@2026-08-18 12:00:00,R024,2026-08-18 12:00:00,4.0,3.2745403907042987,3.280464891017716,-0.00592450031341718,0.00592450031341718,1.0,WITHIN_ONE_ORDER,,
R010@2026-08-18 17:00:00,R010,2026-08-18 17:00:00,0.0,3.2128828430976575,2.85577927623756,0.3571035668600975,0.3571035668600975,1.0,WITHIN_ONE_ORDER,,
R021@2026-08-18 21:00:00,R021,2026-08-18 21:00:00,2.0,1.970891775597119,2.048944681290449,-0.07805290569333012,0.07805290569333012,1.0,WITHIN_ONE_ORDER,,
R006@2026-08-19 02:00:00,R006,2026-08-19 02:00:00,1.0,0.20196433746705078,0.21111519380781898,-0.009150856340768204,0.009150856340768204,1.0,WITHIN_ONE_ORDER,,
R017@2026-08-19 06:00:00,R017,2026-08-19 06:00:00,2.0,0.7274979081754303,0.9278244688281255,-0.20032656065269527,0.20032656065269527,1.0,WITHIN_ONE_ORDER,,
R002@2026-08-19 11:00:00,R002,2026-08-19 11:00:00,3.0,1.6600655008039844,1.7446718793899005,-0.08460637858591613,0.08460637858591613,1.0,WITHIN_ONE_ORDER,,
R013@2026-08-19 15:00:00,R013,2026-08-19 15:00:00,3.0,1.9328374314988777,1.7264960508271305,0.20634138067174712,0.20634138067174712,1.0,WITHIN_ONE_ORDER,,
R024@2026-08-19 19:00:00,R024,2026-08-19 19:00:00,5.0,4.209328143980914,4.311707974722362,-0.10237983074144807,0.10237983074144807,1.0,WITHIN_ONE_ORDER,,
R009@2026-08-20 00:00:00,R009,2026-08-20 00:00:00,0.0,0.42523706473977807,0.42104530195180423,0.004191762787973841,0.004191762787973841,1.0,WITHIN_ONE_ORDER,,
R020@2026-08-20 04:00:00,R020,2026-08-20 04:00:00,0.0,0.20196433746705078,0.2270232176750831,-0.02505888020803232,0.02505888020803232,1.0,WITHIN_ONE_ORDER,,
R005@2026-08-20 09:00:00,R005,2026-08-20 09:00:00,3.0,1.7313052685288055,1.7466964007641281,-0.015391132235322624,0.015391132235322624,1.0,WITHIN_ONE_ORDER,,
R016@2026-08-20 13:00:00,R016,2026-08-20 13:00:00,2.0,3.556657840288822,3.567740974594571,-0.01108313430574892,0.01108313430574892,1.0,WITHIN_ONE_ORDER,,
R002@2026-08-20 18:00:00,R002,2026-08-20 18:00:00,4.0,3.456600884598216,3.8835904059694073,-0.4269895213711914,0.4269895213711914,1.0,WITHIN_ONE_ORDER,,
R012@2026-08-20 22:00:00,R012,2026-08-20 22:00:00,0.0,1.0695862646101344,1.0102187375960268,0.059367527014107635,0.059367527014107635,1.0,WITHIN_ONE_ORDER,,
R023@2026-08-21 02:00:00,R023,2026-08-21 02:00:00,0.0,0.20196433746705078,0.2306796314169497,-0.028715293949898912,0.028715293949898912,1.0,WITHIN_ONE_ORDER,,
R009@2026-08-21 07:00:00,R009,2026-08-21 07:00:00,1.0,1.7617600278237815,1.400559345664894,0.36120068215888756,0.36120068215888756,1.0,WITHIN_ONE_ORDER,,
R019@2026-08-21 11:00:00,R019,2026-08-21 11:00:00,0.0,1.6600655008039844,1.7014282590303185,-0.04136275822633406,0.04136275822633406,1.0,WITHIN_ONE_ORDER,,
R005@2026-08-21 16:00:00,R005,2026-08-21 16:00:00,2.0,1.7811681546046385,1.7899327461869032,-0.008764591582264725,0.008764591582264725,1.0,WITHIN_ONE_ORDER,,
R015@2026-08-21 20:00:00,R015,2026-08-21 20:00:00,4.0,4.017846162089233,3.8247453371450746,0.1931008249441586,0.1931008249441586,1.0,WITHIN_ONE_ORDER,,
R001@2026-08-22 01:00:00,R001,2026-08-22 01:00:00,0.0,0.20758316590535966,0.23618687468872696,-0.028603708783367293,0.028603708783367293,1.0,WITHIN_ONE_ORDER,,
R012@2026-08-22 05:00:00,R012,2026-08-22 05:00:00,1.0,0.5828272204082895,0.2616123870657624,0.3212148333425271,0.3212148333425271,1.0,WITHIN_ONE_ORDER,,
R022@2026-08-22 09:00:00,R022,2026-08-22 09:00:00,1.0,2.0438835761704484,2.1683823369206823,-0.12449876075023392,0.12449876075023392,1.0,WITHIN_ONE_ORDER,,
R008@2026-08-22 14:00:00,R008,2026-08-22 14:00:00,2.0,3.7869264821686217,3.6508584919443146,0.13606799022430716,0.13606799022430716,1.0,WITHIN_ONE_ORDER,,
R019@2026-08-22 18:00:00,R019,2026-08-22 18:00:00,5.0,4.575686238551938,4.853915741196121,-0.2782295026441828,0.2782295026441828,1.0,WITHIN_ONE_ORDER,,
R004@2026-08-22 23:00:00,R004,2026-08-22 23:00:00,1.0,0.7708291199428713,0.8442220584772107,-0.07339293853433937,0.07339293853433937,1.0,WITHIN_ONE_ORDER,,
R015@2026-08-23 03:00:00,R015,2026-08-23 03:00:00,0.0,0.26640603466208534,0.27035765390735544,-0.003951619245270099,0.003951619245270099,1.0,WITHIN_ONE_ORDER,,
R025@2026-08-23 07:00:00,R025,2026-08-23 07:00:00,3.0,1.7617193460684542,2.0488968079220427,-0.2871774618535885,0.2871774618535885,1.0,WITHIN_ONE_ORDER,,
R011@2026-08-23 12:00:00,R011,2026-08-23 12:00:00,6.0,3.8931309782049635,4.117991980288243,-0.22486100208327997,0.22486100208327997,1.0,WITHIN_ONE_ORDER,,
R022@2026-08-23 16:00:00,R022,2026-08-23 16:00:00,1.0,2.1218143904703073,2.234365021258078,-0.11255063078777061,0.11255063078777061,1.0,WITHIN_ONE_ORDER,,
R007@2026-08-23 21:00:00,R007,2026-08-23 21:00:00,1.0,2.702940926231525,2.931665212171765,-0.22872428594023964,0.22872428594023964,1.0,WITHIN_ONE_ORDER,,
R018@2026-08-24 01:00:00,R018,2026-08-24 01:00:00,0.0,0.20196433746705078,0.21859327949683935,-0.016628942029788568,0.016628942029788568,1.0,WITHIN_ONE_ORDER,,
R003@2026-08-24 06:00:00,R003,2026-08-24 06:00:00,0.0,0.8271679569522586,0.7279019347365971,0.0992660222156615,0.0992660222156615,1.0,WITHIN_ONE_ORDER,,
R014@2026-08-24 10:00:00,R014,2026-08-24 10:00:00,0.0,1.1322045163820311,1.4738464228648183,-0.34164190648278714,0.34164190648278714,1.0,WITHIN_ONE_ORDER,,
R025@2026-08-24 14:00:00,R025,2026-08-24 14:00:00,0.0,2.8104281892254552,2.7314167236213662,0.079011465604089,0.079011465604089,1.0,WITHIN_ONE_ORDER,,
R010@2026-08-24 19:00:00,R010,2026-08-24 19:00:00,7.0,3.9462164764460903,4.062967591655908,-0.11675111520981751,0.11675111520981751,1.0,WITHIN_ONE_ORDER,,
R021@2026-08-24 23:00:00,R021,2026-08-24 23:00:00,2.0,0.6197284344711821,0.6712029078614338,-0.051474473390251685,0.051474473390251685,1.0,WITHIN_ONE_ORDER,,
R007@2026-08-25 04:00:00,R007,2026-08-25 04:00:00,0.0,0.20196433746705078,0.249459021753022,-0.04749468428597123,0.04749468428597123,1.0,WITHIN_ONE_ORDER,,
R017@2026-08-25 08:00:00,R017,2026-08-25 08:00:00,1.0,2.0637059168850955,2.2112815211065038,-0.14757560422140825,0.14757560422140825,1.0,WITHIN_ONE_ORDER,,
R003@2026-08-25 13:00:00,R003,2026-08-25 13:00:00,7.0,3.56856701860237,3.5891229578434944,-0.02055593924112431,0.02055593924112431,1.0,WITHIN_ONE_ORDER,,
R013@2026-08-25 17:00:00,R013,2026-08-25 17:00:00,2.0,2.79300576152206,2.814663072974965,-0.02165731145290506,0.02165731145290506,1.0,WITHIN_ONE_ORDER,,
R024@2026-08-25 21:00:00,R024,2026-08-25 21:00:00,5.0,2.291275860245451,2.1430645080295623,0.14821135221588877,0.14821135221588877,1.0,WITHIN_ONE_ORDER,,
R010@2026-08-26 02:00:00,R010,2026-08-26 02:00:00,0.0,0.20196433746705078,0.2233867868746394,-0.021422449407588612,0.021422449407588612,1.0,WITHIN_ONE_ORDER,,
R020@2026-08-26 06:00:00,R020,2026-08-26 06:00:00,0.0,0.8271679569522586,0.8955199266446783,-0.06835196969241963,0.06835196969241963,1.0,WITHIN_ONE_ORDER,,
R006@2026-08-26 11:00:00,R006,2026-08-26 11:00:00,1.0,1.464539151133479,1.6695985272283562,-0.20505937609487712,0.20505937609487712,1.0,WITHIN_ONE_ORDER,,
R017@2026-08-26 15:00:00,R017,2026-08-26 15:00:00,3.0,1.7811681546046385,1.8092029989311016,-0.028034844326463082,0.028034844326463082,1.0,WITHIN_ONE_ORDER,,
R002@2026-08-26 20:00:00,R002,2026-08-26 20:00:00,4.0,3.965782502637571,3.854134861222852,0.11164764141471917,0.11164764141471917,1.0,WITHIN_ONE_ORDER,,
R013@2026-08-27 00:00:00,R013,2026-08-27 00:00:00,1.0,0.42523706473977807,0.42715266888918035,-0.0019156041494022835,0.0019156041494022835,1.0,WITHIN_ONE_ORDER,,
R023@2026-08-27 04:00:00,R023,2026-08-27 04:00:00,0.0,0.20196433746705078,0.2059772435729405,-0.004012906105889724,0.004012906105889724,1.0,WITHIN_ONE_ORDER,,
R009@2026-08-27 09:00:00,R009,2026-08-27 09:00:00,1.0,1.7313052685288055,1.7633809484689096,-0.032075679940104074,0.032075679940104074,1.0,WITHIN_ONE_ORDER,,
R020@2026-08-27 13:00:00,R020,2026-08-27 13:00:00,3.0,3.605416841618851,3.6129694976409086,-0.007552656022057569,0.007552656022057569,1.0,WITHIN_ONE_ORDER,,
R005@2026-08-27 18:00:00,R005,2026-08-27 18:00:00,4.0,4.004684174033153,3.914218545432189,0.09046562860096419,0.09046562860096419,1.0,WITHIN_ONE_ORDER,,
R016@2026-08-27 22:00:00,R016,2026-08-27 22:00:00,0.0,1.0695862646101344,1.0909229808175676,-0.02133671620743316,0.02133671620743316,1.0,WITHIN_ONE_ORDER,,
R001@2026-08-28 03:00:00,R001,2026-08-28 03:00:00,0.0,0.20196433746705078,0.21647054968971288,-0.014506212222662102,0.014506212222662102,1.0,WITHIN_ONE_ORDER,,
R012@2026-08-28 07:00:00,R012,2026-08-28 07:00:00,2.0,1.7617600278237815,1.535554368736312,0.22620565908746948,0.22620565908746948,1.0,WITHIN_ONE_ORDER,,
R023@2026-08-28 11:00:00,R023,2026-08-28 11:00:00,2.0,1.793700240477455,1.6541498944426194,0.13955034603483552,0.13955034603483552,1.0,WITHIN_ONE_ORDER,,
R008@2026-08-28 16:00:00,R008,2026-08-28 16:00:00,2.0,1.8093444824139138,1.7498312081195126,0.05951327429440112,0.05951327429440112,1.0,WITHIN_ONE_ORDER,,
R019@2026-08-28 20:00:00,R019,2026-08-28 20:00:00,9.0,3.9420331820844097,3.760542837172835,0.18149034491157456,0.18149034491157456,1.0,WITHIN_ONE_ORDER,,
R005@2026-08-29 01:00:00,R005,2026-08-29 01:00:00,1.0,0.26095064640498,0.26358095967771167,-0.002630313272731666,0.002630313272731666,1.0,WITHIN_ONE_ORDER,,
R015@2026-08-29 05:00:00,R015,2026-08-29 05:00:00,0.0,0.5828272204082895,0.5532760332057349,0.029551187202554563,0.029551187202554563,1.0,WITHIN_ONE_ORDER,,
R001@2026-08-29 10:00:00,R001,2026-08-29 10:00:00,1.0,1.402103456075259,1.7706705020207996,-0.3685670459455406,0.3685670459455406,1.0,WITHIN_ONE_ORDER,,
R011@2026-08-29 14:00:00,R011,2026-08-29 14:00:00,2.0,3.2324482189667427,3.8701526249816354,-0.6377044060148926,0.6377044060148926,1.0,WITHIN_ONE_ORDER,,
R022@2026-08-29 18:00:00,R022,2026-08-29 18:00:00,4.0,5.007750527933339,5.103658254069255,-0.09590772613591536,0.09590772613591536,1.0,WITHIN_ONE_ORDER,,
R008@2026-08-29 23:00:00,R008,2026-08-29 23:00:00,1.0,0.886617770192756,0.8439116444518433,0.042706125740912704,0.042706125740912704,1.0,WITHIN_ONE_ORDER,,
R018@2026-08-30 03:00:00,R018,2026-08-30 03:00:00,0.0,0.26640603466208534,0.2851496155179709,-0.018743580855885567,0.018743580855885567,1.0,WITHIN_ONE_ORDER,,
R004@2026-08-30 08:00:00,R004,2026-08-30 08:00:00,3.0,2.594741659006005,2.9074624352038603,-0.31272077619785543,0.31272077619785543,1.0,WITHIN_ONE_ORDER,,
R015@2026-08-30 12:00:00,R015,2026-08-30 12:00:00,3.0,4.185891837262489,4.237234924729419,-0.05134308746692984,0.05134308746692984,1.0,WITHIN_ONE_ORDER,,
R025@2026-08-30 16:00:00,R025,2026-08-30 16:00:00,1.0,2.4613317808381208,2.29997074094618,0.16136103989194073,0.16136103989194073,1.0,WITHIN_ONE_ORDER,,
R011@2026-08-30 21:00:00,R011,2026-08-30 21:00:00,4.0,2.769058066330447,2.7023406001744723,0.06671746615597485,0.06671746615597485,1.0,WITHIN_ONE_ORDER,,
R021@2026-08-31 01:00:00,R021,2026-08-31 01:00:00,0.0,0.20196433746705078,0.2040293036604642,-0.0020649661934134256,0.0020649661934134256,1.0,WITHIN_ONE_ORDER,,
R007@2026-08-31 06:00:00,R007,2026-08-31 06:00:00,0.0,0.8271679569522586,0.8160513610920841,0.01111659586017455,0.01111659586017455,1.0,WITHIN_ONE_ORDER,,
R018@2026-08-31 10:00:00,R018,2026-08-31 10:00:00,1.0,1.1322045163820311,1.3106803803513323,-0.17847586396930115,0.17847586396930115,1.0,WITHIN_ONE_ORDER,,
R003@2026-08-31 15:00:00,R003,2026-08-31 15:00:00,2.0,1.9328374314988777,1.7874235763962543,0.1454138551026234,0.1454138551026234,1.0,WITHIN_ONE_ORDER,,
R014@2026-08-31 19:00:00,R014,2026-08-31 19:00:00,10.0,4.3053971039753804,4.138465061016325,0.16693204295905506,0.16693204295905506,1.0,WITHIN_ONE_ORDER,,
R025@2026-08-31 23:00:00,R025,2026-08-31 23:00:00,0.0,0.785991534281977,0.8002937796273935,-0.014302245345416464,0.014302245345416464,1.0,WITHIN_ONE_ORDER,,
