restaurant_id,hour_start,actual,seasonal_naive_lag_168h,spark_prediction,python_prediction,spark_minus_python
R001,2026-06-01 00:00:00,1.0,1.0,0.43321428745688173,0.5071328469665753,-0.07391855950969362
R002,2026-06-01 00:00:00,0.0,0.0,0.43321428745688173,0.394565664327642,0.03864862312923972
R003,2026-06-01 00:00:00,0.0,0.0,0.43321428745688173,0.43457147501788623,-0.0013571875610045026
R004,2026-06-01 00:00:00,2.0,0.0,0.43321428745688173,0.5919908234675834,-0.15877653601070163
R005,2026-06-01 00:00:00,0.0,0.0,0.43321428745688173,0.5038220056018118,-0.07060771814493005
R006,2026-06-01 00:00:00,1.0,0.0,0.43321428745688173,0.42092355430484246,0.012290733152039268
R007,2026-06-01 00:00:00,1.0,1.0,0.43321428745688173,0.35457335335263684,0.07864093410424489
R008,2026-06-01 00:00:00,1.0,0.0,0.43321428745688173,0.3758808669589638,0.05733342049791795
R009,2026-06-01 00:00:00,0.0,0.0,0.43321428745688173,0.4580681349601847,-0.024853847503302995
R010,2026-06-01 00:00:00,2.0,0.0,0.43321428745688173,0.42343914685330164,0.00977514060358009
R011,2026-06-01 00:00:00,0.0,0.0,0.43321428745688173,0.44447602263742114,-0.011261735180539412
R012,2026-06-01 00:00:00,0.0,0.0,0.43321428745688173,0.4012970213168649,0.03191726614001683
R013,2026-06-01 00:00:00,1.0,1.0,0.43321428745688173,0.4437268373303496,-0.010512549873467891
R014,2026-06-01 00:00:00,1.0,3.0,0.35362136638152075,0.4008419085384226,-0.04722054215690186
R015,2026-06-01 00:00:00,0.0,0.0,0.43321428745688173,0.4026973470271452,0.030516940429736517
R016,2026-06-01 00:00:00,0.0,1.0,0.43321428745688173,0.4347307588068114,-0.00151647134992966
R017,2026-06-01 00:00:00,0.0,0.0,0.43321428745688173,0.4353856112696059,-0.0021713238127241685
R018,2026-06-01 00:00:00,1.0,0.0,0.43321428745688173,0.4284352203177568,0.004779067139124904
R019,2026-06-01 00:00:00,1.0,0.0,0.43321428745688173,0.41675924560155925,0.016455041855322483
R020,2026-06-01 00:00:00,0.0,2.0,0.43321428745688173,0.4090152430107806,0.024199044446101103
R021,2026-06-01 00:00:00,1.0,0.0,0.43321428745688173,0.4164976381003882,0.01671664935649353
R022,2026-06-01 00:00:00,0.0,1.0,0.43321428745688173,0.4170698310966821,0.01614445636019962
R023,2026-06-01 00:00:00,1.0,0.0,0.43321428745688173,0.3859932428785021,0.04722104457837961
R024,2026-06-01 00:00:00,1.0,1.0,0.43321428745688173,0.4316399346009729,0.0015743528559088449
R025,2026-06-01 00:00:00,0.0,0.0,0.43321428745688173,0.41730837071052373,0.015905916746357995
R001,2026-06-01 01:00:00,0.0,0.0,0.20994156018415436,0.2110906937004101,-0.0011491335162557292
R002,2026-06-01 01:00:00,0.0,0.0,0.20994156018415436,0.2118561089149497,-0.001914548730795329
R003,2026-06-01 01:00:00,1.0,0.0,0.20994156018415436,0.21971119884127432,-0.009769638657119967
R004,2026-06-01 01:00:00,0.0,0.0,0.20994156018415436,0.2062323943192605,0.0037091658648938652
R005,2026-06-01 01:00:00,0.0,0.0,0.20994156018415436,0.2211781857671462,-0.01123662558299185
R006,2026-06-01 01:00:00,0.0,0.0,0.20994156018415436,0.2180807514878233,-0.008139191303668941
R007,2026-06-01 01:00:00,0.0,0.0,0.20994156018415436,0.22809469807177657,-0.01815313788762221
R008,2026-06-01 01:00:00,0.0,0.0,0.20994156018415436,0.22087546440688008,-0.010933904222725721
R009,2026-06-01 01:00:00,0.0,0.0,0.20994156018415436,0.20934048517234274,0.0006010750118116137
R010,2026-06-01 01:00:00,0.0,0.0,0.20994156018415436,0.21729481421857272,-0.0073532540344183606
R011,2026-06-01 01:00:00,0.0,0.0,0.20994156018415436,0.2230424962168475,-0.013100936032693133
R012,2026-06-01 01:00:00,1.0,0.0,0.20994156018415436,0.22484326403663993,-0.01490170385248557
R013,2026-06-01 01:00:00,0.0,1.0,0.20994156018415436,0.21859569703357323,-0.008654136849418875
R014,2026-06-01 01:00:00,0.0,1.0,0.20994156018415436,0.21115148322934035,-0.0012099230451859955
R015,2026-06-01 01:00:00,1.0,0.0,0.20994156018415436,0.2269950022361864,-0.017053442052032047
R016,2026-06-01 01:00:00,0.0,0.0,0.20994156018415436,0.22424870042014683,-0.014307140235992472
R017,2026-06-01 01:00:00,1.0,0.0,0.20994156018415436,0.22753639766746528,-0.01759483748331092
R018,2026-06-01 01:00:00,0.0,1.0,0.20994156018415436,0.2070811213083958,0.0028604388757585697
R019,2026-06-01 01:00:00,0.0,0.0,0.20994156018415436,0.25613768238002577,-0.04619612219587141
R020,2026-06-01 01:00:00,0.0,1.0,0.20994156018415436,0.2228846938623615,-0.012943133678207153
R021,2026-06-01 01:00:00,1.0,0.0,0.20994156018415436,0.21015653996276215,-0.00021497977860779338
R022,2026-06-01 01:00:00,0.0,0.0,0.20994156018415436,0.22582206715334685,-0.015880506969192493
R023,2026-06-01 01:00:00,1.0,0.0,0.20994156018415436,0.22429079394894674,-0.014349233764792385
R024,2026-06-01 01:00:00,1.0,0.0,0.20994156018415436,0.21821051699014626,-0.008268956805991906
R025,2026-06-01 01:00:00,0.0,0.0,0.20994156018415436,0.2518355172725018,-0.04189395708834745
R001,2026-06-01 02:00:00,0.0,1.0,0.20994156018415436,0.2199522968681748,-0.010010736684020444
R002,2026-06-01 02:00:00,0.0,0.0,0.20994156018415436,0.21231896026456024,-0.002377400080405878
R003,2026-06-01 02:00:00,1.0,1.0,0.20994156018415436,0.21880283430963338,-0.008861274125479018
R004,2026-06-01 02:00:00,0.0,0.0,0.20994156018415436,0.21222800285064639,-0.002286442666492028
R005,2026-06-01 02:00:00,1.0,1.0,0.20994156018415436,0.2142746704323934,-0.0043331102482390416
R006,2026-06-01 02:00:00,0.0,1.0,0.20994156018415436,0.21975199972898274,-0.009810439544828381
R007,2026-06-01 02:00:00,0.0,0.0,0.20994156018415436,0.24200430315504828,-0.032062742970893926
R008,2026-06-01 02:00:00,0.0,1.0,0.20994156018415436,0.21750589522695565,-0.007564335042801296
R009,2026-06-01 02:00:00,0.0,0.0,0.20994156018415436,0.2240549304358912,-0.01411337025173684
R010,2026-06-01 02:00:00,0.0,0.0,0.20994156018415436,0.22229300819627715,-0.01235144801212279
R011,2026-06-01 02:00:00,0.0,0.0,0.20994156018415436,0.21988827969569513,-0.009946719511540775
R012,2026-06-01 02:00:00,0.0,1.0,0.20994156018415436,0.22338661909425558,-0.013445058910101226
R013,2026-06-01 02:00:00,0.0,0.0,0.20994156018415436,0.2109962747619075,-0.0010547145777531353
R014,2026-06-01 02:00:00,0.0,0.0,0.20994156018415436,0.22150110745295865,-0.011559547268804288
R015,2026-06-01 02:00:00,0.0,0.0,0.20994156018415436,0.2255865302829984,-0.015644970098844052
R016,2026-06-01 02:00:00,1.0,0.0,0.20994156018415436,0.22471155176975738,-0.01476999158560302
R017,2026-06-01 02:00:00,0.0,1.0,0.20994156018415436,0.21926540823111065,-0.009323848046956296
R018,2026-06-01 02:00:00,0.0,0.0,0.20994156018415436,0.20661272759849297,0.0033288325856613843
R019,2026-06-01 02:00:00,0.0,0.0,0.20994156018415436,0.21457996838018928,-0.004638408196034921
R020,2026-06-01 02:00:00,0.0,0.0,0.20994156018415436,0.24540660826139388,-0.03546504807723952
R021,2026-06-01 02:00:00,0.0,0.0,0.20994156018415436,0.20405581242420112,0.005885747759953236
R022,2026-06-01 02:00:00,0.0,0.0,0.20994156018415436,0.2061919827645217,0.003749577419632666
R023,2026-06-01 02:00:00,1.0,0.0,0.20994156018415436,0.2239285298045985,-0.013986969620444129
R024,2026-06-01 02:00:00,0.0,0.0,0.20994156018415436,0.2186733683397568,-0.008731808155602455
R025,2026-06-01 02:00:00,0.0,0.0,0.20994156018415436,0.24003326909049233,-0.03009170890633797
R001,2026-06-01 03:00:00,0.0,0.0,0.20994156018415436,0.22194562852960492,-0.012004068345450564
R002,2026-06-01 03:00:00,0.0,0.0,0.20994156018415436,0.2129786724651535,-0.003037112280999149
R003,2026-06-01 03:00:00,0.0,0.0,0.20994156018415436,0.22764747025441395,-0.017705910070259595
R004,2026-06-01 03:00:00,0.0,1.0,0.20994156018415436,0.2211700860761341,-0.01122852589197973
R005,2026-06-01 03:00:00,0.0,0.0,0.20994156018415436,0.2193961131285727,-0.009454552944418354
R006,2026-06-01 03:00:00,0.0,0.0,0.20994156018415436,0.22696707700488367,-0.01702551682072931
R007,2026-06-01 03:00:00,0.0,0.0,0.20994156018415436,0.24807745885612292,-0.038135898671968566
R008,2026-06-01 03:00:00,1.0,0.0,0.20994156018415436,0.23129730619944552,-0.021355746015291166
R009,2026-06-01 03:00:00,0.0,1.0,0.20994156018415436,0.20765710162459555,0.002284458559558805
R010,2026-06-01 03:00:00,0.0,0.0,0.20994156018415436,0.22548580559124592,-0.015544245407091567
R011,2026-06-01 03:00:00,0.0,0.0,0.20994156018415436,0.22462388144928475,-0.014682321265130388
R012,2026-06-01 03:00:00,0.0,0.0,0.20994156018415436,0.22986569685135888,-0.019924136667204523
R013,2026-06-01 03:00:00,0.0,0.0,0.20994156018415436,0.21575208881108576,-0.005810528626931405
R014,2026-06-01 03:00:00,0.0,0.0,0.20994156018415436,0.21396573122590815,-0.004024171041753788
R015,2026-06-01 03:00:00,0.0,0.0,0.20994156018415436,0.23503638757628895,-0.02509482739213459
R016,2026-06-01 03:00:00,0.0,0.0,0.20994156018415436,0.22355697447520564,-0.013615414291051287
R017,2026-06-01 03:00:00,0.0,0.0,0.20994156018415436,0.2246935355927014,-0.01475197540854703
R018,2026-06-01 03:00:00,1.0,0.0,0.20994156018415436,0.21044515869548003,-0.0005035985113256702
R019,2026-06-01 03:00:00,1.0,0.0,0.20994156018415436,0.21896046260517749,-0.009018902421023128
R020,2026-06-01 03:00:00,0.0,0.0,0.20994156018415436,0.2297250703849393,-0.01978351020078495
R021,2026-06-01 03:00:00,0.0,0.0,0.20994156018415436,0.2074511208378557,0.0024904393462986674
R022,2026-06-01 03:00:00,0.0,0.0,0.20994156018415436,0.21490950530382769,-0.004967945119673328
R023,2026-06-01 03:00:00,0.0,0.0,0.20994156018415436,0.21992552688904396,-0.009983966704889602
R024,2026-06-01 03:00:00,0.0,0.0,0.20994156018415436,0.2276966741580689,-0.01775511397391455
R025,2026-06-01 03:00:00,0.0,0.0,0.20994156018415436,0.24746227499647827,-0.03752071481232391
R001,2026-06-01 04:00:00,0.0,0.0,0.20994156018415436,0.2222223484731268,-0.012280788288972444
R002,2026-06-01 04:00:00,1.0,0.0,0.20994156018415436,0.2203705459163643,-0.010428985732209933
R003,2026-06-01 04:00:00,1.0,1.0,0.20994156018415436,0.21882650565201045,-0.008884945467856092
R004,2026-06-01 04:00:00,0.0,1.0,0.20994156018415436,0.2362038278041144,-0.026262267619960034
R005,2026-06-01 04:00:00,0.0,1.0,0.20994156018415436,0.2116946516804406,-0.0017530914962862465
R006,2026-06-01 04:00:00,0.0,0.0,0.20994156018415436,0.23031808832522832,-0.020376528141073963
R007,2026-06-01 04:00:00,0.0,0.0,0.20994156018415436,0.23653585008566055,-0.026594289901506196
R008,2026-06-01 04:00:00,0.0,0.0,0.20994156018415436,0.21992688594130794,-0.00998532575715358
R009,2026-06-01 04:00:00,0.0,0.0,0.20994156018415436,0.23211889866930252,-0.022177338485148163
R010,2026-06-01 04:00:00,0.0,0.0,0.20994156018415436,0.2292319075419469,-0.01929034735779253
R011,2026-06-01 04:00:00,2.0,0.0,0.20994156018415436,0.22898541507301262,-0.019043854888858264
R012,2026-06-01 04:00:00,0.0,1.0,0.20994156018415436,0.23013317771114208,-0.020191617526987726
R013,2026-06-01 04:00:00,0.0,0.0,0.20994156018415436,0.21273594165392473,-0.002794381469770374
R014,2026-06-01 04:00:00,0.0,0.0,0.20994156018415436,0.22286001198670427,-0.012918451802549913
R015,2026-06-01 04:00:00,0.0,0.0,0.20994156018415436,0.21553141230010658,-0.005589852115952226
R016,2026-06-01 04:00:00,0.0,1.0,0.20994156018415436,0.2291059109205369,-0.019164350736382535
R017,2026-06-01 04:00:00,0.0,0.0,0.20994156018415436,0.23014073268105947,-0.020199172496905116
R018,2026-06-01 04:00:00,1.0,0.0,0.20994156018415436,0.21248846550618614,-0.0025469053220317783
R019,2026-06-01 04:00:00,0.0,1.0,0.20994156018415436,0.23308102178886375,-0.023139461604709394
R020,2026-06-01 04:00:00,0.0,0.0,0.20994156018415436,0.26906080584048303,-0.05911924565632867
R021,2026-06-01 04:00:00,0.0,0.0,0.20994156018415436,0.21013284151970452,-0.00019128133555015858
R022,2026-06-01 04:00:00,1.0,1.0,0.20994156018415436,0.2264339657345041,-0.016492405550349754
R023,2026-06-01 04:00:00,0.0,0.0,0.20994156018415436,0.226113489089792,-0.01617192890563765
R024,2026-06-01 04:00:00,0.0,0.0,0.20994156018415436,0.23236711068479704,-0.022425550500642683
R025,2026-06-01 04:00:00,0.0,0.0,0.20994156018415436,0.25175789920029734,-0.041816339016142984
R001,2026-06-01 05:00:00,1.0,0.0,0.42305357317116743,0.4034416717032327,0.019611901467934734
R002,2026-06-01 05:00:00,0.0,0.0,0.42305357317116743,0.41809283987076107,0.004960733300406361
R003,2026-06-01 05:00:00,0.0,1.0,0.42305357317116743,0.4226268755559374,0.0004266976152300095
R004,2026-06-01 05:00:00,1.0,1.0,0.42305357317116743,0.4071576263234869,0.01589594684768053
R005,2026-06-01 05:00:00,0.0,1.0,0.42305357317116743,0.4276533177233953,-0.004599744552227891
R006,2026-06-01 05:00:00,0.0,1.0,0.42305357317116743,0.5381295404093096,-0.11507596723814217
R007,2026-06-01 05:00:00,1.0,1.0,0.42305357317116743,0.4489948134294551,-0.025941240258287646
R008,2026-06-01 05:00:00,2.0,1.0,0.42305357317116743,0.461152907945639,-0.03809933477447158
R009,2026-06-01 05:00:00,2.0,0.0,0.42305357317116743,0.41065287176915327,0.012400701402014158
R010,2026-06-01 05:00:00,0.0,0.0,0.42305357317116743,0.45704115508903576,-0.033987581917868326
R011,2026-06-01 05:00:00,0.0,0.0,0.42305357317116743,0.4782226568358852,-0.05516908366471779
R012,2026-06-01 05:00:00,2.0,0.0,0.42305357317116743,0.4561742955910346,-0.03312072241986719
R013,2026-06-01 05:00:00,0.0,0.0,0.42305357317116743,0.3837651217778852,0.03928845139328224
R014,2026-06-01 05:00:00,0.0,0.0,0.42305357317116743,0.4145825373041128,0.00847103586705461
R015,2026-06-01 05:00:00,0.0,0.0,0.42305357317116743,0.43203181429502824,-0.008978241123860808
R016,2026-06-01 05:00:00,0.0,0.0,0.42305357317116743,0.41879010374488806,0.004263469426279365
R017,2026-06-01 05:00:00,0.0,0.0,0.42305357317116743,0.4745000718386194,-0.05144649866745199
R018,2026-06-01 05:00:00,0.0,0.0,0.42305357317116743,0.3956793871425248,0.02737418602864261
R019,2026-06-01 05:00:00,1.0,0.0,0.42305357317116743,0.4078694511336181,0.015184122037549319
R020,2026-06-01 05:00:00,0.0,1.0,0.42305357317116743,0.41376864905929533,0.009284924111872095
R021,2026-06-01 05:00:00,0.0,1.0,0.42305357317116743,0.4393032218595797,-0.016249648688412277
R022,2026-06-01 05:00:00,1.0,0.0,0.42305357317116743,0.4195000124516851,0.0035535607194823182
R023,2026-06-01 05:00:00,1.0,0.0,0.42305357317116743,0.4138345295988219,0.009219043572345542
R024,2026-06-01 05:00:00,0.0,0.0,0.42305357317116743,0.3954845841561725,0.027568989014994938
R025,2026-06-01 05:00:00,0.0,1.0,0.42305357317116743,0.430663354877003,-0.007609781705835594
R001,2026-06-01 06:00:00,1.0,2.0,0.8351451796693622,1.2835248243167359,-0.4483796446473737
R002,2026-06-01 06:00:00,0.0,0.0,0.8351451796693622,0.7840964795180566,0.05104870015130558
R003,2026-06-01 06:00:00,1.0,0.0,0.8351451796693622,0.7895654679843546,0.04557971168500763
R004,2026-06-01 06:00:00,0.0,1.0,0.8351451796693622,0.8332799836922113,0.0018651959771508464
R005,2026-06-01 06:00:00,2.0,3.0,0.7555522585940014,0.8303606201218686,-0.07480836152786718
R006,2026-06-01 06:00:00,1.0,0.0,0.8351451796693622,0.8457962075825911,-0.010651027913228917
R007,2026-06-01 06:00:00,3.0,0.0,0.8351451796693622,0.7877980373211461,0.04734714234821613
R008,2026-06-01 06:00:00,0.0,1.0,0.8351451796693622,0.8310917266095421,0.004053453059820078
R009,2026-06-01 06:00:00,1.0,0.0,0.8351451796693622,0.8868941966370096,-0.05174901696764744
R010,2026-06-01 06:00:00,1.0,1.0,0.8351451796693622,0.8771509401796976,-0.042005760510335444
R011,2026-06-01 06:00:00,2.0,1.0,0.8351451796693622,0.7814567493578579,0.053688430311504276
R012,2026-06-01 06:00:00,3.0,0.0,0.8351451796693622,0.9125464688732141,-0.07740128920385192
R013,2026-06-01 06:00:00,0.0,0.0,0.8351451796693622,0.8180721074972622,0.017073072172099968
R014,2026-06-01 06:00:00,1.0,0.0,0.8351451796693622,0.8018249512500718,0.03332022841929039
R015,2026-06-01 06:00:00,0.0,1.0,0.8351451796693622,0.79234384266406,0.0428013370053022
R016,2026-06-01 06:00:00,2.0,1.0,0.8351451796693622,0.8071465607441194,0.027998618925242802
R017,2026-06-01 06:00:00,1.0,1.0,0.8351451796693622,0.803777972863591,0.03136720680577121
R018,2026-06-01 06:00:00,1.0,0.0,0.8351451796693622,0.8427257991052824,-0.007580619435920255
R019,2026-06-01 06:00:00,0.0,1.0,0.8351451796693622,0.8024054774173079,0.03273970225205425
R020,2026-06-01 06:00:00,0.0,0.0,0.7588138098555706,0.7867080838504156,-0.02789427399484501
R021,2026-06-01 06:00:00,1.0,1.0,0.8351451796693622,0.7844012518424012,0.05074392782696102
R022,2026-06-01 06:00:00,5.0,2.0,0.8351451796693622,0.864986171254389,-0.029840991585026844
R023,2026-06-01 06:00:00,2.0,2.0,0.8351451796693622,0.8832555413942096,-0.048110361724847395
R024,2026-06-01 06:00:00,1.0,0.0,0.8351451796693622,0.8145608787433133,0.020584300926048904
R025,2026-06-01 06:00:00,2.0,2.0,0.8351451796693622,0.9344003452576957,-0.09925516558833347
R001,2026-06-01 07:00:00,1.0,1.0,1.743175891807898,1.600606504951142,0.1425693868567559
R002,2026-06-01 07:00:00,1.0,1.0,1.743175891807898,1.595524947492335,0.14765094431556292
R003,2026-06-01 07:00:00,2.0,3.0,1.5064160389623842,1.5754400073142325,-0.06902396835184832
R004,2026-06-01 07:00:00,0.0,1.0,1.743175891807898,1.5050417943125949,0.238134097495303
R005,2026-06-01 07:00:00,1.0,3.0,1.5064160389623842,1.4926293808921314,0.01378665807025281
R006,2026-06-01 07:00:00,2.0,1.0,1.743175891807898,1.5724765023324399,0.17069938947545804
R007,2026-06-01 07:00:00,2.0,1.0,1.743175891807898,1.5450110362127185,0.19816485559517938
R008,2026-06-01 07:00:00,2.0,2.0,1.743175891807898,1.5559680380677825,0.1872078537401154
R009,2026-06-01 07:00:00,2.0,2.0,1.743175891807898,1.4317986359346224,0.31137725587327547
R010,2026-06-01 07:00:00,3.0,2.0,1.743175891807898,1.478539087902136,0.26463680390576183
R011,2026-06-01 07:00:00,1.0,1.0,1.743175891807898,1.5494714897739112,0.19370440203398664
R012,2026-06-01 07:00:00,4.0,2.0,1.743175891807898,1.5590619467654323,0.1841139450424656
R013,2026-06-01 07:00:00,3.0,1.0,1.743175891807898,1.51355209646239,0.2296237953455078
R014,2026-06-01 07:00:00,1.0,2.0,1.743175891807898,1.5478865147525753,0.19528937705532257
R015,2026-06-01 07:00:00,1.0,1.0,1.743175891807898,1.506922531152094,0.23625336065580393
R016,2026-06-01 07:00:00,1.0,2.0,1.743175891807898,1.5213913376169261,0.22178455419097176
R017,2026-06-01 07:00:00,1.0,1.0,1.743175891807898,1.5669206490986654,0.17625524270923254
R018,2026-06-01 07:00:00,1.0,1.0,1.743175891807898,1.5007635817740652,0.24241231003383268
R019,2026-06-01 07:00:00,2.0,0.0,1.743175891807898,1.4906059210666744,0.25256997074122345
R020,2026-06-01 07:00:00,3.0,2.0,1.743175891807898,1.5065821133539865,0.23659377845391139
R021,2026-06-01 07:00:00,1.0,2.0,1.743175891807898,1.5338444205288728,0.20933147127902507
R022,2026-06-01 07:00:00,3.0,4.0,1.5035414378611802,1.4671628751923622,0.036378562668818004
R023,2026-06-01 07:00:00,3.0,0.0,1.743175891807898,1.5686891245396661,0.17448676726823176
R024,2026-06-01 07:00:00,3.0,2.0,1.743175891807898,1.5338444205288728,0.20933147127902507
R025,2026-06-01 07:00:00,2.0,3.0,1.5064160389623842,1.4896499567251789,0.016766082237205326
R001,2026-06-01 08:00:00,2.0,0.0,2.024587297846297,2.158857226707897,-0.13426992886160027
R002,2026-06-01 08:00:00,4.0,0.0,2.024587297846297,2.1703923963910587,-0.14580509854476187
R003,2026-06-01 08:00:00,4.0,2.0,2.024587297846297,2.096205121392548,-0.07161782354625101
R004,2026-06-01 08:00:00,0.0,1.0,2.100918667660088,2.193157302125066,-0.09223863446497793
R005,2026-06-01 08:00:00,1.0,1.0,2.100918667660088,2.236378108195554,-0.13545944053546588
R006,2026-06-01 08:00:00,6.0,2.0,2.024587297846297,2.2246540734030043,-0.20006677555670738
R007,2026-06-01 08:00:00,3.0,1.0,2.100918667660088,2.194450866502097,-0.0935321988420088
R008,2026-06-01 08:00:00,5.0,1.0,2.100918667660088,2.209303695978838,-0.10838502831874974
R009,2026-06-01 08:00:00,2.0,1.0,2.024587297846297,2.217848096064227,-0.19326079821792996
R010,2026-06-01 08:00:00,2.0,1.0,2.024587297846297,2.0940065218701474,-0.06941922402385048
R011,2026-06-01 08:00:00,7.0,3.0,2.2942078176321856,2.190812483216139,0.10339533441604676
R012,2026-06-01 08:00:00,4.0,0.0,2.024587297846297,2.1868484010091036,-0.16226110316280673
R013,2026-06-01 08:00:00,3.0,1.0,2.100918667660088,2.191358628872152,-0.09043996121206366
R014,2026-06-01 08:00:00,1.0,2.0,2.100918667660088,2.2210647923682574,-0.12014612470816921
R015,2026-06-01 08:00:00,3.0,2.0,2.024587297846297,2.283818182882917,-0.25923088503662006
R016,2026-06-01 08:00:00,3.0,3.0,2.2942078176321856,2.211307258472677,0.08290055915950845
R017,2026-06-01 08:00:00,4.0,4.0,2.2942078176321856,2.1476650076396813,0.14654280999250435
R018,2026-06-01 08:00:00,1.0,3.0,2.2942078176321856,2.204061789943222,0.0901460276889634
R019,2026-06-01 08:00:00,1.0,1.0,2.100918667660088,2.2136431205220157,-0.11272445286192756
R020,2026-06-01 08:00:00,5.0,3.0,2.2942078176321856,2.1896196686522726,0.10458814897991298
R021,2026-06-01 08:00:00,4.0,3.0,2.2942078176321856,2.150600522943542,0.14360729468864353
R022,2026-06-01 08:00:00,2.0,4.0,2.2942078176321856,2.216376764955478,0.07783105267670765
R023,2026-06-01 08:00:00,1.0,1.0,2.100918667660088,2.2070552762591946,-0.10613660859910645
R024,2026-06-01 08:00:00,2.0,2.0,2.024587297846297,2.167179016272051,-0.1425917184257539
R025,2026-06-01 08:00:00,1.0,3.0,2.2942078176321856,2.14083448007444,0.15337333755774551
R001,2026-06-01 09:00:00,2.0,2.0,1.7835397049467487,1.8058433539915058,-0.022303649044757012
R002,2026-06-01 09:00:00,3.0,2.0,1.7835397049467487,1.773708632857066,0.009831072089682813
R003,2026-06-01 09:00:00,4.0,1.0,1.707208335132957,1.7217414560137585,-0.014533120880801498
R004,2026-06-01 09:00:00,1.0,2.0,1.7835397049467487,1.814500078012238,-0.030960373065489266
R005,2026-06-01 09:00:00,0.0,2.0,1.7835397049467487,1.8001151091794434,-0.016575404232694657
R006,2026-06-01 09:00:00,0.0,2.0,1.8035570139238088,1.8401956472291399,-0.036638633305331014
R007,2026-06-01 09:00:00,2.0,2.0,1.707208335132957,1.962129165924798,-0.2549208307918409
R008,2026-06-01 09:00:00,2.0,2.0,1.7220591760991961,1.729144081510102,-0.007084905410905895
R009,2026-06-01 09:00:00,2.0,3.0,1.976828854918846,1.9398206301187817,0.03700822480006427
R010,2026-06-01 09:00:00,1.0,1.0,1.7835397049467487,1.8007051383400956,-0.017165433393346863
R011,2026-06-01 09:00:00,1.0,1.0,1.8035570139238088,1.8274773652262515,-0.023920351302442633
R012,2026-06-01 09:00:00,2.0,1.0,1.7835397049467487,1.7207625853519695,0.06277711959477927
R013,2026-06-01 09:00:00,3.0,2.0,1.707208335132957,1.8291008019417674,-0.12189246680881038
R014,2026-06-01 09:00:00,4.0,0.0,1.7835397049467487,1.7335692808170264,0.0499704241297223
R015,2026-06-01 09:00:00,0.0,3.0,1.976828854918846,1.8400584230418349,0.1367704318770111
R016,2026-06-01 09:00:00,0.0,2.0,1.7835397049467487,1.7815753352364883,0.001964369710260483
R017,2026-06-01 09:00:00,0.0,3.0,1.976828854918846,1.8780586986710042,0.0987701562478418
R018,2026-06-01 09:00:00,5.0,4.0,1.976828854918846,1.836037915026338,0.14079093989250802
R019,2026-06-01 09:00:00,2.0,1.0,1.707208335132957,1.7102612038107146,-0.0030528686777575587
R020,2026-06-01 09:00:00,0.0,0.0,1.7983905459129879,1.8119323235021891,-0.013541777589201276
R021,2026-06-01 09:00:00,1.0,3.0,1.976828854918846,1.9672216875211763,0.009607167397669647
R022,2026-06-01 09:00:00,1.0,1.0,1.7835397049467487,1.8194964499767488,-0.035956745030000015
R023,2026-06-01 09:00:00,2.0,1.0,1.7835397049467487,1.7987517118613063,-0.015212006914557596
R024,2026-06-01 09:00:00,4.0,0.0,1.7835397049467487,1.7856584020754387,-0.0021186971286899503
R025,2026-06-01 09:00:00,5.0,1.0,1.7835397049467487,1.7478410660087025,0.03569863893804626
R001,2026-06-01 10:00:00,0.0,1.0,1.4475978075501275,1.3203723968694443,0.12722541068068316
R002,2026-06-01 10:00:00,2.0,0.0,1.4475978075501275,1.3035868850726717,0.14401092247745573
R003,2026-06-01 10:00:00,1.0,2.0,1.4475978075501275,1.4023874116756574,0.045210395874470066
R004,2026-06-01 10:00:00,2.0,1.0,1.4475978075501275,1.2839203464236373,0.16367746112649018
R005,2026-06-01 10:00:00,2.0,1.0,1.4475978075501275,1.3036860524698661,0.14391175508026133
R006,2026-06-01 10:00:00,0.0,0.0,1.4475978075501275,1.3065531783986102,0.14104462915151728
R007,2026-06-01 10:00:00,1.0,2.0,1.4475978075501275,1.3498667573937648,0.09773105015636263
R008,2026-06-01 10:00:00,5.0,0.0,1.4475978075501275,1.3328740086889443,0.11472379886118311
R009,2026-06-01 10:00:00,1.0,0.0,1.4475978075501275,1.278576121210363,0.16902168633976444
R010,2026-06-01 10:00:00,2.0,2.0,1.4475978075501275,1.2961133841552694,0.15148442339485801
R011,2026-06-01 10:00:00,1.0,1.0,1.4475978075501275,1.32977338421094,0.11782442333918741
R012,2026-06-01 10:00:00,3.0,2.0,1.4475978075501275,1.325735838105919,0.12186196944420846
R013,2026-06-01 10:00:00,0.0,0.0,1.4475978075501275,1.3093130534793456,0.1382847540707819
R014,2026-06-01 10:00:00,0.0,2.0,1.4475978075501275,1.4199362528193438,0.02766155473078369
R015,2026-06-01 10:00:00,0.0,1.0,1.4475978075501275,1.333646786681578,0.11395102086854947
R016,2026-06-01 10:00:00,2.0,4.0,1.2045160805014417,1.6819629836352206,-0.4774469031337789
R017,2026-06-01 10:00:00,0.0,2.0,1.4475978075501275,1.3025164227757355,0.14508138477439192
R018,2026-06-01 10:00:00,0.0,1.0,1.4624486485163666,1.2585558268704125,0.20389282164595413
R019,2026-06-01 10:00:00,3.0,1.0,1.4475978075501275,1.3857619556811436,0.06183585186898388
R020,2026-06-01 10:00:00,3.0,2.0,1.4475978075501275,1.3158744010160388,0.13172340653408865
R021,2026-06-01 10:00:00,1.0,1.0,1.4475978075501275,1.3779158024630689,0.06968200508705857
R022,2026-06-01 10:00:00,1.0,3.0,1.2045160805014417,1.2707651930249355,-0.06624911252349386
R023,2026-06-01 10:00:00,0.0,2.0,1.4475978075501275,1.3288892358450242,0.1187085717051033
R024,2026-06-01 10:00:00,2.0,1.0,1.4475978075501275,1.3366184917525399,0.11097931579758757
R025,2026-06-01 10:00:00,3.0,3.0,1.2193669214676808,1.4094235360816387,-0.19005661461395795
R001,2026-06-01 11:00:00,0.0,1.0,1.6972782515789775,1.7215863073545914,-0.0243080557756139
R002,2026-06-01 11:00:00,1.0,1.0,1.524869962073325,1.6866790624304748,-0.1618091003571498
R003,2026-06-01 11:00:00,0.0,1.0,1.6972782515789775,1.6810624037608601,0.016215847818117357
R004,2026-06-01 11:00:00,3.0,0.0,1.6972782515789775,1.7876588870805594,-0.09038063550158193
R005,2026-06-01 11:00:00,2.0,1.0,1.6972782515789775,1.701704292130891,-0.004426040551913424
R006,2026-06-01 11:00:00,0.0,3.0,1.8509901189539153,1.6729680290297992,0.17802208992411606
R007,2026-06-01 11:00:00,3.0,3.0,1.8509901189539153,1.7410617957114418,0.10992832324247348
R008,2026-06-01 11:00:00,2.0,2.0,1.5343366345438996,1.7875304926278173,-0.2531938580839177
R009,2026-06-01 11:00:00,0.0,2.0,1.6972782515789775,1.7562330584768968,-0.05895480689791932
R010,2026-06-01 11:00:00,2.0,5.0,1.8509901189539153,1.6186292385434005,0.23236088041051484
R011,2026-06-01 11:00:00,1.0,1.0,1.6972782515789775,1.711234501852325,-0.01395625027334746
R012,2026-06-01 11:00:00,2.0,0.0,1.6972782515789775,1.7201987041912967,-0.02292045261231923
R013,2026-06-01 11:00:00,2.0,0.0,1.6972782515789775,1.7072204680459706,-0.009942216466993115
R014,2026-06-01 11:00:00,1.0,4.0,1.8509901189539153,1.6078608846586515,0.24312923429526379
R015,2026-06-01 11:00:00,2.0,0.0,1.6972782515789775,1.8054389298782063,-0.10816067829922882
R016,2026-06-01 11:00:00,3.0,1.0,1.6972782515789775,1.7263368552824871,-0.029058603703509656
R017,2026-06-01 11:00:00,2.0,5.0,1.8509901189539153,1.6512189293504982,0.1997711896034171
R018,2026-06-01 11:00:00,2.0,2.0,1.6972782515789775,1.7882769809766015,-0.09099872939762399
R019,2026-06-01 11:00:00,2.0,1.0,1.6972782515789775,1.6519437358642524,0.04533451571472513
R020,2026-06-01 11:00:00,1.0,3.0,1.8509901189539153,1.7502771657046208,0.10071295324929452
R021,2026-06-01 11:00:00,1.0,3.0,1.8509901189539153,1.6139034030086177,0.23708671594529762
R022,2026-06-01 11:00:00,2.0,0.0,1.6972782515789775,1.6752596632959835,0.022018588282993967
R023,2026-06-01 11:00:00,4.0,3.0,1.8509901189539153,1.5392049738294202,0.31178514512449507
R024,2026-06-01 11:00:00,1.0,2.0,1.6972782515789775,1.811228545607585,-0.11395029402860746
R025,2026-06-01 11:00:00,1.0,0.0,1.524869962073325,1.783176094459435,-0.25830613238611
R001,2026-06-01 12:00:00,3.0,6.0,3.312726285444201,3.3443558640434126,-0.03162957859921178
R002,2026-06-01 12:00:00,4.0,7.0,3.3318302691807595,3.299917222022245,0.03191304715851473
R003,2026-06-01 12:00:00,7.0,2.0,2.968830302875945,3.0817997287905188,-0.11296942591457393
R004,2026-06-01 12:00:00,5.0,3.0,3.312726285444201,3.407982396697097,-0.09525611125289624
R005,2026-06-01 12:00:00,0.0,3.0,3.312726285444201,3.241493934320533,0.07123235112366766
R006,2026-06-01 12:00:00,3.0,3.0,3.312726285444201,3.2888806075461323,0.023845677898068462
R007,2026-06-01 12:00:00,2.0,6.0,3.3318302691807595,3.267922917287406,0.0639073518933535
R008,2026-06-01 12:00:00,4.0,3.0,3.3318302691807595,3.3229415787331584,0.0088886904476011
R009,2026-06-01 12:00:00,2.0,2.0,3.373171416346625,3.2569282072550387,0.11624320909158614
R010,2026-06-01 12:00:00,3.0,7.0,3.312726285444201,3.208268931480883,0.10445735396331779
R011,2026-06-01 12:00:00,2.0,2.0,2.968830302875945,3.3549511547692132,-0.3861208518932684
R012,2026-06-01 12:00:00,5.0,3.0,3.312726285444201,3.296373801918944,0.016352483525256645
R013,2026-06-01 12:00:00,2.0,1.0,3.373171416346625,3.349201225197168,0.023970191149456976
R014,2026-06-01 12:00:00,3.0,2.0,2.968830302875945,3.3869330377262457,-0.4181027348503008
R015,2026-06-01 12:00:00,6.0,2.0,2.968830302875945,3.24500124971291,-0.2761709468369653
R016,2026-06-01 12:00:00,3.0,5.0,3.3318302691807595,3.3122586762344097,0.019571592946349803
R017,2026-06-01 12:00:00,3.0,6.0,3.3318302691807595,3.2137281273303406,0.1181021418504189
R018,2026-06-01 12:00:00,5.0,2.0,3.373171416346625,3.346838346841582,0.026333069505042772
R019,2026-06-01 12:00:00,4.0,2.0,3.373171416346625,3.299009819060294,0.07416159728633076
R020,2026-06-01 12:00:00,4.0,5.0,3.3318302691807595,3.3006878371635233,0.03114243201723621
R021,2026-06-01 12:00:00,1.0,3.0,3.3318302691807595,3.3293439073630173,0.0024863618177421998
R022,2026-06-01 12:00:00,7.0,2.0,3.373171416346625,3.1676646390794434,0.20550677726718147
R023,2026-06-01 12:00:00,3.0,5.0,3.3318302691807595,3.402538012405678,-0.07070774322491857
R024,2026-06-01 12:00:00,0.0,5.0,3.312726285444201,3.273292979116532,0.03943330632766884
R025,2026-06-01 12:00:00,4.0,1.0,2.968830302875945,3.398592200050917,-0.42976189717497215
R001,2026-06-01 13:00:00,5.0,3.0,3.6330517025018407,3.57730099536681,0.05575070713503072
R002,2026-06-01 13:00:00,0.0,2.0,3.6288978295422156,3.5792139419761937,0.049683887566021934
R003,2026-06-01 13:00:00,5.0,3.0,3.679020467604875,3.6510344548879123,0.027986012716962883
R004,2026-06-01 13:00:00,3.0,4.0,3.6627067200953114,3.6507184300611497,0.011988290034161686
R005,2026-06-01 13:00:00,8.0,4.0,3.6139477187652824,3.7757974374492917,-0.16184971868400932
R006,2026-06-01 13:00:00,3.0,1.0,3.6288978295422156,3.6179631373826346,0.010934692159580983
R007,2026-06-01 13:00:00,6.0,2.0,3.6288978295422156,3.709420351170279,-0.08052252162806317
R008,2026-06-01 13:00:00,5.0,7.0,3.6139477187652824,3.6249225499200604,-0.010974831154777931
R009,2026-06-01 13:00:00,6.0,3.0,3.6330517025018407,3.6788327921859,-0.04578108968405914
R010,2026-06-01 13:00:00,2.0,5.0,3.6330517025018407,3.6443986783446904,-0.011346975842849716
R011,2026-06-01 13:00:00,3.0,5.0,3.6330517025018407,3.6857277054833966,-0.052676002981555836
R012,2026-06-01 13:00:00,3.0,1.0,3.7045598361017658,3.58242475543312,0.12213508066864565
R013,2026-06-01 13:00:00,3.0,4.0,3.6330517025018407,3.69881001660001,-0.06575831409816946
R014,2026-06-01 13:00:00,3.0,4.0,3.6330517025018407,3.6209068639034,0.012144838598440622
R015,2026-06-01 13:00:00,7.0,6.0,3.679020467604875,3.5651480049758435,0.11387246262903172
R016,2026-06-01 13:00:00,5.0,1.0,3.6288978295422156,3.3940578814106432,0.23483994813157238
R017,2026-06-01 13:00:00,3.0,4.0,3.6330517025018407,3.6209068639034,0.012144838598440622
R018,2026-06-01 13:00:00,1.0,6.0,3.6818107038318697,3.6348961188645155,0.046914584967354234
R019,2026-06-01 13:00:00,3.0,4.0,3.6330517025018407,3.611943526257344,0.02110817624449668
R020,2026-06-01 13:00:00,5.0,2.0,3.6288978295422156,3.5936723933102455,0.035225436231970164
R021,2026-06-01 13:00:00,8.0,1.0,3.6288978295422156,3.68982502071139,-0.06092719116917422
R022,2026-06-01 13:00:00,2.0,4.0,3.679020467604875,3.7148158367403625,-0.03579536913548731
R023,2026-06-01 13:00:00,4.0,4.0,3.6330517025018407,3.602847248080471,0.030204454421369764
R024,2026-06-01 13:00:00,1.0,2.0,3.6288978295422156,3.814607766084774,-0.1857099365425583
R025,2026-06-01 13:00:00,4.0,2.0,3.6288978295422156,3.685298038547529,-0.056400209005313506
R001,2026-06-01 14:00:00,3.0,3.0,2.857337272194886,2.8889354487876395,-0.031598176592753546
R002,2026-06-01 14:00:00,6.0,2.0,2.6921174253683633,2.7402779851937287,-0.04816055982536538
R003,2026-06-01 14:00:00,3.0,3.0,2.862563048152336,2.7765722097703422,0.08599083838199384
R004,2026-06-01 14:00:00,3.0,0.0,3.0721287791450345,2.7779312878238844,0.29419749132115003
R005,2026-06-01 14:00:00,0.0,4.0,2.855321654050256,3.089698348022778,-0.2343766939725218
R006,2026-06-01 14:00:00,3.0,2.0,2.6921174253683633,2.9392891792711326,-0.24717175390276935
R007,2026-06-01 14:00:00,6.0,7.0,2.855321654050256,2.891508832084003,-0.036187178033746825
R008,2026-06-01 14:00:00,7.0,2.0,2.646918287354375,2.8131556934327193,-0.16623740607834447
R009,2026-06-01 14:00:00,5.0,3.0,2.855321654050256,2.969365547181897,-0.11404389313164076
R010,2026-06-01 14:00:00,1.0,4.0,2.852425904348483,2.9100961895481703,-0.05767028519968731
R011,2026-06-01 14:00:00,2.0,1.0,3.0721287791450345,2.989394154362179,0.08273462478285554
R012,2026-06-01 14:00:00,7.0,6.0,2.857651680305933,2.900651577016475,-0.04299989671054183
R013,2026-06-01 14:00:00,0.0,3.0,2.852425904348483,2.909272460651331,-0.05684655630284796
R014,2026-06-01 14:00:00,0.0,5.0,2.857651680305933,2.7691878341922274,0.08846384611370572
R015,2026-06-01 14:00:00,5.0,5.0,2.855321654050256,2.8488914999670056,0.006430154083250539
R016,2026-06-01 14:00:00,2.0,2.0,3.0964026672997043,2.856151610980006,0.24025105631969845
R017,2026-06-01 14:00:00,1.0,1.0,2.6921174253683633,2.8602892187501032,-0.16817179338173993
R018,2026-06-01 14:00:00,1.0,3.0,2.857651680305933,2.8438903223258754,0.013761357980057731
R019,2026-06-01 14:00:00,2.0,2.0,3.0721287791450345,2.874193496899425,0.1979352822456093
R020,2026-06-01 14:00:00,6.0,6.0,2.862563048152336,2.6944435833124074,0.16811946483992868
R021,2026-06-01 14:00:00,5.0,4.0,2.855321654050256,2.826252421377826,0.02906923267243
R022,2026-06-01 14:00:00,2.0,3.0,2.857651680305933,2.845679531639111,0.011972148666822058
R023,2026-06-01 14:00:00,5.0,3.0,2.852425904348483,2.944861756557432,-0.09243585220894923
R024,2026-06-01 14:00:00,1.0,4.0,2.857651680305933,2.778274101428143,0.07937757887779018
R025,2026-06-01 14:00:00,1.0,4.0,2.852425904348483,2.880164890866221,-0.027738986517737985
R001,2026-06-01 15:00:00,0.0,2.0,1.9831018550427404,1.8451611738287483,0.13794068121399206
R002,2026-06-01 15:00:00,1.0,1.0,1.8672295035289734,1.8200634898255064,0.04716601370346707
R003,2026-06-01 15:00:00,1.0,2.0,1.9831018550427404,1.8422055827586057,0.1408962722841347
R004,2026-06-01 15:00:00,3.0,1.0,1.8083145179836488,1.755559749104218,0.05275476887943076
R005,2026-06-01 15:00:00,2.0,4.0,1.8526413730207016,1.7812702275433732,0.07137114547732848
R006,2026-06-01 15:00:00,2.0,1.0,1.8083145179836488,1.7417085612194387,0.0666059567642101
R007,2026-06-01 15:00:00,2.0,2.0,1.8672295035289734,1.8363936635528066,0.03083583997616679
R008,2026-06-01 15:00:00,2.0,2.0,1.8672295035289734,1.840550233509688,0.026679270019285495
R009,2026-06-01 15:00:00,1.0,0.0,1.836490845792924,1.7547553349006897,0.08173551089223441
R010,2026-06-01 15:00:00,3.0,3.0,1.8639417583615474,1.7853321362251777,0.07860962213636968
R011,2026-06-01 15:00:00,5.0,1.0,1.8083145179836488,1.7577288100541313,0.050585707929517554
R012,2026-06-01 15:00:00,0.0,3.0,1.961616670845236,1.925558804004473,0.03605786684076295
R013,2026-06-01 15:00:00,4.0,1.0,1.8083145179836488,1.7317290849941158,0.07658543298953302
R014,2026-06-01 15:00:00,3.0,2.0,1.8083145179836488,1.7805228147973455,0.027791703186303307
R015,2026-06-01 15:00:00,0.0,3.0,1.9308780131091867,1.840044692752976,0.09083332035621061
R016,2026-06-01 15:00:00,0.0,1.0,1.9831018550427404,1.7204415026602444,0.26266035238249597
R017,2026-06-01 15:00:00,1.0,5.0,1.9089118724775007,1.8652826932481616,0.043629179229339066
R018,2026-06-01 15:00:00,2.0,0.0,1.8083145179836488,1.697688226208836,0.11062629177481287
R019,2026-06-01 15:00:00,1.0,2.0,1.8083145179836488,1.7957341008913357,0.012580417092313168
R020,2026-06-01 15:00:00,3.0,5.0,1.961616670845236,1.8440864470780265,0.11753022376720956
R021,2026-06-01 15:00:00,1.0,1.0,2.094387759684848,1.714084830733808,0.38030292895104023
R022,2026-06-01 15:00:00,2.0,2.0,1.9831018550427404,1.7725579769681197,0.21054387807462072
R023,2026-06-01 15:00:00,3.0,1.0,1.836490845792924,1.7179134202527124,0.11857742554021167
R024,2026-06-01 15:00:00,1.0,2.0,1.9831018550427404,1.7826098473901504,0.20049200765259
R025,2026-06-01 15:00:00,3.0,1.0,1.8083145179836488,1.7440676978870417,0.0642468200966071
R001,2026-06-01 16:00:00,2.0,3.0,1.8639417583615474,1.7473221454216588,0.11661961293988865
R002,2026-06-01 16:00:00,3.0,0.0,1.8083145179836488,1.7283902105652627,0.07992430741838619
R003,2026-06-01 16:00:00,0.0,1.0,1.8083145179836488,1.7356630298945195,0.07265148808912936
R004,2026-06-01 16:00:00,1.0,1.0,1.8083145179836488,1.7390125053278545,0.06930201265579439
R005,2026-06-01 16:00:00,1.0,1.0,1.8083145179836488,1.825607339306103,-0.017292821322454133
R006,2026-06-01 16:00:00,4.0,2.0,1.8083145179836488,1.7844478063804405,0.0238667116032083
R007,2026-06-01 16:00:00,2.0,1.0,1.8083145179836488,1.7582879196016865,0.05002659838196233
R008,2026-06-01 16:00:00,1.0,1.0,1.8083145179836488,1.7450173630079313,0.06329715497571753
R009,2026-06-01 16:00:00,3.0,2.0,1.9831018550427404,1.7773249886868299,0.20577686635591053
R010,2026-06-01 16:00:00,2.0,2.0,1.8083145179836488,1.7381956057882888,0.07011891219536004
R011,2026-06-01 16:00:00,1.0,3.0,1.919577627768341,1.838236507949081,0.08134111981925995
R012,2026-06-01 16:00:00,2.0,3.0,1.8526413730207016,1.7074451465847882,0.14519622643591346
R013,2026-06-01 16:00:00,0.0,2.0,1.8083145179836488,1.8107315248420903,-0.002417006858441484
R014,2026-06-01 16:00:00,1.0,1.0,1.8083145179836488,1.744017114816291,0.06429740316735777
R015,2026-06-01 16:00:00,3.0,0.0,1.8083145179836488,1.7173785044114886,0.09093601357216019
R016,2026-06-01 16:00:00,1.0,0.0,1.9831018550427404,1.714421804670629,0.2686800503721114
R017,2026-06-01 16:00:00,2.0,1.0,1.8083145179836488,1.7446661078473507,0.06364841013629818
R018,2026-06-01 16:00:00,6.0,1.0,1.8083145179836488,1.7396414838336138,0.068673034150035
R019,2026-06-01 16:00:00,1.0,0.0,1.9831018550427404,1.7177713906062635,0.2653304644364769
R020,2026-06-01 16:00:00,1.0,0.0,1.8083145179836488,1.7517094508195747,0.0566050671640741
R021,2026-06-01 16:00:00,2.0,2.0,1.9831018550427404,1.7734403101097223,0.20966154493301814
R022,2026-06-01 16:00:00,1.0,3.0,1.8639417583615474,1.7440483070223796,0.11989345133916784
R023,2026-06-01 16:00:00,4.0,1.0,1.8083145179836488,1.7356012934188505,0.07271322456479834
R024,2026-06-01 16:00:00,2.0,2.0,1.8083145179836488,1.7688952877317359,0.03941923025191296
R025,2026-06-01 16:00:00,1.0,2.0,1.8083145179836488,1.7896553147196765,0.0186592032639723
R001,2026-06-01 17:00:00,3.0,3.0,2.840229252602538,2.803982311312022,0.03624694129051598
R002,2026-06-01 17:00:00,2.0,3.0,2.8131582257418053,2.82007266770104,-0.0069144419592346296
R003,2026-06-01 17:00:00,2.0,1.0,2.8382048737242798,3.04579522643316,-0.20759035270888004
R004,2026-06-01 17:00:00,2.0,3.0,2.840229252602538,2.8588524877833192,-0.01862323518078135
R005,2026-06-01 17:00:00,4.0,4.0,2.840229252602538,2.838640246126998,0.0015890064755397226
R006,2026-06-01 17:00:00,4.0,1.0,2.8382048737242798,3.005358578991797,-0.16715370526751716
R007,2026-06-01 17:00:00,2.0,3.0,2.8131582257418053,2.845389617832945,-0.0322313920911399
R008,2026-06-01 17:00:00,3.0,4.0,2.8131582257418053,2.8954630738142666,-0.0823048480724613
R009,2026-06-01 17:00:00,5.0,5.0,2.840229252602538,2.7202390767984825,0.11999017580405535
R010,2026-06-01 17:00:00,3.0,6.0,2.8131582257418053,2.94010577988215,-0.12694755414034464
R011,2026-06-01 17:00:00,3.0,4.0,2.8131582257418053,2.887857914806218,-0.07469968906441249
R012,2026-06-01 17:00:00,2.0,2.0,3.2125968655868626,2.805331227842199,0.4072656377446635
R013,2026-06-01 17:00:00,2.0,8.0,2.840229252602538,2.9332044283868006,-0.09297517578426273
R014,2026-06-01 17:00:00,0.0,1.0,3.263147266641521,2.8771905560165743,0.38595671062494663
R015,2026-06-01 17:00:00,1.0,4.0,2.840229252602538,2.7368656964171,0.10336355618543802
R016,2026-06-01 17:00:00,5.0,3.0,2.8131582257418053,2.833993144821401,-0.02083491907959578
R017,2026-06-01 17:00:00,4.0,2.0,3.263147266641521,2.870323004321197,0.39282426232032375
R018,2026-06-01 17:00:00,3.0,1.0,3.2069348412401077,2.9712696974799284,0.23566514376017933
R019,2026-06-01 17:00:00,2.0,3.0,2.8131582257418053,2.8180032383364852,-0.004845012594679954
R020,2026-06-01 17:00:00,1.0,2.0,2.8382048737242798,2.8571693071348667,-0.018964433410586956
R021,2026-06-01 17:00:00,3.0,2.0,2.8382048737242798,2.8889316284536557,-0.050726754729375934
R022,2026-06-01 17:00:00,1.0,2.0,3.263147266641521,2.960760383697404,0.30238688294411675
R023,2026-06-01 17:00:00,3.0,4.0,2.840229252602538,2.9183179471541605,-0.0780886945516226
R024,2026-06-01 17:00:00,3.0,0.0,2.8382048737242798,2.9285017436286958,-0.09029686990441599
R025,2026-06-01 17:00:00,5.0,6.0,2.840229252602538,2.953563478418114,-0.11333422581557606
R001,2026-06-01 18:00:00,2.0,4.0,4.051907665113631,3.9954328160035915,0.056474849110039305
R002,2026-06-01 18:00:00,0.0,2.0,3.8380372854076548,3.9661198164502722,-0.12808253104261746
R003,2026-06-01 18:00:00,6.0,2.0,3.8380372854076548,3.9503402029801804,-0.11230291757252564
R004,2026-06-01 18:00:00,6.0,5.0,4.051907665113631,4.0154595226076095,0.03644814250602124
R005,2026-06-01 18:00:00,4.0,1.0,3.8380372854076548,3.9375645768220187,-0.0995272914143639
R006,2026-06-01 18:00:00,3.0,5.0,4.051907665113631,4.0200143819073615,0.031893283206269274
R007,2026-06-01 18:00:00,6.0,2.0,3.8380372854076548,3.9367105002841476,-0.09867321487649283
R008,2026-06-01 18:00:00,2.0,6.0,4.051907665113631,4.0014976566178335,0.05041000849579724
R009,2026-06-01 18:00:00,2.0,3.0,4.035441413912579,3.991147011460767,0.0442944024518126
R010,2026-06-01 18:00:00,4.0,5.0,4.051907665113631,4.028127389426322,0.023780275687308894
R011,2026-06-01 18:00:00,1.0,5.0,4.051907665113631,3.98895762299892,0.06295004211471067
R012,2026-06-01 18:00:00,4.0,6.0,4.051907665113631,4.024337793170748,0.027569871942882962
R013,2026-06-01 18:00:00,7.0,4.0,4.051907665113631,4.011815323053289,0.0400923420603414
R014,2026-06-01 18:00:00,5.0,1.0,3.8380372854076548,3.9842445772521096,-0.1462072918444548
R015,2026-06-01 18:00:00,1.0,5.0,4.051907665113631,4.008069042465786,0.04383862264784444
R016,2026-06-01 18:00:00,7.0,7.0,4.035441413912579,4.0112488073546775,0.024192606557901897
R017,2026-06-01 18:00:00,7.0,2.0,3.427235453400125,3.9848380165437183,-0.5576025631435932
R018,2026-06-01 18:00:00,3.0,6.0,4.051907665113631,4.1241759084381435,-0.07226824332451276
R019,2026-06-01 18:00:00,4.0,1.0,3.8380372854076548,3.9540618523363458,-0.11602456692869101
R020,2026-06-01 18:00:00,1.0,3.0,4.051907665113631,3.92506201787753,0.1268456472361006
R021,2026-06-01 18:00:00,3.0,5.0,4.051907665113631,4.005832519405127,0.04607514570850402
R022,2026-06-01 18:00:00,2.0,5.0,4.051907665113631,4.01717983664956,0.03472782846407085
R023,2026-06-01 18:00:00,3.0,3.0,4.051907665113631,3.9807580634118596,0.0711496017017712
R024,2026-06-01 18:00:00,5.0,4.0,4.051907665113631,4.007666624993883,0.04424104011974794
R025,2026-06-01 18:00:00,5.0,4.0,4.035441413912579,4.008543787037079,0.02689762687550079
R001,2026-06-01 19:00:00,8.0,6.0,4.256551635061391,4.28077501344345,-0.024223378382059124
R002,2026-06-01 19:00:00,2.0,5.0,4.256551635061391,4.2994998845562495,-0.04294824949485854
R003,2026-06-01 19:00:00,6.0,3.0,4.352620595055858,4.4183269563174035,-0.06570636126154561
R004,2026-06-01 19:00:00,1.0,3.0,4.352620595055858,4.4016832381499995,-0.049062643094141656
R005,2026-06-01 19:00:00,2.0,5.0,4.256551635061391,4.304184469860012,-0.04763283479862057
R006,2026-06-01 19:00:00,9.0,1.0,3.939969105412852,4.150168065875254,-0.2101989604624026
R007,2026-06-01 19:00:00,6.0,4.0,4.352620595055858,4.395839132928905,-0.04321853787304697
R008,2026-06-01 19:00:00,3.0,7.0,4.256551635061391,4.266091371054371,-0.009539735992979637
R009,2026-06-01 19:00:00,3.0,1.0,3.939969105412852,4.22488871752081,-0.284919612107958
R010,2026-06-01 19:00:00,5.0,5.0,4.256551635061391,4.316405000145996,-0.059853365084604704
R011,2026-06-01 19:00:00,5.0,4.0,4.256551635061391,4.28691515921136,-0.030363524149969123
R012,2026-06-01 19:00:00,4.0,2.0,3.939969105412852,4.314087501772851,-0.3741183963599988
R013,2026-06-01 19:00:00,4.0,4.0,4.352620595055858,4.380671456467921,-0.028050861412062922
R014,2026-06-01 19:00:00,4.0,9.0,4.318891662408331,4.325777595418521,-0.00688593301019047
R015,2026-06-01 19:00:00,10.0,3.0,4.256551635061391,4.2688631171294915,-0.01231148206810051
R016,2026-06-01 19:00:00,8.0,1.0,4.116470435459836,4.177617157844674,-0.06114672238483809
R017,2026-06-01 19:00:00,4.0,1.0,4.116470435459836,4.31202002595426,-0.19554959049442378
R018,2026-06-01 19:00:00,4.0,3.0,4.256551635061391,4.227191309929039,0.02936032513235176
R019,2026-06-01 19:00:00,7.0,3.0,4.256551635061391,4.342612903955055,-0.08606126889366372
R020,2026-06-01 19:00:00,9.0,3.0,4.256551635061391,4.2869305765966725,-0.030378941535281534
R021,2026-06-01 19:00:00,3.0,4.0,4.256551635061391,4.268835773259821,-0.012284138198429773
R022,2026-06-01 19:00:00,3.0,8.0,4.256551635061391,4.287229166766199,-0.030677531704808025
R023,2026-06-01 19:00:00,4.0,4.0,4.256551635061391,4.061690105907302,0.19486152915408894
R024,2026-06-01 19:00:00,4.0,2.0,3.660480576857925,4.0827593081071,-0.4222787312491749
R025,2026-06-01 19:00:00,3.0,3.0,4.318891662408331,4.320872457635021,-0.0019807952266903683
