menu_item_id,item_name,units_sold,order_count,gross_item_sales,revenue,estimated_cost,contribution_margin,contribution_margin_pct
M0001,Classic Burger 1,342984,187164,501606010.4,487949712.4395692,232649477.03999996,255300235.3995692,0.5232101359854521
M0002,Signature Pizza 1,209099,121270,107445417.3,104409845.47150995,52711766.910000004,51698078.561509944,0.4951456285376523
M0003,Fresh Pakistani 1,155614,92837,161436116.3,156921826.0072087,90144077.91999999,66777748.08720872,0.42554786536922573
M0004,Spicy BBQ 1,125902,76168,223903548.0,217873332.42659923,87782651.46,130090680.96659924,0.5970931803249777
M0005,House Beverage 1,107695,65883,45752402.769999996,44457279.25990392,18207993.65,26249285.609903924,0.5904384174399576
M0006,Double Dessert 1,94258,58007,166711059.1,162218836.7984619,83156292.76,79062544.03846191,0.48738201801242076
M0007,Smoky Chinese 1,85131,52498,107678496.0,104697640.51078682,53937298.980000004,50760341.53078681,0.4848279415194372
M0008,Royal Fast Food 1,77079,47800,67013493.800000004,65105153.2711769,32049448.2,33055705.071176898,0.5077279356596061
M0009,Special Breakfast 1,70255,43848,115234822.04999998,112168634.58569407,68229548.35,43939086.23569408,0.39172346528053437
M0010,Grilled Salad 1,65204,40567,27691266.759999998,26900966.86005284,15585712.12,11315254.74005284,0.4206263216827224
M0011,Tandoori Pasta 1,61154,38129,69464427.66999999,67518304.0736212,33892158.34,33626145.733621195,0.49803007043772346
M0012,Fiery Seafood 1,57751,36127,32515206.72,31574964.139811814,13662154.07,17912810.069811814,0.5673105435843124
M0013,Crispy Sandwiche 1,53761,33982,79693072.5,77546305.56713906,49518181.879999995,28028123.687139064,0.36143725329213144
M0014,Masala Rice 1,51637,32300,87234408.56,84870735.61425254,34841549.38,50029186.234252535,0.5894751102622824
M0015,Herb Coffee & Tea 1,49192,30853,81653728.80000001,79449795.16417928,45777583.28,33672211.88417928,0.4238174788820692
M0016,Cheesy Burger 2,46615,29343,56656195.419999994,55104809.02598505,26849773.85,28255035.175985046,0.5127508047920317
M0017,Creamy Pizza 2,44729,28064,32232033.449999996,31317012.336360734,16615034.34,14701977.996360734,0.4694565956181889
M0018,Deluxe Pakistani 2,42509,26766,50380833.0,48988657.666452065,21007097.62,27981560.046452064,0.5711844614516581
M0019,Supreme BBQ 2,41534,26170,25842187.45,25116563.406350505,12587709.38,12528854.026350504,0.49882835576075235
M0020,Loaded Beverage 2,39949,25184,43841457.54,42645596.81738502,18429672.17,24215924.647385016,0.5678411478465483
M0021,Classic Dessert 2,38762,24521,47878534.489999995,46517526.09996174,21593534.96,24923991.139961742,0.5357978643662703
M0022,Signature Chinese 2,36712,23202,44999882.099999994,43780909.791396804,23875282.079999994,19905627.71139681,0.45466455142758083
M0023,Fresh Fast Food 2,35548,22563,20375069.400000002,19793620.46144396,8275218.92,11518401.54144396,0.5819249471758177
M0024,Spicy Breakfast 2,34927,22069,20026580.750000004,19466191.008831143,12139926.660000002,7326264.348831141,0.3763583921223965
M0025,House Salad 2,33822,21445,8690334.9,8449407.996954102,5450415.3,2998992.6969541023,0.35493524493493495
M0026,Double Pasta 2,32624,20749,14512040.999999998,14097223.435606372,7063422.239999999,7033801.195606372,0.49894940147154043
M0027,Smoky Seafood 2,31440,19915,24527244.229999997,23825700.79871264,15300904.799999999,8524795.998712642,0.3577983317566574
M0028,Royal Sandwiche 2,31112,19783,26734958.92,25974858.888679124,16469759.440000001,9505099.448679123,0.3659345942711482
M0029,Special Rice 2,30519,19462,19911477.3,19349857.312511288,12318078.780000001,7031778.532511286,0.36340208710297095
M0030,Grilled Coffee & Tea 2,29331,18751,7823484.080000001,7598718.171866516,4020986.790000001,3577731.3818665147,0.4708335407296329
M0031,Tandoori Burger 3,28363,18170,48776249.84999999,47397806.04019464,18340650.32,29057155.720194638,0.613048538482
M0032,Fiery Pizza 3,27892,17728,22866065.390000004,22221376.704434015,13988116.92,8233259.784434015,0.3705107876053046
M0033,Crispy Pakistani 3,27542,17594,8432425.39,8188850.4481251305,4503667.84,3685182.6081251306,0.45002441203073473
M0034,Masala BBQ 3,27010,17208,33605324.55,32664314.533664856,14798508.899999999,17865805.633664858,0.5469518001136011
M0035,Herb Beverage 3,26981,17101,24516912.1,23812333.933052097,14914287.37,8898046.563052097,0.3736738527213997
M0036,Cheesy Dessert 3,25544,16425,45214518.519999996,43999509.21495616,16907829.04,27091680.174956158,0.6157268719203634
M0037,Creamy Chinese 3,25414,16212,40430134.92,39310190.87624875,24034528.080000002,15275662.796248745,0.3885929438586958
M0038,Deluxe Fast Food 3,24812,15932,32363317.799999993,31456721.571212083,16872160.0,14584561.571212083,0.4636389567232996
M0039,Supreme Breakfast 3,24323,15418,40589211.61000001,39514472.7856328,15536802.709999997,23977670.0756328,0.6068072881982352
M0040,Loaded Salad 3,23586,15010,10016065.1,9737100.44979913,4321191.0600000005,5415909.389799129,0.5562137740820837
M0041,Classic Pasta 3,23813,15148,36707864.7,35676013.90219154,18071209.440000005,17604804.462191537,0.4934633255401353
M0042,Signature Seafood 3,22978,14591,27466191.67,26724583.097332638,15957072.100000003,10767510.997332634,0.4029066031869112
M0043,Fresh Sandwiche 3,23067,14556,40358442.6,39258338.89130175,16071240.240000002,23187098.65130175,0.5906286232716582
M0044,Spicy Rice 3,22339,14272,7948935.899999999,7722302.306294603,4866774.540000001,2855527.7662946023,0.36977673924614485
M0045,House Coffee & Tea 3,22075,14130,23558520.599999998,22872032.183376547,11111009.749999998,11761022.433376549,0.514209771089973
M0046,Double Burger 4,22016,14021,35677851.5,34678661.26700274,14685112.32,19993548.94700274,0.5765375079812235
M0047,Smoky Pizza 4,21507,13801,34210974.480000004,33299950.057236373,15918406.05,17381544.007236373,0.5219690713457755
M0048,Royal Pakistani 4,21114,13487,32991983.949999996,32068572.4015786,20468967.3,11599605.1015786,0.36171255010427594
M0049,Special BBQ 4,20930,13364,29992615.580000002,29166173.62260171,13995681.700000003,15170491.922601707,0.5201399442690574
M0050,Grilled Beverage 4,20277,12956,16027184.0,15573444.207647676,5847075.72,9726368.487647675,0.6245483245685198
M0051,Tandoori Dessert 4,20140,12860,14906023.049999999,14475311.218955081,8633212.4,5842098.818955081,0.4035905501848547
M0052,Fiery Chinese 4,20095,12837,14097108.559999999,13698029.762977121,8323348.999999999,5374680.762977122,0.3923688921675253
M0053,Crispy Fast Food 4,19405,12466,33935939.9,33031735.621762823,16994122.8,16037612.821762823,0.4855213484815042
M0054,Masala Breakfast 4,19523,12448,21601325.199999996,20977002.345229145,13459741.889999999,7517260.455229146,0.35835723005192954
M0055,Herb Salad 4,18984,12184,16699304.24,16235932.457449326,10403421.84,5832510.617449326,0.35923471797724005
M0056,Cheesy Pasta 4,18697,11940,4612693.71,4481290.441818335,2186240.21,2295050.231818335,0.5121404786446049
M0057,Creamy Seafood 4,18690,11951,9236181.25,8976145.374586908,4359068.699999999,4617076.674586909,0.5143718692055377
M0058,Deluxe Sandwiche 4,18371,11691,24517177.880000003,23855627.663480353,10691370.87,13164256.793480353,0.5518302422884056
M0059,Supreme Rice 4,18291,11750,11927495.249999998,11585194.396506213,4640060.880000001,6945133.516506212,0.5994835545099424
M0060,Loaded Coffee & Tea 4,18156,11657,21182002.999999996,20604988.54871241,9239225.280000001,11365763.268712409,0.5516025035317308
M0061,Classic Burger 5,17831,11396,15504759.599999998,15068311.935671777,7949059.799999999,7119252.135671778,0.4724651418197752
M0062,Signature Pizza 5,17532,11194,17501840.48,17014263.2224155,9992363.4,7021899.822415499,0.41270666443930837
M0063,Fresh Pakistani 5,17300,10991,20687393.64,20111783.77465565,9221072.999999998,10890710.774655653,0.5415089430495889
M0064,Spicy BBQ 5,17054,11001,7075607.699999998,6871471.570036327,2596300.9599999995,4275170.610036327,0.6221623078058847
M0065,House Beverage 5,16926,10789,14219089.030000001,13820814.19569215,7481799.779999999,6339014.415692151,0.4586570896574224
M0066,Double Dessert 5,16852,10719,9652712.350000001,9387137.409754403,5152330.4799999995,4234806.929754403,0.45112868224917135
M0067,Smoky Chinese 5,16863,10750,23990277.6,23373943.14806619,9933824.67,13440118.47806619,0.5750043282353983
M0068,Royal Fast Food 5,16383,10517,14896796.400000002,14487810.456199696,8536689.81,5951120.646199696,0.4107674285352803
M0069,Special Breakfast 5,16429,10495,18985724.569999997,18465635.99070618,10460672.879999999,8004963.11070618,0.43350595206875664
M0070,Grilled Salad 5,16294,10475,26243476.630000003,25537777.917643804,14628427.32,10909350.597643804,0.42718480177974444
M0071,Tandoori Pasta 5,15965,10289,9929404.86,9645816.151450843,5632132.699999999,4013683.4514508434,0.41610615301299714
M0072,Fiery Seafood 5,15761,10111,20872968.95,20291916.322923284,8729072.24,11562844.082923284,0.5698251411504699
M0073,Crispy Sandwiche 5,15716,10051,6514149.599999999,6319868.17828729,2992955.04,3326913.13828729,0.5264212867156506
M0074,Masala Rice 5,15649,9862,11140315.2,10817473.085399762,5361034.42,5456438.665399762,0.5044097288085019
M0075,Herb Coffee & Tea 5,15153,9766,25589704.96,24897197.067717317,9205750.560000002,15691446.507717315,0.6302495202587869
M0076,Cheesy Burger 6,15227,9737,9924070.200000001,9633952.461851945,4575713.5,5058238.961851945,0.5250429646483428
M0077,Creamy Pizza 6,14664,9438,23622131.139999997,22983566.332341764,11516665.680000002,11466900.652341763,0.4989173780313586
M0078,Deluxe Pakistani 6,14883,9540,18520881.75,18032855.955069177,10604583.99,7428271.965069177,0.4119298675471886
M0079,Supreme BBQ 6,14651,9386,15205246.83,14803765.802455122,9151161.110000001,5652604.69245512,0.38183559290823604
M0080,Loaded Beverage 6,14728,9395,12662980.429999998,12312177.192848705,7483591.36,4828585.832848704,0.3921796898482989
M0081,Classic Dessert 6,14345,9141,13035213.2,12662510.3345859,5821774.799999999,6840735.534585901,0.5402353367405652
M0082,Signature Chinese 6,14287,9157,8333763.2700000005,8099589.535567448,3136710.85,4962878.685567448,0.6127321222605331
M0083,Fresh Fast Food 6,14094,9061,7518935.7,7307707.722698147,2804706.0,4503001.722698147,0.6161989359141408
M0084,Spicy Breakfast 6,14421,9134,21965297.2,21368990.190466292,11498584.35,9870405.840466293,0.46190324168289165
M0085,House Salad 6,13988,9005,23789234.000000004,23129634.06497725,11441624.48,11688009.58497725,0.5053261781895271
M0086,Double Pasta 6,13815,8802,23760104.55,23115185.93716242,13075621.200000001,10039564.73716242,0.4343276651312483
M0087,Smoky Seafood 6,13818,8857,22952290.2,22359966.744091753,11733969.239999998,10625997.504091755,0.47522420877032373
M0088,Royal Sandwiche 6,13622,8747,15334943.699999997,14918651.551249282,8917642.299999999,6001009.251249284,0.4022487709853885
M0089,Special Rice 6,13429,8682,15262216.450000003,14817860.397305856,5909968.61,8907891.787305854,0.6011591112658521
M0090,Grilled Coffee & Tea 6,13499,8702,16669981.299999999,16224008.113152202,6219934.23,10004073.883152202,0.6166216025892066
M0091,Tandoori Burger 7,13179,8478,4555818.82,4420762.29164002,2810948.9099999997,1609813.3816400203,0.36414836976968734
M0092,Fiery Pizza 7,13074,8392,11486709.839999998,11173876.6390271,6377889.419999999,4795987.219027101,0.42921426233363924
M0093,Crispy Pakistani 7,12997,8369,11942283.409999998,11600991.105150161,6925321.48,4675669.625150161,0.40304053186235417
M0094,Masala BBQ 7,12851,8295,8007148.779999999,7773247.424564517,3819060.1799999997,3954187.2445645174,0.5086918026137633
M0095,Herb Beverage 7,12953,8260,2945581.3399999994,2858623.4024252617,1727153.02,1131470.3824252617,0.39580952897304345
M0096,Cheesy Dessert 7,12932,8258,9326762.5,9052323.438673832,5547957.319999999,3504366.118673832,0.38712338798040374
M0097,Creamy Chinese 7,12875,8213,4069072.8,3957352.228075195,2242953.7500000005,1714398.4780751946,0.4332185712235819
M0098,Deluxe Fast Food 7,12566,8115,15275428.38,14827053.345802227,7457921.0,7369132.345802227,0.4970058563853852
M0099,Supreme Breakfast 7,12601,8052,7093980.530000001,6895276.274198584,3801469.6799999997,3093806.5941985846,0.4486849360590947
M0100,Loaded Salad 7,12357,7989,21862621.38,21244793.452679936,11028622.5,10216170.952679936,0.4808788080446699
M0101,Classic Pasta 7,12385,7950,6731337.1899999995,6533950.806655523,3710669.8499999996,2823280.9566555237,0.43209400257187613
M0102,Signature Seafood 7,12033,7792,5706020.399999999,5537596.469821088,2358949.3199999994,3178647.1498210886,0.5740120586872207
M0103,Fresh Sandwiche 7,12170,7801,13832878.43,13454950.975923913,8603581.500000002,4851369.475923911,0.3605638909130831
M0104,Spicy Rice 7,12208,7764,2413522.0,2345184.711192263,1206638.7200000002,1138545.9911922626,0.4854824380180442
M0105,House Coffee & Tea 7,11976,7661,15492823.08,15027196.107516574,6025963.92,9001232.187516574,0.5989961216393639
M0106,Double Burger 8,11821,7724,10976387.049999999,10674082.851433614,5210578.590000001,5463504.2614336135,0.5118476535620877
M0107,Smoky Pizza 8,12026,7706,4274846.1,4154297.634801379,1591641.1,2562656.534801379,0.6168687850705483
M0108,Royal Pakistani 8,11767,7569,4994467.0200000005,4848561.813614901,2879031.8899999997,1969529.9236149015,0.406209098558753
M0109,Special BBQ 8,11721,7509,16435530.850000003,15985648.68570978,8550000.66,7435648.02570978,0.465145216931785
M0110,Grilled Beverage 8,11584,7464,18880261.14,18351324.798790604,8224292.4799999995,10127032.318790603,0.5518420293807889
M0111,Tandoori Dessert 8,11360,7234,3140610.2000000007,3052140.1631796076,1937788.8000000003,1114351.3631796073,0.3651049111777085
M0112,Fiery Chinese 8,11504,7385,6933060.18,6731401.285777272,2609912.48,4121488.8057772717,0.6122779835582727
M0113,Crispy Fast Food 8,11495,7398,9546366.899999999,9282273.122294838,5176773.25,4105499.8722948376,0.44229466405528944
M0114,Masala Breakfast 8,11120,7196,7030902.399999999,6835991.625545833,4142644.8000000007,2693346.8255458325,0.39399504462248036
M0115,Herb Salad 8,11444,7307,12883823.999999998,12523343.708278306,7397859.36,5125484.3482783055,0.409274429231724
M0116,Cheesy Pasta 8,11209,7191,4650626.4,4515780.9419892365,1985338.08,2530442.8619892364,0.560355538609133
M0117,Creamy Seafood 8,10942,7095,12315819.0,11981152.777945194,7141843.4,4839309.377945194,0.4039101635406364
M0118,Deluxe Sandwiche 8,11039,7075,14287331.73,13912654.285749432,8742004.879999999,5170649.405749433,0.3716508223053935
M0119,Supreme Rice 8,10906,6945,2588217.6,2514578.0434340774,1221472.0,1293106.0434340774,0.5142437502827013
M0120,Loaded Coffee & Tea 8,10743,6938,18456936.9,17970353.824191537,10761585.39,7208768.434191536,0.40114782962632345
M0121,Classic Burger 9,10857,6993,16197290.41,15749534.105295885,8288668.080000001,7460866.025295884,0.47371979230719713
M0122,Signature Pizza 9,10532,6760,4886718.140000001,4750764.231789097,2514830.96,2235933.271789097,0.47064707122859345
M0123,Fresh Pakistani 9,10599,6820,7751076.350000001,7534126.083362598,3451034.4000000004,4083091.6833625976,0.5419462905431296
M0124,Spicy BBQ 9,10734,6821,10388487.549999999,10107258.073756631,5563646.880000001,4543611.193756631,0.4495394458714832
M0125,House Beverage 9,10492,6754,3316795.2,3219440.654158504,1403934.5200000003,1815506.134158504,0.5639197392296831
M0126,Double Dessert 9,10377,6686,15588561.4,15159005.006978385,5525441.19,9633563.816978384,0.6355010643867202
M0127,Smoky Chinese 9,10410,6711,7908321.26,7688547.719799765,4442571.6,3245976.1197997658,0.422183257241239
M0128,Royal Fast Food 9,10384,6671,10979754.089999998,10656536.67261997,6671720.0,3984816.6726199705,0.3739316810928105
M0129,Special Breakfast 9,10401,6784,18098828.0,17608163.165599674,9416441.34,8191721.825599674,0.4652229621317626
M0130,Grilled Salad 9,10234,6592,10809953.209999999,10507656.523469757,4108234.62,6399421.903469757,0.6090246563709135
M0131,Tandoori Pasta 9,10341,6648,10112119.82,9820658.416800134,5563975.05,4256683.366800134,0.4334417496405592
M0132,Fiery Seafood 9,10020,6375,17532832.29,17039394.860567182,7374519.6,9664875.260567183,0.5672076584676008
M0133,Crispy Sandwiche 9,10163,6481,10039745.0,9747160.985238764,5969949.46,3777211.5252387645,0.3875191484945233
M0134,Masala Rice 9,10193,6543,7347373.08,7138407.468857835,4186876.6799999997,2951530.7888578353,0.41347188455327677
M0135,Herb Coffee & Tea 9,10313,6595,15682566.9,15239984.56793319,8045480.689999999,7194503.877933192,0.47208078498132583
M0136,Cheesy Burger 10,10078,6410,7368675.800000001,7156453.53643475,3721503.0599999996,3434950.4764347505,0.4799794282107499
M0137,Creamy Pizza 10,9837,6352,17204165.519999996,16729463.615518814,7216718.3100000005,9512745.305518813,0.5686222537759352
M0138,Deluxe Pakistani 10,9730,6223,6724772.25,6536073.448512856,3253614.6999999997,3282458.748512856,0.502206527262895
M0139,Supreme BBQ 10,9651,6222,16879529.72,16441613.725126285,8263379.220000001,8178234.505126284,0.49741069470743016
M0140,Loaded Beverage 10,9928,6405,15597434.570000004,15151119.078985015,9250811.12,5900307.958985016,0.38943050531289747
M0141,Classic Dessert 10,9664,6214,12890977.91,12541176.353791697,6010428.159999999,6530748.193791698,0.5207444668312309
M0142,Signature Chinese 10,9655,6182,6963236.139999999,6777553.669484604,3785049.6499999994,2992504.0194846047,0.4415315857929854
M0143,Fresh Fast Food 10,9288,6062,7334512.0,7131077.01088459,3235939.1999999993,3895137.810884591,0.5462201298540471
M0144,Spicy Breakfast 10,9605,6106,5318083.4,5163910.457052881,2876505.4,2287405.057052881,0.44295986076380117
M0145,House Salad 10,9610,6132,16698052.799999997,16246441.96164398,9392141.3,6854300.66164398,0.421895494276606
M0146,Double Pasta 10,9500,6092,2348181.92,2281650.1445224956,1341780.0000000002,939870.1445224953,0.4119256174215928
M0147,Smoky Seafood 10,9380,6094,9646725.4,9384221.234742463,4904895.8,4479325.434742463,0.4773252167328504
M0148,Royal Sandwiche 10,9428,6066,10997989.4,10687953.39167927,4617174.4399999995,6070778.951679271,0.5680020046125446
M0149,Special Rice 10,9562,6091,8688236.2,8433318.463262953,4662813.68,3770504.783262953,0.44709621718756953
M0150,Grilled Coffee & Tea 10,9313,5936,2757935.25,2681533.2056018827,1690868.28,990664.9256018826,0.3694397382558324
M0151,Tandoori Burger 11,9284,5915,5408869.159999999,5258860.199697908,3167329.4400000004,2091530.7596979076,0.39771560381431215
M0152,Fiery Pizza 11,9070,5799,5019572.6,4867689.115146215,2562002.9,2305686.215146215,0.4736716254067834
M0153,Crispy Pakistani 11,9190,5833,15991954.000000004,15564212.226221856,8535580.1,7028632.126221856,0.45158932710904226
M0154,Masala BBQ 11,9158,5827,15008035.1,14623646.987383043,8379478.42,6244168.5673830435,0.426991199443639
M0155,Herb Beverage 11,9187,5881,4820690.199999999,4677116.498917446,1954166.77,2722949.7289174455,0.5821855687254515
M0156,Cheesy Dessert 11,8617,5622,10900483.200000001,10580737.44099995,4267741.59,6312995.8509999495,0.5966498919571839
M0157,Creamy Chinese 11,8857,5651,12787654.550000003,12435412.725604666,4642396.549999999,7793016.1756046675,0.6266793348610579
M0158,Deluxe Fast Food 11,8859,5767,6209060.0600000005,6039577.624845638,2907080.849999999,3132496.774845639,0.5186615636761024
M0159,Supreme Breakfast 11,9210,5863,9455347.200000001,9184482.637139706,5714897.100000001,3469585.5371397054,0.3777660293144424
M0160,Loaded Salad 11,8925,5720,15416261.840000002,14990436.822249845,6711153.749999999,8279283.072249846,0.552304323778021
M0161,Classic Pasta 11,9084,5760,3678314.0,3569556.003526013,2275451.16,1294104.8435260127,0.3625394425098511
M0162,Signature Seafood 11,8901,5701,2904507.2500000005,2820642.7285824385,1341024.66,1479618.0685824386,0.5245676999745535
M0163,Fresh Sandwiche 11,8999,5722,12369171.770000001,12028314.35240897,5263425.11,6764889.242408969,0.5624137384681945
M0164,Spicy Rice 11,8897,5655,11166478.129999999,10851464.482740602,5393094.49,5458369.992740601,0.5030076817209521
M0165,House Coffee & Tea 11,8662,5588,4623647.399999999,4486440.573681866,1716981.6400000001,2769458.9336818657,0.6172953565746369
M0166,Double Burger 12,8637,5559,3154286.95,3066006.6290807435,1157617.1099999999,1908389.5190807437,0.6224348965784594
M0167,Smoky Pizza 12,8568,5489,4735729.600000001,4604267.94841619,2375735.0399999996,2228532.9084161907,0.4840145997981672
M0168,Royal Pakistani 12,8581,5493,14505395.309999999,14123015.990866123,6796237.809999999,7326778.180866124,0.5187828283706981
M0169,Special BBQ 12,8535,5439,9948034.250000002,9684490.480703348,6078456.3,3606034.1807033485,0.3723514611211075
M0170,Grilled Beverage 12,8536,5442,7592089.5,7376280.229941822,3178635.6799999997,4197644.549941822,0.5690733566361442
M0171,Tandoori Dessert 12,8241,5402,13346451.2,12983196.89958271,7083386.729999999,5899810.1695827115,0.45441890893392645
M0172,Fiery Chinese 12,8525,5474,14488372.700000001,14073499.910806146,8394993.75,5678506.1608061455,0.4034892668344696
M0173,Crispy Fast Food 12,8347,5396,14420017.5,14016334.363398988,5312030.8,8704303.563398987,0.6210114098111581
M0174,Masala Breakfast 12,8433,5408,4253260.9799999995,4132686.50585468,2468929.4099999997,1663757.0958546805,0.40258487874598636
M0175,Herb Salad 12,8305,5355,5831045.329999999,5661578.660969162,2298740.95,3362837.710969162,0.5939752695043371
M0176,Cheesy Pasta 12,8444,5388,14846619.550000003,14441115.135914747,7452927.72,6988187.415914747,0.48390912683295995
M0177,Creamy Seafood 12,8255,5292,1631452.0,1580524.3706452625,930008.2999999999,650516.0706452626,0.4115824360112106
M0178,Deluxe Sandwiche 12,8273,5339,2126460.0500000003,2063202.8868372543,1183618.1099999996,879584.7768372546,0.42632005918991156
M0179,Supreme Rice 12,8086,5077,11497852.799999999,11181025.681050194,5688905.3,5492120.381050195,0.49120005066783273
M0180,Loaded Coffee & Tea 12,8097,5203,2000692.54,1947073.6381985743,1136575.89,810497.7481985744,0.41626455841107485
M0181,Classic Burger 13,8153,5244,2254907.9,2188684.99139415,1094214.1300000001,1094470.86139415,0.5000586496903756
M0182,Signature Pizza 13,8111,5173,13229312.180000002,12866285.928313568,4949656.640000001,7916629.288313568,0.6153002764295966
M0183,Fresh Pakistani 13,7866,5122,4897159.98,4763955.524160172,2581542.54,2182412.984160172,0.45810943722966535
M0184,Spicy BBQ 13,7971,5178,8186081.800000001,7948349.149921915,3916949.4,4031399.7499219147,0.5071996302479389
M0185,House Beverage 13,7916,5069,12197191.499999998,11860066.6864936,6492465.719999999,5367600.966493601,0.45257763791550143
M0186,Double Dessert 13,7875,5076,12596382.899999999,12234360.817438915,5890500.0,6343860.817438915,0.5185281774914098
M0187,Smoky Chinese 13,7966,5115,6837686.78,6638281.719712513,3670175.1800000006,2968106.539712512,0.44711970130744216
M0188,Royal Fast Food 13,7882,5072,2259214.2600000002,2190162.301664592,1313377.66,876784.6416645923,0.4003286153716592
M0189,Special Breakfast 13,7835,4999,11614882.5,11271687.11327677,5878835.55,5392851.5632767705,0.4784422694739816
M0190,Grilled Salad 13,7685,4968,2883827.6,2796270.505543482,1300916.8,1495353.705543482,0.534767184569236
M0191,Tandoori Pasta 13,7893,5079,8977975.15,8725873.358398119,4038769.17,4687104.188398119,0.5371501505791473
M0192,Fiery Seafood 13,7533,4876,4021170.75,3901521.1205751593,1542607.74,2358913.3805751596,0.6046137667011809
M0193,Crispy Sandwiche 13,7783,5046,4227038.8,4102438.544202337,1994160.26,2108278.2842023373,0.5139085598690578
M0194,Masala Rice 13,7626,4864,9563766.77,9297950.86881477,4845636.659999998,4452314.208814772,0.4788489713091287
M0195,Herb Coffee & Tea 13,7882,5108,1792766.6300000001,1741578.416175726,768258.54,973319.8761757261,0.5588722661785203
M0196,Cheesy Burger 14,7801,4975,12257981.600000001,11910504.25340868,6237835.62,5672668.63340868,0.47627443076435766
M0197,Creamy Pizza 14,7807,5045,2544110.2199999997,2475594.407507403,1270745.3900000004,1204849.0175074025,0.48669079791649983
M0198,Deluxe Pakistani 14,7613,4866,5115357.800000001,4974261.715778981,2265324.2800000003,2708937.435778981,0.5445908539926422
M0199,Supreme BBQ 14,7621,4809,3311499.4,3222408.5754206367,1733015.4000000001,1489393.1754206365,0.46219873754718355
M0200,Loaded Beverage 14,7362,4766,8429818.600000001,8189765.487101346,3943970.64,4245794.847101346,0.5184269139071631
