menu_item_id,category_id,item_name,base_price,cost_price,preparation_time_min,is_vegetarian,is_available,launch_date,units_sold,order_count,gross_item_sales,revenue,estimated_cost,unit_cost,contribution_margin,contribution_margin_pct,category_name,quantity_wasted,wastage_cost,popularity_threshold_units_p75,margin_threshold_pct_p75,wastage_cost_ratio,performance_class,classification_method
M0001,CAT001,Classic Burger 1,1480.0,678.31,9,True,True,2025-08-09,342984,187164,501606010.3999999,487949712.4395692,232649477.039948,678.31,255300235.3996212,0.5232101359855585,Burgers,1304.0600000000009,884557.03,20140.0,0.5469518001136113,0.0038021019486242547,Volume Driver,within-catalog 75th percentile units and margin%; profit-driver wastage-cost <= 10% of estimated cost; as-of 2026-08-31; descriptive
M0002,CAT002,Signature Pizza 1,520.0,252.09,34,True,True,2025-12-13,209099,121270,107445417.29999997,104409845.47150975,52711766.909990415,252.09,51698078.56151934,0.49514562853774324,Pizza,1256.3999999999996,316725.8,20140.0,0.5469518001136113,0.006008635615285573,Volume Driver,within-catalog 75th percentile units and margin%; profit-driver wastage-cost <= 10% of estimated cost; as-of 2026-08-31; descriptive
M0003,CAT003,Fresh Pakistani 1,1050.0,579.28,32,False,True,2025-06-21,155614,92837,161436116.3,156921826.00720862,90144077.91999228,579.28,66777748.08721633,0.4255478653692745,Pakistani,1183.5099999999998,685583.5800000001,20140.0,0.5469518001136113,0.007605420076607721,Volume Driver,within-catalog 75th percentile units and margin%; profit-driver wastage-cost <= 10% of estimated cost; as-of 2026-08-31; descriptive
M0004,CAT004,Spicy BBQ 1,1800.0,697.23,36,True,True,2025-04-26,125902,76168,223903548.0,217873332.4265992,87782651.46001661,697.23,130090680.9665826,0.5970931803249014,BBQ,1157.02,806708.9500000003,20140.0,0.5469518001136113,0.009189844879172298,Profit Driver,within-catalog 75th percentile units and margin%; profit-driver wastage-cost <= 10% of estimated cost; as-of 2026-08-31; descriptive
M0005,CAT005,House Beverage 1,430.0,169.07,32,False,True,2025-12-31,107695,65883,45752402.76999999,44457279.25990392,18207993.649999652,169.07,26249285.60990427,0.5904384174399655,Beverages,1086.61,183713.22000000003,20140.0,0.5469518001136113,0.010089701453735049,Profit Driver,within-catalog 75th percentile units and margin%; profit-driver wastage-cost <= 10% of estimated cost; as-of 2026-08-31; descriptive
M0006,CAT006,Double Dessert 1,1790.0,882.22,40,False,False,2025-04-28,94258,58007,166711059.1,162218836.7984619,83156292.76000367,882.22,79062544.03845824,0.48738201801239817,Desserts,1158.0699999999997,1021672.4999999999,20140.0,0.5469518001136113,0.012286171810816964,Volume Driver,within-catalog 75th percentile units and margin%; profit-driver wastage-cost <= 10% of estimated cost; as-of 2026-08-31; descriptive
M0007,CAT007,Smoky Chinese 1,1280.0,633.58,22,False,True,2025-07-29,85131,52498,107678495.99999999,104697640.51078677,53937298.98000401,633.58,50760341.53078276,0.48482794151939873,Chinese,1197.5,758712.0600000002,20140.0,0.5469518001136113,0.014066556434004507,Volume Driver,within-catalog 75th percentile units and margin%; profit-driver wastage-cost <= 10% of estimated cost; as-of 2026-08-31; descriptive
M0008,CAT008,Royal Fast Food 1,880.0,415.8,21,False,True,2025-11-15,77079,47800,67013493.8,65105153.27117691,32049448.19999846,415.8,33055705.07117845,0.5077279356596298,Fast Food,1206.12,501504.6799999998,20140.0,0.5469518001136113,0.015647841325393673,Volume Driver,within-catalog 75th percentile units and margin%; profit-driver wastage-cost <= 10% of estimated cost; as-of 2026-08-31; descriptive
M0009,CAT009,Special Breakfast 1,1660.0,971.17,24,False,True,2025-06-10,70255,43848,115234822.05,112168634.58569412,68229548.34999628,971.17,43939086.235697836,0.3917234652805677,Breakfast,1099.6500000000003,1067947.0300000003,20140.0,0.5469518001136113,0.01565226585586886,Volume Driver,within-catalog 75th percentile units and margin%; profit-driver wastage-cost <= 10% of estimated cost; as-of 2026-08-31; descriptive
M0010,CAT010,Grilled Salad 1,430.0,239.03,39,False,True,2025-03-01,65204,40567,27691266.759999994,26900966.86005283,15585712.120001156,239.03,11315254.740051676,0.4206263216826792,Salads,1177.92,281558.1999999999,20140.0,0.5469518001136113,0.01806514824809808,Volume Driver,within-catalog 75th percentile units and margin%; profit-driver wastage-cost <= 10% of estimated cost; as-of 2026-08-31; descriptive
M0011,CAT011,Tandoori Pasta 1,1150.0,554.21,12,False,True,2025-08-05,61154,38129,69464427.67,67518304.07362117,33892158.33999838,554.21,33626145.73362279,0.4980300704377473,Pasta,1211.9399999999998,671669.3100000002,20140.0,0.5469518001136113,0.01981783819318815,Volume Driver,within-catalog 75th percentile units and margin%; profit-driver wastage-cost <= 10% of estimated cost; as-of 2026-08-31; descriptive
M0012,CAT012,Fiery Seafood 1,570.0,236.57,41,False,True,2025-11-04,57751,36127,32515206.72,31574964.139811806,13662154.069999969,236.57,17912810.069811836,0.5673105435843133,Seafood,1100.1399999999999,260260.15999999977,20140.0,0.5469518001136113,0.019049716367310763,Profit Driver,within-catalog 75th percentile units and margin%; profit-driver wastage-cost <= 10% of estimated cost; as-of 2026-08-31; descriptive
M0013,CAT013,Crispy Sandwiche 1,1500.0,921.08,39,False,True,2025-10-30,53761,33982,79693072.5,77546305.56713906,49518181.88000246,921.08,28028123.687136598,0.36143725329209964,Sandwiches,1150.5700000000008,1059767.05,20140.0,0.5469518001136113,0.02140157432613613,Volume Driver,within-catalog 75th percentile units and margin%; profit-driver wastage-cost <= 10% of estimated cost; as-of 2026-08-31; descriptive
M0014,CAT014,Masala Rice 1,1710.0,674.74,38,False,True,2025-06-17,51637,32300,87234408.55999997,84870735.61425251,34841549.38000244,674.74,50029186.23425007,0.5894751102622536,Rice,1155.99,779992.5600000005,20140.0,0.5469518001136113,0.02238685058155545,Profit Driver,within-catalog 75th percentile units and margin%; profit-driver wastage-cost <= 10% of estimated cost; as-of 2026-08-31; descriptive
M0015,CAT015,Herb Coffee & Tea 1,1680.0,930.59,17,False,True,2026-02-07,49192,30853,81653728.80000001,79449795.16417933,45777583.279998064,930.59,33672211.88418126,0.4238174788820939,Coffee & Tea,1125.9600000000005,1047807.01,20140.0,0.5469518001136113,0.022889085332248767,Volume Driver,within-catalog 75th percentile units and margin%; profit-driver wastage-cost <= 10% of estimated cost; as-of 2026-08-31; descriptive
M0016,CAT001,Cheesy Burger 2,1230.0,575.99,38,False,True,2025-04-02,46615,29343,56656195.42,55104809.02598506,26849773.850001458,575.99,28255035.175983604,0.5127508047920054,Burgers,1156.8900000000008,666357.2,20140.0,0.5469518001136113,0.024817981846799196,Volume Driver,within-catalog 75th percentile units and margin%; profit-driver wastage-cost <= 10% of estimated cost; as-of 2026-08-31; descriptive
M0017,CAT002,Creamy Pizza 2,730.0,371.46,19,False,False,2026-02-26,44729,28064,32232033.44999998,31317012.33636072,16615034.339999298,371.46,14701977.996361421,0.46945659561821107,Pizza,1154.2999999999997,428776.19999999995,20140.0,0.5469518001136113,0.02580651903726478,Volume Driver,within-catalog 75th percentile units and margin%; profit-driver wastage-cost <= 10% of estimated cost; as-of 2026-08-31; descriptive
M0018,CAT003,Deluxe Pakistani 2,1200.0,494.18,7,False,True,2025-06-30,42509,26766,50380833.0,48988657.66645205,21007097.62000041,494.18,27981560.04645164,0.5711844614516496,Pakistani,1128.2400000000002,557553.6000000001,20140.0,0.5469518001136113,0.02654120098290804,Profit Driver,within-catalog 75th percentile units and margin%; profit-driver wastage-cost <= 10% of estimated cost; as-of 2026-08-31; descriptive
M0019,CAT004,Supreme BBQ 2,630.0,303.07,39,True,True,2025-12-18,41534,26170,25842187.449999996,25116563.406350516,12587709.379999917,303.07,12528854.026350599,0.4988283557607559,BBQ,1185.9299999999996,359419.8000000002,20140.0,0.5469518001136113,0.028553233090292604,Volume Driver,within-catalog 75th percentile units and margin%; profit-driver wastage-cost <= 10% of estimated cost; as-of 2026-08-31; descriptive
M0020,CAT005,Loaded Beverage 2,1110.0,461.33,35,False,True,2025-04-19,39949,25184,43841457.54000001,42645596.81738502,18429672.17000041,461.33,24215924.647384606,0.5678411478465387,Beverages,1181.1400000000008,544895.3400000001,20140.0,0.5469518001136113,0.029566198192443913,Profit Driver,within-catalog 75th percentile units and margin%; profit-driver wastage-cost <= 10% of estimated cost; as-of 2026-08-31; descriptive
M0021,CAT006,Classic Dessert 2,1250.0,557.08,31,False,True,2026-02-08,38762,24521,47878534.489999995,46517526.09996173,21593534.960000683,557.08,24923991.139961045,0.5357978643662555,Desserts,1185.2699999999993,660290.1100000001,20140.0,0.5469518001136113,0.030578138837531917,Volume Driver,within-catalog 75th percentile units and margin%; profit-driver wastage-cost <= 10% of estimated cost; as-of 2026-08-31; descriptive
M0022,CAT007,Signature Chinese 2,1240.0,650.34,8,False,True,2025-04-25,36712,23202,44999882.10000001,43780909.79139681,23875282.079999954,650.34,19905627.711396858,0.4546645514275819,Chinese,1192.6999999999991,775660.5199999998,20140.0,0.5469518001136113,0.03248801490181184,Volume Driver,within-catalog 75th percentile units and margin%; profit-driver wastage-cost <= 10% of estimated cost; as-of 2026-08-31; descriptive
M0023,CAT008,Fresh Fast Food 2,580.0,232.79,33,True,True,2025-10-23,35548,22563,20375069.4,19793620.461443964,8275218.920000093,232.79,11518401.541443871,0.581924947175813,Fast Food,1273.6000000000004,296481.3,20140.0,0.5469518001136113,0.035827608050760386,Profit Driver,within-catalog 75th percentile units and margin%; profit-driver wastage-cost <= 10% of estimated cost; as-of 2026-08-31; descriptive
M0024,CAT009,Spicy Breakfast 2,580.0,347.58,33,False,True,2025-04-20,34927,22069,20026580.750000004,19466191.00883115,12139926.660000028,347.58,7326264.348831123,0.3763583921223954,Breakfast,1120.2399999999996,389372.96999999974,20140.0,0.5469518001136113,0.03207374977667277,Volume Driver,within-catalog 75th percentile units and margin%; profit-driver wastage-cost <= 10% of estimated cost; as-of 2026-08-31; descriptive
M0025,CAT010,House Salad 2,260.0,161.15,5,False,True,2025-06-30,33822,21445,8690334.9,8449407.996954104,5450415.300000183,161.15,2998992.6969539206,0.35493524493491335,Salads,1136.9300000000003,183216.27999999997,20140.0,0.5469518001136113,0.03361510452240104,Volume Driver,within-catalog 75th percentile units and margin%; profit-driver wastage-cost <= 10% of estimated cost; as-of 2026-08-31; descriptive
M0026,CAT011,Double Pasta 2,450.0,216.51,18,False,True,2025-05-24,32624,20749,14512041.0,14097223.435606373,7063422.240000201,216.51,7033801.195606172,0.49894940147152617,Pasta,1171.7600000000002,253697.75000000006,20140.0,0.5469518001136113,0.03591711515748106,Volume Driver,within-catalog 75th percentile units and margin%; profit-driver wastage-cost <= 10% of estimated cost; as-of 2026-08-31; descriptive
M0027,CAT012,Smoky Seafood 2,790.0,486.67,21,False,True,2025-07-25,31440,19915,24527244.229999997,23825700.79871264,15300904.799999865,486.67,8524795.998712776,0.357798331756663,Seafood,1249.1999999999996,607948.1099999999,20140.0,0.5469518001136113,0.039732820898278204,Volume Driver,within-catalog 75th percentile units and margin%; profit-driver wastage-cost <= 10% of estimated cost; as-of 2026-08-31; descriptive
M0028,CAT013,Royal Sandwiche 2,870.0,529.37,40,False,True,2025-06-06,31112,19783,26734958.92,25974858.888679117,16469759.440000687,529.37,9505099.44867843,0.3659345942711216,Sandwiches,1206.5000000000002,638684.9299999995,20140.0,0.5469518001136113,0.038779250682241466,Volume Driver,within-catalog 75th percentile units and margin%; profit-driver wastage-cost <= 10% of estimated cost; as-of 2026-08-31; descriptive
M0029,CAT014,Special Rice 2,660.0,403.62,42,False,True,2025-08-08,30519,19462,19911477.3,19349857.312511288,12318078.780000396,403.62,7031778.532510892,0.3634020871029505,Rice,1141.5500000000004,460752.50000000023,20140.0,0.5469518001136113,0.03740457487153572,Volume Driver,within-catalog 75th percentile units and margin%; profit-driver wastage-cost <= 10% of estimated cost; as-of 2026-08-31; descriptive
M0030,CAT015,Grilled Coffee & Tea 2,270.0,137.09,37,False,True,2025-03-30,29331,18751,7823484.079999998,7598718.171866517,4020986.7900001057,137.09,3577731.381866411,0.4708335407296192,Coffee & Tea,1330.9399999999996,182458.45,20140.0,0.5469518001136113,0.04537653554439934,Volume Driver,within-catalog 75th percentile units and margin%; profit-driver wastage-cost <= 10% of estimated cost; as-of 2026-08-31; descriptive
M0031,CAT001,Tandoori Burger 3,1740.0,646.64,16,True,True,2025-06-29,28363,18170,48776249.849999994,47397806.04019464,18340650.319999643,646.64,29057155.720194995,0.6130485384820076,Burgers,1060.6200000000001,685839.4100000001,20140.0,0.5469518001136113,0.03739449790676853,Profit Driver,within-catalog 75th percentile units and margin%; profit-driver wastage-cost <= 10% of estimated cost; as-of 2026-08-31; descriptive
M0032,CAT002,Fiery Pizza 3,830.0,501.51,41,True,True,2026-01-12,27892,17728,22866065.389999997,22221376.70443401,13988116.920000214,501.51,8233259.784433797,0.3705107876052949,Pizza,1159.5700000000004,581536.0300000003,20140.0,0.5469518001136113,0.04157357515138581,Volume Driver,within-catalog 75th percentile units and margin%; profit-driver wastage-cost <= 10% of estimated cost; as-of 2026-08-31; descriptive
M0033,CAT003,Crispy Pakistani 3,310.0,163.52,41,False,True,2025-06-13,27542,17594,8432425.390000002,8188850.44812513,4503667.8400000585,163.52,3685182.608125071,0.4500244120307275,Pakistani,1197.99,195895.37999999995,20140.0,0.5469518001136113,0.043496853444679746,Volume Driver,within-catalog 75th percentile units and margin%; profit-driver wastage-cost <= 10% of estimated cost; as-of 2026-08-31; descriptive
M0034,CAT004,Masala BBQ 3,1260.0,547.89,21,False,True,2025-08-01,27010,17208,33605324.55,32664314.53366486,14798508.89999967,547.89,17865805.63366519,0.5469518001136112,BBQ,1156.1500000000003,633442.9999999995,20140.0,0.5469518001136113,0.042804515257615826,Volume Driver,within-catalog 75th percentile units and margin%; profit-driver wastage-cost <= 10% of estimated cost; as-of 2026-08-31; descriptive
M0035,CAT005,Herb Beverage 3,920.0,552.77,9,True,True,2025-12-14,26981,17101,24516912.099999998,23812333.9330521,14914287.370000342,552.77,8898046.563051758,0.37367385272138537,Beverages,1083.7399999999996,599058.9799999996,20140.0,0.5469518001136113,0.04016678538761359,Volume Driver,within-catalog 75th percentile units and margin%; profit-driver wastage-cost <= 10% of estimated cost; as-of 2026-08-31; descriptive
M0036,CAT006,Cheesy Dessert 3,1790.0,661.91,18,False,True,2025-08-26,25544,16425,45214518.52,43999509.21495616,16907829.039999682,661.91,27091680.174956474,0.6157268719203706,Desserts,1215.0700000000008,804266.9299999997,20140.0,0.5469518001136113,0.04756772310018666,Profit Driver,within-catalog 75th percentile units and margin%; profit-driver wastage-cost <= 10% of estimated cost; as-of 2026-08-31; descriptive
M0037,CAT007,Creamy Chinese 3,1610.0,945.72,28,False,True,2025-12-04,25414,16212,40430134.92,39310190.87624874,24034528.08000028,945.72,15275662.796248458,0.3885929438586886,Chinese,1172.1100000000001,1108487.89,20140.0,0.5469518001136113,0.04612064303115649,Volume Driver,within-catalog 75th percentile units and margin%; profit-driver wastage-cost <= 10% of estimated cost; as-of 2026-08-31; descriptive
M0038,CAT008,Deluxe Fast Food 3,1320.0,680.0,38,True,True,2025-08-01,24812,15932,32363317.800000004,31456721.571212083,16872160.0,680.0,14584561.571212083,0.4636389567232996,Fast Food,1245.3999999999999,846871.9999999998,20140.0,0.5469518001136113,0.050193454779945176,Volume Driver,within-catalog 75th percentile units and margin%; profit-driver wastage-cost <= 10% of estimated cost; as-of 2026-08-31; descriptive
M0039,CAT009,Supreme Breakfast 3,1690.0,638.77,13,True,True,2025-12-09,24323,15418,40589211.60999999,39514472.78563277,15536802.710000314,638.77,23977670.075632453,0.6068072881982268,Breakfast,1274.3799999999997,814035.6999999997,20140.0,0.5469518001136113,0.052394029530673195,Profit Driver,within-catalog 75th percentile units and margin%; profit-driver wastage-cost <= 10% of estimated cost; as-of 2026-08-31; descriptive
M0040,CAT010,Loaded Salad 3,430.0,183.21,18,False,True,2026-01-19,23586,15010,10016065.100000001,9737100.44979913,4321191.060000064,183.21,5415909.389799066,0.5562137740820773,Salads,1160.7900000000004,212668.35,20140.0,0.5469518001136113,0.049215215677132516,Profit Driver,within-catalog 75th percentile units and margin%; profit-driver wastage-cost <= 10% of estimated cost; as-of 2026-08-31; descriptive
M0041,CAT011,Classic Pasta 3,1560.0,758.88,21,False,True,2025-04-17,23813,15148,36707864.7,35676013.902191535,18071209.439999375,758.88,17604804.46219216,0.4934633255401528,Pasta,1182.1000000000004,897072.0099999998,20140.0,0.5469518001136113,0.04964095031815595,Volume Driver,within-catalog 75th percentile units and margin%; profit-driver wastage-cost <= 10% of estimated cost; as-of 2026-08-31; descriptive
M0042,CAT012,Signature Seafood 3,1210.0,694.45,7,True,True,2026-01-21,22978,14591,27466191.670000006,26724583.09733264,15957072.099999633,694.45,10767510.997333009,0.4029066031869251,Seafood,1102.57,765679.7600000005,20140.0,0.5469518001136113,0.04798372503437007,Volume Driver,within-catalog 75th percentile units and margin%; profit-driver wastage-cost <= 10% of estimated cost; as-of 2026-08-31; descriptive
M0043,CAT013,Fresh Sandwiche 3,1770.0,696.72,33,False,True,2025-03-05,23067,14556,40358442.59999999,39258338.89130175,16071240.239999576,696.72,23187098.651302174,0.590628623271669,Sandwiches,1238.6100000000006,862964.4299999997,20140.0,0.5469518001136113,0.05369619376681177,Profit Driver,within-catalog 75th percentile units and margin%; profit-driver wastage-cost <= 10% of estimated cost; as-of 2026-08-31; descriptive
M0044,CAT014,Spicy Rice 3,360.0,217.86,14,False,True,2025-12-24,22339,14272,7948935.8999999985,7722302.306294602,4866774.5399998445,217.86,2855527.766294758,0.369776739246165,Rice,1190.4799999999998,259358.00999999966,20140.0,0.5469518001136113,0.053291560533233154,Volume Driver,within-catalog 75th percentile units and margin%; profit-driver wastage-cost <= 10% of estimated cost; as-of 2026-08-31; descriptive
M0045,CAT015,House Coffee & Tea 3,1080.0,503.33,7,False,True,2025-03-21,22075,14130,23558520.6,22872032.183376547,11111009.749999981,503.33,11761022.433376566,0.5142097710899737,Coffee & Tea,1259.2800000000002,633833.4899999998,20140.0,0.5469518001136113,0.05704553449788853,Volume Driver,within-catalog 75th percentile units and margin%; profit-driver wastage-cost <= 10% of estimated cost; as-of 2026-08-31; descriptive
M0046,CAT001,Double Burger 4,1640.0,667.02,20,False,True,2025-12-12,22016,14021,35677851.5,34678661.26700276,14685112.320000274,667.02,19993548.947002485,0.5765375079812158,Burgers,1152.1700000000005,768520.3699999999,20140.0,0.5469518001136113,0.052333298735027005,Profit Driver,within-catalog 75th percentile units and margin%; profit-driver wastage-cost <= 10% of estimated cost; as-of 2026-08-31; descriptive
M0047,CAT002,Smoky Pizza 4,1610.0,740.15,44,False,True,2025-06-30,21507,13801,34210974.48,33299950.057236377,15918406.049999774,740.15,17381544.007236604,0.5219690713457823,Pizza,1265.1200000000008,936378.6100000001,20140.0,0.5469518001136113,0.058823641453725414,Volume Driver,within-catalog 75th percentile units and margin%; profit-driver wastage-cost <= 10% of estimated cost; as-of 2026-08-31; descriptive
M0048,CAT003,Royal Pakistani 4,1580.0,969.45,16,False,False,2025-08-18,21114,13487,32991983.950000007,32068572.40157861,20468967.299999945,969.45,11599605.101578664,0.36171255010427783,Pakistani,1186.3099999999997,1150068.3800000008,20140.0,0.5469518001136113,0.0561859503288182,Volume Driver,within-catalog 75th percentile units and margin%; profit-driver wastage-cost <= 10% of estimated cost; as-of 2026-08-31; descriptive
M0049,CAT004,Special BBQ 4,1450.0,668.69,20,True,True,2025-04-25,20930,13364,29992615.58,29166173.6226017,13995681.699999541,668.69,15170491.922602158,0.5201399442690731,BBQ,1160.4799999999996,776001.2899999998,20140.0,0.5469518001136113,0.055445765817896904,Volume Driver,within-catalog 75th percentile units and margin%; profit-driver wastage-cost <= 10% of estimated cost; as-of 2026-08-31; descriptive
M0050,CAT005,Grilled Beverage 4,800.0,288.36,35,True,True,2025-10-22,20277,12956,16027184.0,15573444.207647678,5847075.71999984,288.36,9726368.487647839,0.6245483245685303,Beverages,1228.5200000000004,354256.10000000003,20140.0,0.5469518001136113,0.06058688427589061,Profit Driver,within-catalog 75th percentile units and margin%; profit-driver wastage-cost <= 10% of estimated cost; as-of 2026-08-31; descriptive
M0051,CAT006,Tandoori Dessert 4,750.0,428.66,19,True,True,2025-09-21,20140,12860,14906023.05,14475311.21895508,8633212.399999993,428.66,5842098.818955086,0.4035905501848551,Desserts,1192.5900000000008,511215.63,20140.0,0.5469518001136113,0.0592149951042558,Volume Driver,within-catalog 75th percentile units and margin%; profit-driver wastage-cost <= 10% of estimated cost; as-of 2026-08-31; descriptive
M0052,CAT007,Fiery Chinese 4,710.0,414.2,22,False,True,2026-02-11,20095,12837,14097108.560000002,13698029.762977121,8323348.999999888,414.2,5374680.762977233,0.3923688921675334,Chinese,1139.1699999999998,471844.23999999993,20140.0,0.5469518001136113,0.05668922929940896,Low Performer,within-catalog 75th percentile units and margin%; profit-driver wastage-cost <= 10% of estimated cost; as-of 2026-08-31; descriptive
M0053,CAT008,Crispy Fast Food 4,1770.0,875.76,6,True,True,2025-05-31,19405,12466,33935939.89999998,33031735.621762805,16994122.800000127,875.76,16037612.821762677,0.4855213484815,Fast Food,1192.1899999999998,1044072.1899999997,20140.0,0.5469518001136113,0.061437251118368515,Low Performer,within-catalog 75th percentile units and margin%; profit-driver wastage-cost <= 10% of estimated cost; as-of 2026-08-31; descriptive
M0054,CAT009,Masala Breakfast 4,1120.0,689.43,7,True,True,2025-08-08,19523,12448,21601325.200000003,20977002.34522914,13459741.890000029,689.43,7517260.455229113,0.358357230051928,Breakfast,1105.37,762075.1199999999,20140.0,0.5469518001136113,0.05661885095777258,Low Performer,within-catalog 75th percentile units and margin%; profit-driver wastage-cost <= 10% of estimated cost; as-of 2026-08-31; descriptive
M0055,CAT010,Herb Salad 4,890.0,548.01,12,False,True,2025-07-09,18984,12184,16699304.24,16235932.45744932,10403421.840000138,548.01,5832510.617449183,0.35923471797723133,Salads,1111.22,608959.72,20140.0,0.5469518001136113,0.05853456000972771,Low Performer,within-catalog 75th percentile units and margin%; profit-driver wastage-cost <= 10% of estimated cost; as-of 2026-08-31; descriptive
M0056,CAT011,Cheesy Pasta 4,250.0,116.93,38,False,True,2026-02-07,18697,11940,4612693.71,4481290.441818336,2186240.209999941,116.93,2295050.231818395,0.5121404786446182,Pasta,1212.5500000000002,141783.54999999993,20140.0,0.5469518001136113,0.06485268606417396,Low Performer,within-catalog 75th percentile units and margin%; profit-driver wastage-cost <= 10% of estimated cost; as-of 2026-08-31; descriptive
M0057,CAT012,Creamy Seafood 4,500.0,233.23,26,False,True,2025-05-03,18690,11951,9236181.25,8976145.37458691,4359068.699999967,233.23,4617076.674586943,0.5143718692055413,Seafood,1144.9199999999998,267029.73,20140.0,0.5469518001136113,0.06125843577551371,Low Performer,within-catalog 75th percentile units and margin%; profit-driver wastage-cost <= 10% of estimated cost; as-of 2026-08-31; descriptive
M0058,CAT013,Deluxe Sandwiche 4,1350.0,581.97,24,False,True,2026-02-20,18371,11691,24517177.88,23855627.663480353,10691370.869999722,581.97,13164256.793480631,0.5518302422884171,Sandwiches,1166.6,678926.1799999998,20140.0,0.5469518001136113,0.0635022569374228,Hidden Opportunity,within-catalog 75th percentile units and margin%; profit-driver wastage-cost <= 10% of estimated cost; as-of 2026-08-31; descriptive
M0059,CAT014,Supreme Rice 4,660.0,253.68,31,False,True,2025-05-29,18291,11750,11927495.249999998,11585194.396506216,4640060.879999954,253.68,6945133.516506262,0.5994835545099466,Rice,1169.4900000000002,296676.2200000001,20140.0,0.5469518001136113,0.06393800160656578,Hidden Opportunity,within-catalog 75th percentile units and margin%; profit-driver wastage-cost <= 10% of estimated cost; as-of 2026-08-31; descriptive
M0060,CAT015,Loaded Coffee & Tea 4,1180.0,508.88,40,False,True,2025-06-16,18156,11657,21182003.0,20604988.54871242,9239225.279999979,508.88,11365763.268712442,0.5516025035317321,Coffee & Tea,1230.8500000000001,626355.0299999998,20140.0,0.5469518001136113,0.06779302495804077,Hidden Opportunity,within-catalog 75th percentile units and margin%; profit-driver wastage-cost <= 10% of estimated cost; as-of 2026-08-31; descriptive
M0061,CAT001,Classic Burger 5,880.0,445.8,25,False,True,2025-06-18,17831,11396,15504759.600000001,15068311.935671775,7949059.800000087,445.8,7119252.135671687,0.4724651418197693,Burgers,1214.26,541317.1699999997,20140.0,0.5469518001136113,0.06809826364622314,Low Performer,within-catalog 75th percentile units and margin%; profit-driver wastage-cost <= 10% of estimated cost; as-of 2026-08-31; descriptive
M0062,CAT002,Signature Pizza 5,1010.0,569.95,15,False,True,2026-02-03,17532,11194,17501840.48,17014263.2224155,9992363.399999836,569.95,7021899.822415663,0.412706664439318,Pizza,1197.8600000000001,682720.3400000003,20140.0,0.5469518001136113,0.06832421046656605,Low Performer,within-catalog 75th percentile units and margin%; profit-driver wastage-cost <= 10% of estimated cost; as-of 2026-08-31; descriptive
M0063,CAT003,Fresh Pakistani 5,1210.0,533.01,20,False,True,2025-06-10,17300,10991,20687393.64,20111783.77465565,9221073.00000012,533.01,10890710.774655532,0.5415089430495829,Pakistani,1191.9699999999998,635331.9800000001,20140.0,0.5469518001136113,0.06890000545489575,Low Performer,within-catalog 75th percentile units and margin%; profit-driver wastage-cost <= 10% of estimated cost; as-of 2026-08-31; descriptive
M0064,CAT004,Spicy BBQ 5,420.0,152.24,35,False,True,2025-10-20,17054,11001,7075607.699999999,6871471.570036326,2596300.9599999664,152.24,4275170.610036359,0.6221623078058895,BBQ,1329.4300000000012,202392.40000000002,20140.0,0.5469518001136113,0.07795413671918938,Hidden Opportunity,within-catalog 75th percentile units and margin%; profit-driver wastage-cost <= 10% of estimated cost; as-of 2026-08-31; descriptive
M0065,CAT005,House Beverage 5,850.0,442.03,17,False,True,2025-09-21,16926,10789,14219089.029999997,13820814.195692152,7481799.780000191,442.03,6339014.415691961,0.4586570896574086,Beverages,1140.8200000000006,504276.64000000013,20140.0,0.5469518001136113,0.06740044572537161,Low Performer,within-catalog 75th percentile units and margin%; profit-driver wastage-cost <= 10% of estimated cost; as-of 2026-08-31; descriptive
M0066,CAT006,Double Dessert 5,580.0,305.74,5,False,True,2025-04-24,16852,10719,9652712.350000001,9387137.409754405,5152330.479999915,305.74,4234806.92975449,0.4511286822491805,Desserts,1120.6700000000005,342633.7200000001,20140.0,0.5469518001136113,0.06650072648290328,Low Performer,within-catalog 75th percentile units and margin%; profit-driver wastage-cost <= 10% of estimated cost; as-of 2026-08-31; descriptive
M0067,CAT007,Smoky Chinese 5,1440.0,589.09,38,False,True,2025-05-02,16863,10750,23990277.6,23373943.14806619,9933824.67000006,589.09,13440118.47806613,0.5750043282353957,Chinese,1268.2900000000004,747136.8300000004,20140.0,0.5469518001136113,0.07521139690096784,Hidden Opportunity,within-catalog 75th percentile units and margin%; profit-driver wastage-cost <= 10% of estimated cost; as-of 2026-08-31; descriptive
M0068,CAT008,Royal Fast Food 5,920.0,521.07,38,False,True,2025-10-13,16383,10517,14896796.400000002,14487810.456199694,8536689.809999876,521.07,5951120.646199819,0.41076742853528886,Fast Food,1294.5100000000007,674530.3800000001,20140.0,0.5469518001136113,0.07901544919786771,Low Performer,within-catalog 75th percentile units and margin%; profit-driver wastage-cost <= 10% of estimated cost; as-of 2026-08-31; descriptive
M0069,CAT009,Special Breakfast 5,1170.0,636.72,37,False,True,2025-10-15,16429,10495,18985724.569999997,18465635.99070619,10460672.879999755,636.72,8004963.1107064355,0.4335059520687702,Breakfast,1227.920000000001,781841.2099999997,20140.0,0.5469518001136113,0.07474100557095502,Low Performer,within-catalog 75th percentile units and margin%; profit-driver wastage-cost <= 10% of estimated cost; as-of 2026-08-31; descriptive
M0070,CAT010,Grilled Salad 5,1630.0,897.78,35,False,True,2026-01-21,16294,10475,26243476.62999999,25537777.917643797,14628427.320000296,897.78,10909350.5976435,0.4271848017797327,Salads,1200.03,1077363.0199999998,20140.0,0.5469518001136113,0.0736485882202119,Low Performer,within-catalog 75th percentile units and margin%; profit-driver wastage-cost <= 10% of estimated cost; as-of 2026-08-31; descriptive
M0071,CAT011,Tandoori Pasta 5,630.0,352.78,36,False,True,2025-04-09,15965,10289,9929404.86,9645816.151450844,5632132.700000148,352.78,4013683.451450696,0.4161061530129818,Pasta,1209.0300000000002,426521.50000000047,20140.0,0.5469518001136113,0.07573001609141582,Low Performer,within-catalog 75th percentile units and margin%; profit-driver wastage-cost <= 10% of estimated cost; as-of 2026-08-31; descriptive
M0072,CAT012,Fiery Seafood 5,1340.0,553.84,26,False,True,2025-05-10,15761,10111,20872968.950000003,20291916.32292328,8729072.24000001,553.84,11562844.08292327,0.5698251411504693,Seafood,1058.5599999999995,586272.9500000002,20140.0,0.5469518001136113,0.06716326018170284,Hidden Opportunity,within-catalog 75th percentile units and margin%; profit-driver wastage-cost <= 10% of estimated cost; as-of 2026-08-31; descriptive
M0073,CAT013,Crispy Sandwiche 5,420.0,190.44,14,False,True,2025-09-25,15716,10051,6514149.6,6319868.178287287,2992955.040000029,190.44,3326913.1382872583,0.5264212867156458,Sandwiches,1219.6699999999998,232274.0199999999,20140.0,0.5469518001136113,0.07760691921386084,Low Performer,within-catalog 75th percentile units and margin%; profit-driver wastage-cost <= 10% of estimated cost; as-of 2026-08-31; descriptive
M0074,CAT014,Masala Rice 5,720.0,342.58,8,True,True,2025-12-25,15649,9862,11140315.200000001,10817473.085399766,5361034.419999961,342.58,5456438.665399805,0.5044097288085057,Rice,1141.9099999999992,391195.57999999996,20140.0,0.5469518001136113,0.07297016757448889,Low Performer,within-catalog 75th percentile units and margin%; profit-driver wastage-cost <= 10% of estimated cost; as-of 2026-08-31; descriptive
M0075,CAT015,Herb Coffee & Tea 5,1710.0,607.52,41,False,False,2025-08-28,15153,9766,25589704.96,24897197.067717325,9205750.560000138,607.52,15691446.507717187,0.6302495202587816,Coffee & Tea,1201.6800000000007,730044.5999999999,20140.0,0.5469518001136113,0.07930310464549334,Hidden Opportunity,within-catalog 75th percentile units and margin%; profit-driver wastage-cost <= 10% of estimated cost; as-of 2026-08-31; descriptive
M0076,CAT001,Cheesy Burger 6,660.0,300.5,31,False,True,2026-01-03,15227,9737,9924070.2,9633952.461851943,4575713.5,300.5,5058238.961851943,0.5250429646483427,Burgers,1136.7399999999996,341590.57999999984,20140.0,0.5469518001136113,0.07465296505124279,Low Performer,within-catalog 75th percentile units and margin%; profit-driver wastage-cost <= 10% of estimated cost; as-of 2026-08-31; descriptive
M0077,CAT002,Creamy Pizza 6,1630.0,785.37,22,False,False,2025-08-20,14664,9438,23622131.139999993,22983566.33234176,11516665.680000149,785.37,11466900.652341612,0.49891737803135217,Pizza,1142.7299999999993,897465.91,20140.0,0.5469518001136113,0.07792758207425783,Low Performer,within-catalog 75th percentile units and margin%; profit-driver wastage-cost <= 10% of estimated cost; as-of 2026-08-31; descriptive
M0078,CAT003,Deluxe Pakistani 6,1260.0,712.53,15,False,True,2026-01-13,14883,9540,18520881.75,18032855.955069184,10604583.990000224,712.53,7428271.965068961,0.4119298675471764,Pakistani,1141.56,813395.8500000006,20140.0,0.5469518001136113,0.07670228749821835,Low Performer,within-catalog 75th percentile units and margin%; profit-driver wastage-cost <= 10% of estimated cost; as-of 2026-08-31; descriptive
M0079,CAT004,Supreme BBQ 6,1050.0,624.61,42,False,False,2026-01-24,14651,9386,15205246.830000002,14803765.80245512,9151161.109999923,624.61,5652604.692455197,0.38183559290824126,BBQ,1204.1200000000003,752105.4700000002,20140.0,0.5469518001136113,0.0821868898339182,Low Performer,within-catalog 75th percentile units and margin%; profit-driver wastage-cost <= 10% of estimated cost; as-of 2026-08-31; descriptive
M0080,CAT005,Loaded Beverage 6,870.0,508.12,16,True,True,2025-06-17,14728,9395,12662980.430000002,12312177.192848703,7483591.359999943,508.12,4828585.83284876,0.3921796898483035,Beverages,1258.0599999999997,639245.4599999998,20140.0,0.5469518001136113,0.08541961061861143,Low Performer,within-catalog 75th percentile units and margin%; profit-driver wastage-cost <= 10% of estimated cost; as-of 2026-08-31; descriptive
M0081,CAT006,Classic Dessert 6,920.0,405.84,29,True,True,2025-10-02,14345,9141,13035213.200000001,12662510.334585905,5821774.800000019,405.84,6840735.534585886,0.5402353367405638,Desserts,1159.3100000000009,470494.4499999999,20140.0,0.5469518001136113,0.08081632597674482,Low Performer,within-catalog 75th percentile units and margin%; profit-driver wastage-cost <= 10% of estimated cost; as-of 2026-08-31; descriptive
M0082,CAT007,Signature Chinese 6,590.0,219.55,6,False,True,2025-08-27,14287,9157,8333763.2700000005,8099589.535567447,3136710.8499999535,219.55,4962878.685567493,0.6127321222605387,Chinese,1235.9900000000002,271361.56999999995,20140.0,0.5469518001136113,0.08651150296496216,Hidden Opportunity,within-catalog 75th percentile units and margin%; profit-driver wastage-cost <= 10% of estimated cost; as-of 2026-08-31; descriptive
M0083,CAT008,Fresh Fast Food 6,540.0,199.0,7,False,True,2025-06-11,14094,9061,7518935.7,7307707.722698149,2804706.0,199.0,4503001.722698149,0.6161989359141409,Fast Food,1133.1899999999998,225504.81,20140.0,0.5469518001136113,0.0804022988505747,Hidden Opportunity,within-catalog 75th percentile units and margin%; profit-driver wastage-cost <= 10% of estimated cost; as-of 2026-08-31; descriptive
M0084,CAT009,Spicy Breakfast 6,1540.0,797.35,20,True,True,2025-12-14,14421,9134,21965297.2,21368990.190466277,11498584.350000028,797.35,9870405.84046625,0.46190324168289,Breakfast,1218.8099999999995,971818.2100000002,20140.0,0.5469518001136113,0.08451633526521879,Low Performer,within-catalog 75th percentile units and margin%; profit-driver wastage-cost <= 10% of estimated cost; as-of 2026-08-31; descriptive
M0085,CAT010,House Salad 6,1720.0,817.96,21,False,True,2026-01-05,13988,9005,23789233.999999996,23129634.06497725,11441624.479999863,817.96,11688009.584977388,0.5053261781895331,Salads,1162.02,950485.83,20140.0,0.5469518001136113,0.0830726293859289,Low Performer,within-catalog 75th percentile units and margin%; profit-driver wastage-cost <= 10% of estimated cost; as-of 2026-08-31; descriptive
M0086,CAT011,Double Pasta 6,1740.0,946.48,15,False,True,2025-03-14,13815,8802,23760104.55,23115185.937162425,13075621.199999837,946.48,10039564.737162588,0.4343276651312555,Pasta,1214.2099999999996,1149225.4299999995,20140.0,0.5469518001136113,0.08789069463101407,Low Performer,within-catalog 75th percentile units and margin%; profit-driver wastage-cost <= 10% of estimated cost; as-of 2026-08-31; descriptive
M0087,CAT012,Smoky Seafood 6,1680.0,849.18,29,False,True,2025-04-08,13818,8857,22952290.2,22359966.74409175,11733969.240000043,849.18,10625997.504091706,0.4752242087703216,Seafood,1168.349999999999,992139.5399999998,20140.0,0.5469518001136113,0.08455276468749258,Low Performer,within-catalog 75th percentile units and margin%; profit-driver wastage-cost <= 10% of estimated cost; as-of 2026-08-31; descriptive
M0088,CAT013,Royal Sandwiche 6,1140.0,654.65,20,True,True,2026-02-14,13622,8747,15334943.700000001,14918651.551249284,8917642.300000088,654.65,6001009.251249196,0.4022487709853826,Sandwiches,1227.4199999999996,803530.4400000002,20140.0,0.5469518001136113,0.09010570428463947,Low Performer,within-catalog 75th percentile units and margin%; profit-driver wastage-cost <= 10% of estimated cost; as-of 2026-08-31; descriptive
M0089,CAT014,Special Rice 6,1150.0,440.09,41,False,True,2025-10-06,13429,8682,15262216.450000001,14817860.397305852,5909968.610000019,440.09,8907891.787305832,0.6011591112658508,Rice,1148.6499999999996,505509.3600000001,20140.0,0.5469518001136113,0.08553503298556411,Hidden Opportunity,within-catalog 75th percentile units and margin%; profit-driver wastage-cost <= 10% of estimated cost; as-of 2026-08-31; descriptive
M0090,CAT015,Grilled Coffee & Tea 6,1250.0,460.77,26,True,True,2025-11-06,13499,8702,16669981.3,16224008.113152198,6219934.230000078,460.77,10004073.88315212,0.6166216025892017,Coffee & Tea,1189.7799999999997,548214.9199999998,20140.0,0.5469518001136113,0.0881383789165875,Hidden Opportunity,within-catalog 75th percentile units and margin%; profit-driver wastage-cost <= 10% of estimated cost; as-of 2026-08-31; descriptive
M0091,CAT001,Tandoori Burger 7,350.0,213.29,45,False,True,2025-05-18,13179,8478,4555818.82,4420762.291640019,2810948.9099999797,213.29,1609813.3816400394,0.3641483697696917,Burgers,1201.9,256353.26000000007,20140.0,0.5469518001136113,0.09119812142014418,Low Performer,within-catalog 75th percentile units and margin%; profit-driver wastage-cost <= 10% of estimated cost; as-of 2026-08-31; descriptive
M0092,CAT002,Fiery Pizza 7,890.0,487.83,22,False,True,2025-11-03,13074,8392,11486709.84,11173876.639027102,6377889.419999945,487.83,4795987.219027157,0.4292142623336442,Pizza,1170.4500000000005,570980.7600000004,20140.0,0.5469518001136113,0.08952503287521804,Low Performer,within-catalog 75th percentile units and margin%; profit-driver wastage-cost <= 10% of estimated cost; as-of 2026-08-31; descriptive
M0093,CAT003,Crispy Pakistani 7,930.0,532.84,42,True,True,2025-04-14,12997,8369,11942283.41,11600991.105150165,6925321.480000004,532.84,4675669.625150161,0.40304053186235406,Pakistani,1210.48,644992.3600000001,20140.0,0.5469518001136113,0.09313536734182046,Low Performer,within-catalog 75th percentile units and margin%; profit-driver wastage-cost <= 10% of estimated cost; as-of 2026-08-31; descriptive
M0094,CAT004,Masala BBQ 7,630.0,297.18,34,False,True,2025-08-20,12851,8295,8007148.78,7773247.424564518,3819060.1799999415,297.18,3954187.2445645765,0.5086918026137709,BBQ,1146.2000000000003,340627.82,20140.0,0.5469518001136113,0.08919152983863303,Low Performer,within-catalog 75th percentile units and margin%; profit-driver wastage-cost <= 10% of estimated cost; as-of 2026-08-31; descriptive
M0095,CAT005,Herb Beverage 7,230.0,133.34,16,False,True,2025-07-11,12953,8260,2945581.34,2858623.4024252617,1727153.0199999714,133.34,1131470.3824252903,0.3958095289730535,Beverages,1223.6999999999996,163168.1999999997,20140.0,0.5469518001136113,0.09447234733144975,Low Performer,within-catalog 75th percentile units and margin%; profit-driver wastage-cost <= 10% of estimated cost; as-of 2026-08-31; descriptive
M0096,CAT006,Cheesy Dessert 7,730.0,429.01,22,False,True,2025-06-06,12932,8258,9326762.5,9052323.438673832,5547957.320000068,429.01,3504366.1186737632,0.38712338798039614,Desserts,1250.7899999999995,536601.3100000003,20140.0,0.5469518001136113,0.09672051875121376,Low Performer,within-catalog 75th percentile units and margin%; profit-driver wastage-cost <= 10% of estimated cost; as-of 2026-08-31; descriptive
M0097,CAT007,Creamy Chinese 7,320.0,174.21,36,False,True,2025-10-30,12875,8213,4069072.8000000003,3957352.228075195,2242953.750000003,174.21,1714398.4780751923,0.4332185712235814,Chinese,1103.13,192176.39999999997,20140.0,0.5469518001136113,0.08568005470464994,Low Performer,within-catalog 75th percentile units and margin%; profit-driver wastage-cost <= 10% of estimated cost; as-of 2026-08-31; descriptive
M0098,CAT008,Deluxe Fast Food 7,1230.0,593.5,6,True,True,2026-02-18,12566,8115,15275428.379999999,14827053.345802233,7457921.0,593.5,7369132.345802233,0.4970058563853854,Fast Food,1177.04,698573.1999999998,20140.0,0.5469518001136113,0.0936686242720994,Low Performer,within-catalog 75th percentile units and margin%; profit-driver wastage-cost <= 10% of estimated cost; as-of 2026-08-31; descriptive
M0099,CAT009,Supreme Breakfast 7,570.0,301.68,28,False,True,2025-10-04,12601,8052,7093980.529999999,6895276.274198587,3801469.6799999434,301.68,3093806.5941986437,0.4486849360591031,Breakfast,1144.4499999999994,345257.69000000006,20140.0,0.5469518001136113,0.09082216065445646,Low Performer,within-catalog 75th percentile units and margin%; profit-driver wastage-cost <= 10% of estimated cost; as-of 2026-08-31; descriptive
M0100,CAT010,Loaded Salad 7,1790.0,892.5,27,False,True,2025-07-07,12357,7989,21862621.38,21244793.45267995,11028622.5,892.5,10216170.95267995,0.4808788080446703,Salads,1227.17,1095249.19,20140.0,0.5469518001136113,0.09930969982878642,Low Performer,within-catalog 75th percentile units and margin%; profit-driver wastage-cost <= 10% of estimated cost; as-of 2026-08-31; descriptive
M0101,CAT011,Classic Pasta 7,550.0,299.61,25,True,True,2026-02-17,12385,7950,6731337.1899999995,6533950.806655522,3710669.8499999284,299.61,2823280.956655594,0.43209400257188696,Pasta,1148.6499999999996,344147.17000000004,20140.0,0.5469518001136113,0.0927452950307629,Low Performer,within-catalog 75th percentile units and margin%; profit-driver wastage-cost <= 10% of estimated cost; as-of 2026-08-31; descriptive
M0102,CAT012,Signature Seafood 7,480.0,196.04,35,True,True,2025-11-24,12033,7792,5706020.399999999,5537596.469821088,2358949.3199999924,196.04,3178647.1498210956,0.5740120586872219,Seafood,1302.35,255312.68,20140.0,0.5469518001136113,0.1082315240244334,Hidden Opportunity,within-catalog 75th percentile units and margin%; profit-driver wastage-cost <= 10% of estimated cost; as-of 2026-08-31; descriptive
M0103,CAT013,Fresh Sandwiche 7,1150.0,706.95,17,False,True,2025-08-02,12170,7801,13832878.430000002,13454950.975923914,8603581.499999925,706.95,4851369.475923989,0.3605638909130889,Sandwiches,1105.9499999999998,781851.4600000002,20140.0,0.5469518001136113,0.09087511520638318,Low Performer,within-catalog 75th percentile units and margin%; profit-driver wastage-cost <= 10% of estimated cost; as-of 2026-08-31; descriptive
M0104,CAT014,Spicy Rice 7,200.0,98.84,22,True,True,2025-07-28,12208,7764,2413522.0,2345184.7111922624,1206638.7199999788,98.84,1138545.9911922836,0.48548243801805324,Rice,1166.1400000000006,115261.26000000002,20140.0,0.5469518001136113,0.09552259353984766,Low Performer,within-catalog 75th percentile units and margin%; profit-driver wastage-cost <= 10% of estimated cost; as-of 2026-08-31; descriptive
M0105,CAT015,House Coffee & Tea 7,1310.0,503.17,36,True,False,2025-07-24,11976,7661,15492823.08,15027196.107516574,6025963.920000046,503.17,9001232.18751653,0.598996121639361,Coffee & Tea,1274.5299999999997,641305.2300000002,20140.0,0.5469518001136113,0.10642367569967053,Hidden Opportunity,within-catalog 75th percentile units and margin%; profit-driver wastage-cost <= 10% of estimated cost; as-of 2026-08-31; descriptive
M0106,CAT001,Double Burger 8,940.0,440.79,16,False,True,2025-10-31,11821,7724,10976387.05,10674082.851433616,5210578.589999989,440.79,5463504.261433627,0.5118476535620888,Burgers,1189.3500000000004,524253.5599999997,20140.0,0.5469518001136113,0.1006133102005474,Low Performer,within-catalog 75th percentile units and margin%; profit-driver wastage-cost <= 10% of estimated cost; as-of 2026-08-31; descriptive
M0107,CAT002,Smoky Pizza 8,360.0,132.35,36,True,True,2025-03-28,12026,7706,4274846.1,4154297.6348013803,1591641.1000000194,132.35,2562656.534801361,0.6168687850705438,Pizza,1152.8099999999997,152574.33,20140.0,0.5469518001136113,0.09585975757976979,Hidden Opportunity,within-catalog 75th percentile units and margin%; profit-driver wastage-cost <= 10% of estimated cost; as-of 2026-08-31; descriptive
M0108,CAT003,Royal Pakistani 8,430.0,244.67,24,True,True,2025-12-11,11767,7569,4994467.02,4848561.813614901,2879031.890000007,244.67,1969529.923614894,0.4062090985587514,Pakistani,1309.8700000000001,320485.89,20140.0,0.5469518001136113,0.11131724213030486,Low Performer,within-catalog 75th percentile units and margin%; profit-driver wastage-cost <= 10% of estimated cost; as-of 2026-08-31; descriptive
M0109,CAT004,Special BBQ 8,1420.0,729.46,44,True,True,2025-10-17,11721,7509,16435530.849999998,15985648.68570978,8550000.659999963,729.46,7435648.025709817,0.46514521693178734,BBQ,1178.61,859748.88,20140.0,0.5469518001136113,0.10055541679923143,Low Performer,within-catalog 75th percentile units and margin%; profit-driver wastage-cost <= 10% of estimated cost; as-of 2026-08-31; descriptive
M0110,CAT005,Grilled Beverage 8,1650.0,709.97,42,False,True,2026-01-12,11584,7464,18880261.14,18351324.798790604,8224292.479999855,709.97,10127032.318790749,0.5518420293807967,Beverages,1179.2800000000002,837253.4299999997,20140.0,0.5469518001136113,0.10180248720921152,Hidden Opportunity,within-catalog 75th percentile units and margin%; profit-driver wastage-cost <= 10% of estimated cost; as-of 2026-08-31; descriptive
M0111,CAT006,Tandoori Dessert 8,280.0,170.58,11,False,True,2025-06-17,11360,7234,3140610.1999999997,3052140.1631796067,1937788.7999999817,170.58,1114351.363179625,0.3651049111777144,Desserts,1170.09,199594.0500000001,20140.0,0.5469518001136113,0.10300093075158757,Low Performer,within-catalog 75th percentile units and margin%; profit-driver wastage-cost <= 10% of estimated cost; as-of 2026-08-31; descriptive
M0112,CAT007,Fiery Chinese 8,610.0,226.87,20,True,True,2025-03-02,11504,7385,6933060.180000001,6731401.285777269,2609912.479999971,226.87,4121488.805777298,0.6122779835582768,Chinese,1154.0699999999997,261823.81999999998,20140.0,0.5469518001136113,0.10031900380046571,Hidden Opportunity,within-catalog 75th percentile units and margin%; profit-driver wastage-cost <= 10% of estimated cost; as-of 2026-08-31; descriptive
M0113,CAT008,Crispy Fast Food 8,840.0,450.35,35,False,True,2026-02-25,11495,7398,9546366.9,9282273.122294838,5176773.249999941,450.35,4105499.8722948963,0.4422946640552957,Fast Food,1164.05,524230.03000000044,20140.0,0.5469518001136113,0.10126578945678302,Low Performer,within-catalog 75th percentile units and margin%; profit-driver wastage-cost <= 10% of estimated cost; as-of 2026-08-31; descriptive
M0114,CAT009,Masala Breakfast 8,640.0,372.54,9,False,True,2026-01-15,11120,7196,7030902.4,6835991.625545835,4142644.7999999663,372.54,2693346.825545869,0.3939950446224855,Breakfast,1151.4799999999998,428972.36999999965,20140.0,0.5469518001136113,0.10355036231926115,Low Performer,within-catalog 75th percentile units and margin%; profit-driver wastage-cost <= 10% of estimated cost; as-of 2026-08-31; descriptive
M0115,CAT010,Herb Salad 8,1140.0,646.44,17,False,True,2026-01-26,11444,7307,12883824.0,12523343.708278311,7397859.359999893,646.44,5125484.348278418,0.4092744292317328,Salads,1092.4300000000003,706190.4999999998,20140.0,0.5469518001136113,0.09545876254668485,Low Performer,within-catalog 75th percentile units and margin%; profit-driver wastage-cost <= 10% of estimated cost; as-of 2026-08-31; descriptive
M0116,CAT011,Cheesy Pasta 8,420.0,177.12,14,True,True,2025-08-05,11209,7191,4650626.4,4515780.9419892365,1985338.0799999787,177.12,2530442.861989258,0.5603555386091377,Pasta,1105.8500000000004,195868.24999999988,20140.0,0.5469518001136113,0.09865737829397903,Hidden Opportunity,within-catalog 75th percentile units and margin%; profit-driver wastage-cost <= 10% of estimated cost; as-of 2026-08-31; descriptive
M0117,CAT012,Creamy Seafood 8,1140.0,652.7,23,False,True,2025-08-03,10942,7095,12315819.0,11981152.777945196,7141843.399999963,652.7,4839309.377945233,0.40391016354063963,Seafood,1176.5899999999992,767960.4000000001,20140.0,0.5469518001136113,0.10752971704756284,Low Performer,within-catalog 75th percentile units and margin%; profit-driver wastage-cost <= 10% of estimated cost; as-of 2026-08-31; descriptive
M0118,CAT013,Deluxe Sandwiche 8,1310.0,791.92,37,False,True,2026-01-01,11039,7075,14287331.730000002,13912654.285749434,8742004.880000055,791.92,5170649.405749379,0.37165082230538954,Sandwiches,1164.0800000000006,921858.2699999996,20140.0,0.5469518001136113,0.10545158492293061,Low Performer,within-catalog 75th percentile units and margin%; profit-driver wastage-cost <= 10% of estimated cost; as-of 2026-08-31; descriptive
M0119,CAT014,Supreme Rice 8,240.0,112.0,25,False,False,2025-06-26,10906,6945,2588217.6,2514578.043434078,1221472.0,112.0,1293106.0434340779,0.5142437502827014,Rice,1132.0599999999997,126790.71999999997,20140.0,0.5469518001136113,0.10380157711351547,Low Performer,within-catalog 75th percentile units and margin%; profit-driver wastage-cost <= 10% of estimated cost; as-of 2026-08-31; descriptive
M0120,CAT015,Loaded Coffee & Tea 8,1740.0,1001.73,41,False,False,2026-02-08,10743,6938,18456936.9,17970353.824191537,10761585.389999887,1001.73,7208768.43419165,0.4011478296263297,Coffee & Tea,1275.1399999999996,1277345.9299999995,20140.0,0.5469518001136113,0.11869495838289426,Low Performer,within-catalog 75th percentile units and margin%; profit-driver wastage-cost <= 10% of estimated cost; as-of 2026-08-31; descriptive
M0121,CAT001,Classic Burger 9,1510.0,763.44,16,False,True,2025-07-21,10857,6993,16197290.409999996,15749534.105295882,8288668.079999876,763.44,7460866.025296005,0.4737197923072049,Burgers,1176.9500000000003,898530.6000000004,20140.0,0.5469518001136113,0.10840470282168832,Low Performer,within-catalog 75th percentile units and margin%; profit-driver wastage-cost <= 10% of estimated cost; as-of 2026-08-31; descriptive
M0122,CAT002,Signature Pizza 9,470.0,238.78,45,False,True,2025-10-27,10532,6760,4886718.140000001,4750764.231789099,2514830.9600000116,238.78,2235933.2717890874,0.4706470712285912,Pizza,1143.3799999999994,273016.4,20140.0,0.5469518001136113,0.10856252541125021,Low Performer,within-catalog 75th percentile units and margin%; profit-driver wastage-cost <= 10% of estimated cost; as-of 2026-08-31; descriptive
M0123,CAT003,Fresh Pakistani 9,740.0,325.6,11,False,True,2026-02-19,10599,6820,7751076.350000001,7534126.0833626,3451034.3999999813,325.6,4083091.6833626186,0.5419462905431323,Pakistani,1132.0400000000002,368592.23999999976,20140.0,0.5469518001136113,0.10680630711765775,Low Performer,within-catalog 75th percentile units and margin%; profit-driver wastage-cost <= 10% of estimated cost; as-of 2026-08-31; descriptive
M0124,CAT004,Spicy BBQ 9,980.0,518.32,30,False,True,2025-10-19,10734,6821,10388487.55,10107258.07375663,5563646.879999985,518.32,4543611.193756645,0.44953944587148464,BBQ,1157.7400000000002,600079.8600000001,20140.0,0.5469518001136113,0.1078572873050494,Low Performer,within-catalog 75th percentile units and margin%; profit-driver wastage-cost <= 10% of estimated cost; as-of 2026-08-31; descriptive
M0125,CAT005,House Beverage 9,320.0,133.81,12,False,True,2025-11-19,10492,6754,3316795.2,3219440.6541585047,1403934.519999986,133.81,1815506.1341585186,0.5639197392296875,Beverages,1256.0599999999997,168073.38999999993,20140.0,0.5469518001136113,0.11971597507268472,Hidden Opportunity,within-catalog 75th percentile units and margin%; profit-driver wastage-cost <= 10% of estimated cost; as-of 2026-08-31; descriptive
M0126,CAT006,Double Dessert 9,1520.0,532.47,39,False,True,2025-11-21,10377,6686,15588561.400000002,15159005.006978387,5525441.189999909,532.47,9633563.816978477,0.6355010643867263,Desserts,1242.32,661498.2299999997,20140.0,0.5469518001136113,0.11971862648673139,Hidden Opportunity,within-catalog 75th percentile units and margin%; profit-driver wastage-cost <= 10% of estimated cost; as-of 2026-08-31; descriptive
M0127,CAT007,Smoky Chinese 9,770.0,426.76,45,False,True,2025-07-15,10410,6711,7908321.260000001,7688547.719799765,4442571.600000046,426.76,3245976.119799719,0.4221832572412329,Chinese,1168.5600000000002,498694.6599999999,20140.0,0.5469518001136113,0.11225360104494314,Low Performer,within-catalog 75th percentile units and margin%; profit-driver wastage-cost <= 10% of estimated cost; as-of 2026-08-31; descriptive
M0128,CAT008,Royal Fast Food 9,1070.0,642.5,33,False,True,2025-03-15,10384,6671,10979754.09,10656536.67261997,6671720.0,642.5,3984816.6726199705,0.3739316810928105,Fast Food,1234.3499999999997,793069.7099999997,20140.0,0.5469518001136113,0.11887035277259833,Low Performer,within-catalog 75th percentile units and margin%; profit-driver wastage-cost <= 10% of estimated cost; as-of 2026-08-31; descriptive
M0129,CAT009,Special Breakfast 9,1760.0,905.34,20,False,True,2025-03-08,10401,6784,18098828.0,17608163.165599674,9416441.34000003,905.34,8191721.825599644,0.4652229621317609,Breakfast,1236.9399999999994,1119851.2299999995,20140.0,0.5469518001136113,0.11892510021200811,Low Performer,within-catalog 75th percentile units and margin%; profit-driver wastage-cost <= 10% of estimated cost; as-of 2026-08-31; descriptive
M0130,CAT010,Grilled Salad 9,1070.0,401.43,12,False,True,2025-05-18,10234,6592,10809953.209999999,10507656.523469757,4108234.6199999526,401.43,6399421.903469805,0.6090246563709181,Salads,1232.54,494778.6799999999,20140.0,0.5469518001136113,0.12043583820439291,Hidden Opportunity,within-catalog 75th percentile units and margin%; profit-driver wastage-cost <= 10% of estimated cost; as-of 2026-08-31; descriptive
M0131,CAT011,Tandoori Pasta 9,990.0,538.05,37,False,True,2025-11-03,10341,6648,10112119.820000002,9820658.416800134,5563975.050000005,538.05,4256683.3668001285,0.43344174964055865,Pasta,1219.6300000000006,656221.8299999996,20140.0,0.5469518001136113,0.11794118846740677,Low Performer,within-catalog 75th percentile units and margin%; profit-driver wastage-cost <= 10% of estimated cost; as-of 2026-08-31; descriptive
M0132,CAT012,Fiery Seafood 9,1770.0,735.98,40,True,True,2026-01-01,10020,6375,17532832.29,17039394.860567182,7374519.599999927,735.98,9664875.260567255,0.567207658467605,Seafood,1187.5100000000004,873983.56,20140.0,0.5469518001136113,0.11851396530290714,Hidden Opportunity,within-catalog 75th percentile units and margin%; profit-driver wastage-cost <= 10% of estimated cost; as-of 2026-08-31; descriptive
M0133,CAT013,Crispy Sandwiche 9,1000.0,587.42,9,True,True,2025-09-29,10163,6481,10039745.0,9747160.985238766,5969949.460000037,587.42,3777211.525238729,0.38751914849451957,Sandwiches,1194.07,701420.59,20140.0,0.5469518001136113,0.1174918807436597,Low Performer,within-catalog 75th percentile units and margin%; profit-driver wastage-cost <= 10% of estimated cost; as-of 2026-08-31; descriptive
M0134,CAT014,Masala Rice 9,730.0,410.76,22,False,True,2025-07-31,10193,6543,7347373.079999999,7138407.468857834,4186876.6800000425,410.76,2951530.7888577916,0.41347188455327066,Rice,1166.8300000000002,479287.04,20140.0,0.5469518001136113,0.11447364625986431,Low Performer,within-catalog 75th percentile units and margin%; profit-driver wastage-cost <= 10% of estimated cost; as-of 2026-08-31; descriptive
M0135,CAT015,Herb Coffee & Tea 9,1540.0,780.13,36,False,True,2025-11-03,10313,6595,15682566.9,15239984.567933185,8045480.690000039,780.13,7194503.877933146,0.472080784981323,Coffee & Tea,1269.17,990117.7400000002,20140.0,0.5469518001136113,0.12306508189506268,Low Performer,within-catalog 75th percentile units and margin%; profit-driver wastage-cost <= 10% of estimated cost; as-of 2026-08-31; descriptive
M0136,CAT001,Cheesy Burger 10,740.0,369.27,39,False,True,2025-06-05,10078,6410,7368675.8,7156453.536434752,3721503.0600000103,369.27,3434950.4764347416,0.47997942821074857,Burgers,1148.6500000000003,424161.9600000001,20140.0,0.5469518001136113,0.11397598044699683,Low Performer,within-catalog 75th percentile units and margin%; profit-driver wastage-cost <= 10% of estimated cost; as-of 2026-08-31; descriptive
M0137,CAT002,Creamy Pizza 10,1770.0,733.63,29,True,True,2025-03-23,9837,6352,17204165.52,16729463.615518816,7216718.310000038,733.63,9512745.305518778,0.568622253775933,Pizza,1175.5499999999997,862418.7100000002,20140.0,0.5469518001136113,0.11950289216706252,Hidden Opportunity,within-catalog 75th percentile units and margin%; profit-driver wastage-cost <= 10% of estimated cost; as-of 2026-08-31; descriptive
M0138,CAT003,Deluxe Pakistani 10,700.0,334.39,29,False,True,2026-01-28,9730,6223,6724772.25,6536073.448512857,3253614.70000005,334.39,3282458.748512807,0.5022065272628875,Pakistani,1205.06,402959.97,20140.0,0.5469518001136113,0.12384993527352632,Low Performer,within-catalog 75th percentile units and margin%; profit-driver wastage-cost <= 10% of estimated cost; as-of 2026-08-31; descriptive
M0139,CAT004,Supreme BBQ 10,1770.0,856.22,7,True,True,2025-08-17,9651,6222,16879529.72,16441613.725126285,8263379.219999882,856.22,8178234.505126403,0.4974106947074374,BBQ,1260.63,1079376.67,20140.0,0.5469518001136113,0.13062170345366472,Low Performer,within-catalog 75th percentile units and margin%; profit-driver wastage-cost <= 10% of estimated cost; as-of 2026-08-31; descriptive
M0140,CAT005,Loaded Beverage 10,1590.0,931.79,33,True,True,2025-03-08,9928,6405,15597434.57,15151119.078985011,9250811.120000051,931.79,5900307.95898496,0.38943050531289386,Beverages,1070.48,997462.6599999999,20140.0,0.5469518001136113,0.10782434610987868,Low Performer,within-catalog 75th percentile units and margin%; profit-driver wastage-cost <= 10% of estimated cost; as-of 2026-08-31; descriptive
M0141,CAT006,Classic Dessert 10,1350.0,621.94,14,True,True,2025-07-14,9664,6214,12890977.91,12541176.353791693,6010428.159999941,621.94,6530748.193791753,0.5207444668312354,Desserts,1277.1299999999992,794298.2300000002,20140.0,0.5469518001136113,0.13215335228297748,Low Performer,within-catalog 75th percentile units and margin%; profit-driver wastage-cost <= 10% of estimated cost; as-of 2026-08-31; descriptive
M0142,CAT007,Signature Chinese 10,730.0,392.03,10,False,True,2025-11-29,9655,6182,6963236.14,6777553.669484601,3785049.6500000465,392.03,2992504.019484555,0.44153158579297824,Chinese,1172.9399999999996,459827.65,20140.0,0.5469518001136113,0.12148523599947873,Low Performer,within-catalog 75th percentile units and margin%; profit-driver wastage-cost <= 10% of estimated cost; as-of 2026-08-31; descriptive
M0143,CAT008,Fresh Fast Food 10,800.0,348.4,36,False,True,2025-04-05,9288,6062,7334512.0,7131077.010884589,3235939.200000012,348.4,3895137.8108845768,0.5462201298540452,Fast Food,1100.5800000000006,383442.0499999998,20140.0,0.5469518001136113,0.11849482524269875,Low Performer,within-catalog 75th percentile units and margin%; profit-driver wastage-cost <= 10% of estimated cost; as-of 2026-08-31; descriptive
M0144,CAT009,Spicy Breakfast 10,560.0,299.48,23,False,True,2025-10-09,9605,6106,5318083.399999999,5163910.457052881,2876505.4000000022,299.48,2287405.0570528787,0.44295986076380073,Breakfast,1220.599999999999,365545.2500000001,20140.0,0.5469518001136113,0.12707963280722498,Low Performer,within-catalog 75th percentile units and margin%; profit-driver wastage-cost <= 10% of estimated cost; as-of 2026-08-31; descriptive
M0145,CAT010,House Salad 10,1760.0,977.33,11,False,True,2025-03-15,9610,6132,16698052.8,16246441.96164398,9392141.299999962,977.33,6854300.661644019,0.42189549427660844,Salads,1193.5300000000002,1166472.6600000001,20140.0,0.5469518001136113,0.12419666854884359,Low Performer,within-catalog 75th percentile units and margin%; profit-driver wastage-cost <= 10% of estimated cost; as-of 2026-08-31; descriptive
M0146,CAT011,Double Pasta 10,250.0,141.24,23,False,True,2025-07-04,9500,6092,2348181.92,2281650.1445224956,1341780.0000000016,141.24,939870.1445224939,0.41192561742159217,Pasta,1130.070000000001,159611.05000000002,20140.0,0.5469518001136113,0.11895470941585046,Low Performer,within-catalog 75th percentile units and margin%; profit-driver wastage-cost <= 10% of estimated cost; as-of 2026-08-31; descriptive
M0147,CAT012,Smoky Seafood 10,1040.0,522.91,16,True,True,2025-09-12,9380,6094,9646725.4,9384221.234742464,4904895.799999973,522.91,4479325.434742492,0.4773252167328534,Seafood,1116.1,583619.8899999994,20140.0,0.5469518001136113,0.1189872147742675,Low Performer,within-catalog 75th percentile units and margin%; profit-driver wastage-cost <= 10% of estimated cost; as-of 2026-08-31; descriptive
M0148,CAT013,Royal Sandwiche 10,1180.0,489.73,42,True,True,2025-07-09,9428,6066,10997989.4,10687953.39167927,4617174.439999977,489.73,6070778.951679293,0.5680020046125467,Sandwiches,1191.6899999999994,583606.2900000005,20140.0,0.5469518001136113,0.12639901255279481,Hidden Opportunity,within-catalog 75th percentile units and margin%; profit-driver wastage-cost <= 10% of estimated cost; as-of 2026-08-31; descriptive
M0149,CAT014,Special Rice 10,920.0,487.64,34,False,True,2025-05-20,9562,6091,8688236.2,8433318.463262951,4662813.680000065,487.64,3770504.783262886,0.44709621718756165,Rice,1189.5099999999998,580052.7000000001,20140.0,0.5469518001136113,0.12439971652480697,Low Performer,within-catalog 75th percentile units and margin%; profit-driver wastage-cost <= 10% of estimated cost; as-of 2026-08-31; descriptive
M0150,CAT015,Grilled Coffee & Tea 10,,181.56,42,False,True,2026-02-17,9313,5936,2757935.25,2681533.205601883,1690868.279999986,181.56,990664.9256018971,0.3694397382558377,Coffee & Tea,1170.49,212514.13999999996,20140.0,0.5469518001136113,0.12568343880695526,Low Performer,within-catalog 75th percentile units and margin%; profit-driver wastage-cost <= 10% of estimated cost; as-of 2026-08-31; descriptive
M0151,CAT001,Tandoori Burger 11,590.0,341.16,17,False,True,2025-04-24,9284,5915,5408869.160000001,5258860.199697909,3167329.439999985,341.16,2091530.759697924,0.39771560381431514,Burgers,1146.9200000000003,391283.2100000001,20140.0,0.5469518001136113,0.12353726298834324,Low Performer,within-catalog 75th percentile units and margin%; profit-driver wastage-cost <= 10% of estimated cost; as-of 2026-08-31; descriptive
M0152,CAT002,Fiery Pizza 11,560.0,282.47,41,False,True,2025-03-12,9070,5799,5019572.599999999,4867689.115146216,2562002.8999999883,282.47,2305686.2151462277,0.4736716254067859,Pizza,1368.139999999999,386458.50999999995,20140.0,0.5469518001136113,0.1508423390153078,Low Performer,within-catalog 75th percentile units and margin%; profit-driver wastage-cost <= 10% of estimated cost; as-of 2026-08-31; descriptive
M0153,CAT003,Crispy Pakistani 11,1760.0,928.79,22,True,True,2025-03-26,9190,5833,15991954.0,15564212.226221854,8535580.100000026,928.79,7028632.126221828,0.4515893271090405,Pakistani,1186.879999999999,1102362.3299999998,20140.0,0.5469518001136113,0.12914908150179466,Low Performer,within-catalog 75th percentile units and margin%; profit-driver wastage-cost <= 10% of estimated cost; as-of 2026-08-31; descriptive
M0154,CAT004,Masala BBQ 11,1660.0,914.99,23,False,True,2025-08-28,9158,5827,15008035.100000001,14623646.987383045,8379478.41999994,914.99,6244168.567383105,0.4269911994436431,BBQ,1256.5699999999997,1149749.0699999998,20140.0,0.5469518001136113,0.13721009976656853,Low Performer,within-catalog 75th percentile units and margin%; profit-driver wastage-cost <= 10% of estimated cost; as-of 2026-08-31; descriptive
M0155,CAT005,Herb Beverage 11,530.0,212.71,21,False,True,2026-02-01,9187,5881,4820690.199999999,4677116.498917447,1954166.7699999996,212.71,2722949.728917448,0.5821855687254518,Beverages,1134.0100000000004,241215.3899999999,20140.0,0.5469518001136113,0.12343644038118608,Hidden Opportunity,within-catalog 75th percentile units and margin%; profit-driver wastage-cost <= 10% of estimated cost; as-of 2026-08-31; descriptive
M0156,CAT006,Cheesy Dessert 11,1280.0,495.27,11,False,True,2025-08-06,8617,5622,10900483.2,10580737.440999951,4267741.590000013,495.27,6312995.850999938,0.5966498919571827,Desserts,1159.6100000000001,574320.0900000002,20140.0,0.5469518001136113,0.1345723675832956,Hidden Opportunity,within-catalog 75th percentile units and margin%; profit-driver wastage-cost <= 10% of estimated cost; as-of 2026-08-31; descriptive
M0157,CAT007,Creamy Chinese 11,1460.0,524.15,28,False,True,2025-07-30,8857,5651,12787654.549999999,12435412.725604665,4642396.550000035,524.15,7793016.175604629,0.626679334861055,Chinese,1181.1300000000003,619089.3699999999,20140.0,0.5469518001136113,0.133355555332729,Hidden Opportunity,within-catalog 75th percentile units and margin%; profit-driver wastage-cost <= 10% of estimated cost; as-of 2026-08-31; descriptive
M0158,CAT008,Deluxe Fast Food 11,710.0,328.15,17,True,True,2025-09-04,8859,5767,6209060.0600000005,6039577.624845638,2907080.8500000075,328.15,3132496.7748456304,0.518661563676101,Fast Food,1244.1400000000003,408264.57000000007,20140.0,0.5469518001136113,0.14043798265878948,Low Performer,within-catalog 75th percentile units and margin%; profit-driver wastage-cost <= 10% of estimated cost; as-of 2026-08-31; descriptive
M0159,CAT009,Supreme Breakfast 11,1040.0,620.51,15,True,True,2025-11-02,9210,5863,9455347.200000001,9184482.637139706,5714897.10000005,620.51,3469585.537139656,0.37776602931443704,Breakfast,1170.9900000000002,726610.9600000002,20140.0,0.5469518001136113,0.12714331461890957,Low Performer,within-catalog 75th percentile units and margin%; profit-driver wastage-cost <= 10% of estimated cost; as-of 2026-08-31; descriptive
M0160,CAT010,Loaded Salad 11,1750.0,751.95,26,False,True,2025-04-08,8925,5720,15416261.84,14990436.822249843,6711153.749999973,751.95,8279283.07224987,0.5523043237780226,Salads,1330.0699999999997,1000146.3099999999,20140.0,0.5469518001136113,0.1490274768328775,Hidden Opportunity,within-catalog 75th percentile units and margin%; profit-driver wastage-cost <= 10% of estimated cost; as-of 2026-08-31; descriptive
M0161,CAT011,Classic Pasta 11,410.0,250.49,30,False,True,2025-09-04,9084,5760,3678314.0,3569556.003526013,2275451.159999991,250.49,1294104.843526022,0.3625394425098537,Pasta,1143.8799999999994,286530.48000000016,20140.0,0.5469518001136113,0.12592249178400353,Low Performer,within-catalog 75th percentile units and margin%; profit-driver wastage-cost <= 10% of estimated cost; as-of 2026-08-31; descriptive
M0162,CAT012,Signature Seafood 11,330.0,150.66,21,False,True,2026-02-08,8901,5701,2904507.25,2820642.7285824385,1341024.660000017,150.66,1479618.0685824216,0.5245676999745476,Seafood,1288.06,194059.10000000003,20140.0,0.5469518001136113,0.1447095685772084,Low Performer,within-catalog 75th percentile units and margin%; profit-driver wastage-cost <= 10% of estimated cost; as-of 2026-08-31; descriptive
M0163,CAT013,Fresh Sandwiche 11,1390.0,584.89,29,False,True,2025-04-25,8999,5722,12369171.77,12028314.35240897,5263425.110000067,584.89,6764889.242408902,0.562413738468189,Sandwiches,1156.21,676255.5799999997,20140.0,0.5469518001136113,0.12848203705134337,Hidden Opportunity,within-catalog 75th percentile units and margin%; profit-driver wastage-cost <= 10% of estimated cost; as-of 2026-08-31; descriptive
M0164,CAT014,Spicy Rice 11,1270.0,606.17,44,False,True,2026-01-07,8897,5655,11166478.129999999,10851464.482740602,5393094.490000024,606.17,5458369.992740577,0.5030076817209499,Rice,1231.2799999999997,746364.8199999998,20140.0,0.5469518001136113,0.1383926837150588,Low Performer,within-catalog 75th percentile units and margin%; profit-driver wastage-cost <= 10% of estimated cost; as-of 2026-08-31; descriptive
M0165,CAT015,House Coffee & Tea 11,540.0,198.22,34,False,True,2025-09-26,8662,5588,4623647.4,4486440.573681867,1716981.6400000083,198.22,2769458.9336818587,0.6172953565746352,Coffee & Tea,1218.84,241598.42999999988,20140.0,0.5469518001136113,0.14071113189072815,Hidden Opportunity,within-catalog 75th percentile units and margin%; profit-driver wastage-cost <= 10% of estimated cost; as-of 2026-08-31; descriptive
M0166,CAT001,Double Burger 12,370.0,134.03,7,False,True,2025-04-19,8637,5559,3154286.9499999997,3066006.6290807435,1157617.1099999927,134.03,1908389.5190807509,0.6224348965784618,Burgers,1078.5099999999998,144552.72999999992,20140.0,0.5469518001136113,0.12487093422453029,Hidden Opportunity,within-catalog 75th percentile units and margin%; profit-driver wastage-cost <= 10% of estimated cost; as-of 2026-08-31; descriptive
M0167,CAT002,Smoky Pizza 12,560.0,277.28,29,False,True,2026-02-20,8568,5489,4735729.6,4604267.948416189,2375735.0400000047,277.28,2228532.9084161846,0.48401459979816597,Pizza,1160.7200000000003,321844.5400000002,20140.0,0.5469518001136113,0.13547156336087024,Low Performer,within-catalog 75th percentile units and margin%; profit-driver wastage-cost <= 10% of estimated cost; as-of 2026-08-31; descriptive
M0168,CAT003,Royal Pakistani 12,1710.0,792.01,14,False,True,2025-11-06,8581,5493,14505395.31,14123015.990866123,6796237.810000052,792.01,7326778.180866071,0.5187828283706943,Pakistani,1223.2399999999993,968818.4099999998,20140.0,0.5469518001136113,0.14255216445994146,Low Performer,within-catalog 75th percentile units and margin%; profit-driver wastage-cost <= 10% of estimated cost; as-of 2026-08-31; descriptive
M0169,CAT004,Special BBQ 12,1180.0,712.18,22,True,True,2025-10-14,8535,5439,9948034.250000002,9684490.480703348,6078456.300000021,712.18,3606034.180703327,0.3723514611211053,BBQ,1221.2000000000003,869714.1300000005,20140.0,0.5469518001136113,0.1430814152599892,Low Performer,within-catalog 75th percentile units and margin%; profit-driver wastage-cost <= 10% of estimated cost; as-of 2026-08-31; descriptive
M0170,CAT005,Grilled Beverage 12,900.0,372.38,28,True,True,2025-12-04,8536,5442,7592089.5,7376280.229941822,3178635.680000025,372.38,4197644.549941797,0.5690733566361408,Beverages,1251.8700000000001,466171.32999999996,20140.0,0.5469518001136113,0.1466576786176377,Hidden Opportunity,within-catalog 75th percentile units and margin%; profit-driver wastage-cost <= 10% of estimated cost; as-of 2026-08-31; descriptive
M0171,CAT006,Tandoori Dessert 12,1640.0,859.53,8,False,True,2025-05-02,8241,5402,13346451.200000001,12983196.899582706,7083386.730000095,859.53,5899810.169582611,0.45441890893391884,Desserts,1169.0899999999997,1004867.9300000004,20140.0,0.5469518001136113,0.14186263835406696,Low Performer,within-catalog 75th percentile units and margin%; profit-driver wastage-cost <= 10% of estimated cost; as-of 2026-08-31; descriptive
M0172,CAT007,Fiery Chinese 12,1720.0,984.75,10,False,True,2025-12-31,8525,5474,14488372.700000001,14073499.910806144,8394993.75,984.75,5678506.160806144,0.40348926683446956,Chinese,1222.6499999999996,1204004.6099999999,20140.0,0.5469518001136113,0.1434193575188784,Low Performer,within-catalog 75th percentile units and margin%; profit-driver wastage-cost <= 10% of estimated cost; as-of 2026-08-31; descriptive
M0173,CAT008,Crispy Fast Food 12,1750.0,636.4,26,True,True,2025-12-15,8347,5396,14420017.5,14016334.363398988,5312030.800000045,636.4,8704303.563398942,0.621011409811155,Fast Food,1260.9000000000005,802436.7100000002,20140.0,0.5469518001136113,0.15106025175908117,Hidden Opportunity,within-catalog 75th percentile units and margin%; profit-driver wastage-cost <= 10% of estimated cost; as-of 2026-08-31; descriptive
M0174,CAT009,Masala Breakfast 12,510.0,292.77,40,True,True,2025-06-28,8433,5408,4253260.98,4132686.5058546807,2468929.4099999927,292.77,1663757.095854688,0.40258487874598814,Breakfast,1132.63,331600.1700000001,20140.0,0.5469518001136113,0.13430929562299682,Low Performer,within-catalog 75th percentile units and margin%; profit-driver wastage-cost <= 10% of estimated cost; as-of 2026-08-31; descriptive
M0175,CAT010,Herb Salad 12,710.0,276.79,43,True,True,2025-05-14,8305,5355,5831045.33,5661578.660969164,2298740.9499999955,276.79,3362837.7109691687,0.5939752695043381,Salads,1118.5700000000008,309609.02,20140.0,0.5469518001136113,0.13468634645413205,Hidden Opportunity,within-catalog 75th percentile units and margin%; profit-driver wastage-cost <= 10% of estimated cost; as-of 2026-08-31; descriptive
M0176,CAT011,Cheesy Pasta 12,1780.0,882.63,16,True,True,2025-05-07,8444,5388,14846619.549999999,14441115.135914747,7452927.720000032,882.63,6988187.415914714,0.4839091268329577,Pasta,1187.499999999999,1048123.25,20140.0,0.5469518001136113,0.14063241847728472,Low Performer,within-catalog 75th percentile units and margin%; profit-driver wastage-cost <= 10% of estimated cost; as-of 2026-08-31; descriptive
M0177,CAT012,Creamy Seafood 12,200.0,112.66,20,False,False,2025-07-14,8255,5292,1631452.0,1580524.3706452625,930008.3000000118,112.66,650516.0706452507,0.41158243601120303,Seafood,1105.0,124489.23000000004,20140.0,0.5469518001136113,0.1338581924483883,Low Performer,within-catalog 75th percentile units and margin%; profit-driver wastage-cost <= 10% of estimated cost; as-of 2026-08-31; descriptive
M0178,CAT013,Deluxe Sandwiche 12,260.0,143.07,38,True,True,2025-10-16,8273,5339,2126460.05,2063202.8868372547,1183618.1100000148,143.07,879584.77683724,0.42632005918990434,Sandwiches,1045.1799999999994,149533.9399999999,20140.0,0.5469518001136113,0.12633630622633682,Low Performer,within-catalog 75th percentile units and margin%; profit-driver wastage-cost <= 10% of estimated cost; as-of 2026-08-31; descriptive
M0179,CAT014,Supreme Rice 12,1440.0,703.55,11,False,True,2026-01-09,8086,5077,11497852.799999999,11181025.681050193,5688905.300000005,703.55,5492120.381050187,0.4912000506678322,Rice,1155.3700000000001,812860.5700000004,20140.0,0.5469518001136113,0.14288523487989854,Low Performer,within-catalog 75th percentile units and margin%; profit-driver wastage-cost <= 10% of estimated cost; as-of 2026-08-31; descriptive
M0180,CAT015,Loaded Coffee & Tea 12,250.0,140.37,38,False,True,2025-03-16,8097,5203,2000692.54,1947073.6381985743,1136575.889999995,140.37,810497.7481985793,0.41626455841107735,Coffee & Tea,1229.8200000000013,172629.77000000005,20140.0,0.5469518001136113,0.15188582787903482,Low Performer,within-catalog 75th percentile units and margin%; profit-driver wastage-cost <= 10% of estimated cost; as-of 2026-08-31; descriptive
M0181,CAT001,Classic Burger 13,280.0,134.21,30,False,True,2026-02-28,8153,5244,2254907.9,2188684.9913941496,1094214.1300000076,134.21,1094470.861394142,0.5000586496903721,Burgers,1185.1200000000003,159055.05000000002,20140.0,0.5469518001136113,0.1453600768251813,Low Performer,within-catalog 75th percentile units and margin%; profit-driver wastage-cost <= 10% of estimated cost; as-of 2026-08-31; descriptive
M0182,CAT002,Signature Pizza 13,1650.0,610.24,10,False,True,2025-05-04,8111,5173,13229312.18,12866285.928313576,4949656.6399999615,610.24,7916629.288313614,0.6153002764295998,Pizza,1265.33,772154.9399999997,20140.0,0.5469518001136113,0.15600171813130168,Hidden Opportunity,within-catalog 75th percentile units and margin%; profit-driver wastage-cost <= 10% of estimated cost; as-of 2026-08-31; descriptive
M0183,CAT003,Fresh Pakistani 13,630.0,328.19,40,False,True,2025-12-31,7866,5122,4897159.9799999995,4763955.524160174,2581542.540000014,328.19,2182412.9841601597,0.45810943722966263,Pakistani,1185.4299999999994,389046.28,20140.0,0.5469518001136113,0.15070302889527357,Low Performer,within-catalog 75th percentile units and margin%; profit-driver wastage-cost <= 10% of estimated cost; as-of 2026-08-31; descriptive
M0184,CAT004,Spicy BBQ 13,1040.0,491.4,43,False,True,2025-04-28,7971,5178,8186081.8,7948349.149921916,3916949.40000002,491.4,4031399.7499218965,0.5071996302479365,BBQ,1244.9100000000003,611748.76,20140.0,0.5469518001136113,0.15617989857106576,Low Performer,within-catalog 75th percentile units and margin%; profit-driver wastage-cost <= 10% of estimated cost; as-of 2026-08-31; descriptive
M0185,CAT005,House Beverage 13,1560.0,820.17,40,False,True,2025-10-18,7916,5069,12197191.499999998,11860066.686493596,6492465.720000031,820.17,5367600.966493565,0.4525776379154985,Beverages,1128.48,925545.3800000001,20140.0,0.5469518001136113,0.1425568374044485,Low Performer,within-catalog 75th percentile units and margin%; profit-driver wastage-cost <= 10% of estimated cost; as-of 2026-08-31; descriptive
M0186,CAT006,Double Dessert 13,1620.0,748.0,34,False,True,2025-08-08,7875,5076,12596382.9,12234360.817438915,5890500.0,748.0,6343860.817438915,0.5185281774914098,Desserts,1270.5699999999997,950386.3599999999,20140.0,0.5469518001136113,0.1613422222222222,Low Performer,within-catalog 75th percentile units and margin%; profit-driver wastage-cost <= 10% of estimated cost; as-of 2026-08-31; descriptive
M0187,CAT007,Smoky Chinese 13,870.0,460.73,28,False,True,2025-10-29,7966,5115,6837686.779999999,6638281.7197125135,3670175.179999993,460.73,2968106.5397125203,0.44711970130744333,Chinese,1164.72,536621.4600000002,20140.0,0.5469518001136113,0.14621140236690314,Low Performer,within-catalog 75th percentile units and margin%; profit-driver wastage-cost <= 10% of estimated cost; as-of 2026-08-31; descriptive
M0188,CAT008,Royal Fast Food 13,290.0,166.63,10,False,True,2025-09-07,7882,5072,2259214.2600000002,2190162.3016645918,1313377.6600000076,166.63,876784.6416645842,0.40032861537165554,Fast Food,1086.3799999999999,181023.4600000001,20140.0,0.5469518001136113,0.13783046987414044,Low Performer,within-catalog 75th percentile units and margin%; profit-driver wastage-cost <= 10% of estimated cost; as-of 2026-08-31; descriptive
M0189,CAT009,Special Breakfast 13,1500.0,750.33,42,False,True,2026-02-07,7835,4999,11614882.5,11271687.113276776,5878835.549999971,750.33,5392851.563276805,0.47844226947398444,Breakfast,1261.6299999999999,946638.7999999993,20140.0,0.5469518001136113,0.16102488187477945,Low Performer,within-catalog 75th percentile units and margin%; profit-driver wastage-cost <= 10% of estimated cost; as-of 2026-08-31; descriptive
M0190,CAT010,Grilled Salad 13,380.0,169.28,32,False,True,2025-07-26,7685,4968,2883827.599999999,2796270.505543481,1300916.7999999933,169.28,1495353.7055434878,0.5347671845692382,Salads,1231.66,208495.47000000006,20140.0,0.5469518001136113,0.16026810477042125,Low Performer,within-catalog 75th percentile units and margin%; profit-driver wastage-cost <= 10% of estimated cost; as-of 2026-08-31; descriptive
M0191,CAT011,Tandoori Pasta 13,1150.0,511.69,41,False,True,2025-11-02,7893,5079,8977975.149999999,8725873.358398119,4038769.1700000144,511.69,4687104.188398104,0.5371501505791455,Pasta,1239.6599999999994,634321.4099999998,20140.0,0.5469518001136113,0.1570580994605338,Low Performer,within-catalog 75th percentile units and margin%; profit-driver wastage-cost <= 10% of estimated cost; as-of 2026-08-31; descriptive
M0192,CAT012,Fiery Seafood 13,540.0,204.78,40,False,True,2025-12-19,7533,4876,4021170.7499999995,3901521.12057516,1542607.739999993,204.78,2358913.380575167,0.6046137667011828,Seafood,1165.8,238732.46000000002,20140.0,0.5469518001136113,0.1547590186472169,Hidden Opportunity,within-catalog 75th percentile units and margin%; profit-driver wastage-cost <= 10% of estimated cost; as-of 2026-08-31; descriptive
M0193,CAT013,Crispy Sandwiche 13,550.0,256.22,40,False,True,2026-01-09,7783,5046,4227038.8,4102438.544202336,1994160.2600000072,256.22,2108278.284202329,0.5139085598690559,Sandwiches,1158.56,296846.3700000001,20140.0,0.5469518001136113,0.1488578305135812,Low Performer,within-catalog 75th percentile units and margin%; profit-driver wastage-cost <= 10% of estimated cost; as-of 2026-08-31; descriptive
M0194,CAT014,Masala Rice 13,1270.0,635.41,43,False,True,2025-07-15,7626,4864,9563766.77,9297950.86881477,4845636.659999981,635.41,4452314.20881479,0.47884897130913057,Rice,1196.4699999999998,760248.9400000006,20140.0,0.5469518001136113,0.15689350922155268,Low Performer,within-catalog 75th percentile units and margin%; profit-driver wastage-cost <= 10% of estimated cost; as-of 2026-08-31; descriptive
M0195,CAT015,Herb Coffee & Tea 13,230.0,97.47,24,False,True,2025-06-01,7882,5108,1792766.6299999997,1741578.4161757268,768258.5400000056,97.47,973319.8761757212,0.5588722661785172,Coffee & Tea,1144.2200000000003,111527.20999999998,20140.0,0.5469518001136113,0.14516885162122528,Hidden Opportunity,within-catalog 75th percentile units and margin%; profit-driver wastage-cost <= 10% of estimated cost; as-of 2026-08-31; descriptive
M0196,CAT001,Cheesy Burger 14,1590.0,799.62,30,True,True,2025-03-16,7801,4975,12257981.6,11910504.253408678,6237835.619999971,799.62,5672668.633408707,0.47627443076436,Burgers,1254.06,1002771.53,20140.0,0.5469518001136113,0.160756324963883,Low Performer,within-catalog 75th percentile units and margin%; profit-driver wastage-cost <= 10% of estimated cost; as-of 2026-08-31; descriptive
M0197,CAT002,Creamy Pizza 14,330.0,162.77,29,False,True,2025-09-06,7807,5045,2544110.22,2475594.407507403,1270745.3899999957,162.77,1204849.017507407,0.48669079791650166,Pizza,1172.3399999999997,190821.86000000016,20140.0,0.5469518001136113,0.1501652978650592,Low Performer,within-catalog 75th percentile units and margin%; profit-driver wastage-cost <= 10% of estimated cost; as-of 2026-08-31; descriptive
M0198,CAT003,Deluxe Pakistani 14,680.0,297.56,41,False,True,2025-05-19,7613,4866,5115357.8,4974261.715778982,2265324.279999987,297.56,2708937.435778995,0.544590853992645,Pakistani,1141.9299999999998,339792.68000000017,20140.0,0.5469518001136113,0.14999736814722264,Low Performer,within-catalog 75th percentile units and margin%; profit-driver wastage-cost <= 10% of estimated cost; as-of 2026-08-31; descriptive
M0199,CAT004,Supreme BBQ 14,440.0,227.4,10,True,True,2025-11-04,7621,4809,3311499.4000000004,3222408.5754206376,1733015.3999999869,227.4,1489393.1754206507,0.4621987375471878,BBQ,1261.1199999999994,286778.7900000001,20140.0,0.5469518001136113,0.1654796547105134,Low Performer,within-catalog 75th percentile units and margin%; profit-driver wastage-cost <= 10% of estimated cost; as-of 2026-08-31; descriptive
M0200,CAT005,Loaded Beverage 14,1160.0,535.72,18,False,True,2025-10-07,7362,4766,8429818.6,8189765.487101344,3943970.639999961,535.72,4245794.847101383,0.5184269139071678,Beverages,1267.2500000000005,678891.2399999995,20140.0,0.5469518001136113,0.1721339487456241,Low Performer,within-catalog 75th percentile units and margin%; profit-driver wastage-cost <= 10% of estimated cost; as-of 2026-08-31; descriptive
