menu_item_id,category_id,item_name,base_price,cost_price,preparation_time_min,is_vegetarian,is_available,launch_date
M0001,CAT001,Classic Burger 1,1480.0,678.31,9,True,True,2025-08-09
M0002,CAT002,Signature Pizza 1,520.0,252.09,34,True,True,2025-12-13
M0003,CAT003,Fresh Pakistani 1,1050.0,579.28,32,False,True,2025-06-21
M0004,CAT004,Spicy BBQ 1,1800.0,697.23,36,True,True,2025-04-26
M0005,CAT005,House Beverage 1,430.0,169.07,32,False,True,2025-12-31
M0006,CAT006,Double Dessert 1,1790.0,882.22,40,False,False,2025-04-28
M0007,CAT007,Smoky Chinese 1,1280.0,633.58,22,False,True,2025-07-29
M0008,CAT008,Royal Fast Food 1,880.0,415.8,21,False,True,2025-11-15
M0009,CAT009,Special Breakfast 1,1660.0,971.17,24,False,True,2025-06-10
M0010,CAT010,Grilled Salad 1,430.0,239.03,39,False,True,2025-03-01
M0011,CAT011,Tandoori Pasta 1,1150.0,554.21,12,False,True,2025-08-05
M0012,CAT012,Fiery Seafood 1,570.0,236.57,41,False,True,2025-11-04
M0013,CAT001,Crispy Burger 2,1500.0,921.08,39,False,True,2025-10-30
M0014,CAT002,Masala Pizza 2,1710.0,674.74,38,False,True,2025-06-17
M0015,CAT003,Herb Pakistani 2,1680.0,930.59,17,False,True,2026-02-07
M0016,CAT004,Cheesy BBQ 2,1230.0,575.99,38,False,True,2025-04-02
M0017,CAT005,Creamy Beverage 2,730.0,371.46,19,False,False,2026-02-26
M0018,CAT006,Deluxe Dessert 2,1200.0,494.18,7,False,True,2025-06-30
M0019,CAT007,Supreme Chinese 2,630.0,303.07,39,True,True,2025-12-18
M0020,CAT008,Loaded Fast Food 2,1110.0,461.33,35,False,True,2025-04-19
M0021,CAT009,Classic Breakfast 2,1250.0,557.08,31,False,True,2026-02-08
M0022,CAT010,Signature Salad 2,1240.0,650.34,8,False,True,2025-04-25
M0023,CAT011,Fresh Pasta 2,580.0,232.79,33,True,True,2025-10-23
M0024,CAT012,Spicy Seafood 2,580.0,347.58,33,False,True,2025-04-20
M0025,CAT001,House Burger 3,260.0,161.15,5,False,True,2025-06-30
M0026,CAT002,Double Pizza 3,450.0,216.51,18,False,True,2025-05-24
M0027,CAT003,Smoky Pakistani 3,790.0,486.67,21,False,True,2025-07-25
M0028,CAT004,Royal BBQ 3,870.0,529.37,40,False,True,2025-06-06
M0029,CAT005,Special Beverage 3,660.0,403.62,42,False,True,2025-08-08
M0030,CAT006,Grilled Dessert 3,270.0,137.09,37,False,True,2025-03-30
M0031,CAT007,Tandoori Chinese 3,1740.0,646.64,16,True,True,2025-06-29
M0032,CAT008,Fiery Fast Food 3,830.0,501.51,41,True,True,2026-01-12
M0033,CAT009,Crispy Breakfast 3,310.0,163.52,41,False,True,2025-06-13
M0034,CAT010,Masala Salad 3,1260.0,547.89,21,False,True,2025-08-01
M0035,CAT011,Herb Pasta 3,920.0,552.77,9,True,True,2025-12-14
M0036,CAT012,Cheesy Seafood 3,1790.0,661.91,18,False,True,2025-08-26
M0037,CAT001,Creamy Burger 4,1610.0,945.72,28,False,True,2025-12-04
M0038,CAT002,Deluxe Pizza 4,1320.0,680.0,38,True,True,2025-08-01
M0039,CAT003,Supreme Pakistani 4,1690.0,638.77,13,True,True,2025-12-09
M0040,CAT004,Loaded BBQ 4,430.0,183.21,18,False,True,2026-01-19
M0041,CAT005,Classic Beverage 4,1560.0,758.88,21,False,True,2025-04-17
M0042,CAT006,Signature Dessert 4,1210.0,694.45,7,True,True,2026-01-21
M0043,CAT007,Fresh Chinese 4,1770.0,696.72,33,False,True,2025-03-05
M0044,CAT008,Spicy Fast Food 4,360.0,217.86,14,False,True,2025-12-24
M0045,CAT009,House Breakfast 4,1080.0,503.33,7,False,True,2025-03-21
M0046,CAT010,Double Salad 4,1640.0,667.02,20,False,True,2025-12-12
M0047,CAT011,Smoky Pasta 4,1610.0,740.15,44,False,True,2025-06-30
M0048,CAT012,Royal Seafood 4,1580.0,969.45,16,False,False,2025-08-18
M0049,CAT001,Special Burger 5,1450.0,668.69,20,True,True,2025-04-25
M0050,CAT002,Grilled Pizza 5,800.0,288.36,35,True,True,2025-10-22
M0051,CAT003,Tandoori Pakistani 5,750.0,428.66,19,True,True,2025-09-21
M0052,CAT004,Fiery BBQ 5,710.0,414.2,22,False,True,2026-02-11
M0053,CAT005,Crispy Beverage 5,1770.0,875.76,6,True,True,2025-05-31
M0054,CAT006,Masala Dessert 5,1120.0,689.43,7,True,True,2025-08-08
M0055,CAT007,Herb Chinese 5,890.0,548.01,12,False,True,2025-07-09
M0056,CAT008,Cheesy Fast Food 5,250.0,116.93,38,False,True,2026-02-07
M0057,CAT009,Creamy Breakfast 5,500.0,233.23,26,False,True,2025-05-03
M0058,CAT010,Deluxe Salad 5,1350.0,581.97,24,False,True,2026-02-20
M0059,CAT011,Supreme Pasta 5,660.0,253.68,31,False,True,2025-05-29
M0060,CAT012,Loaded Seafood 5,1180.0,508.88,40,False,True,2025-06-16
M0061,CAT001,Classic Burger 6,880.0,445.8,25,False,True,2025-06-18
M0062,CAT002,Signature Pizza 6,1010.0,569.95,15,False,True,2026-02-03
M0063,CAT003,Fresh Pakistani 6,1210.0,533.01,20,False,True,2025-06-10
M0064,CAT004,Spicy BBQ 6,420.0,152.24,35,False,True,2025-10-20
M0065,CAT005,House Beverage 6,850.0,442.03,17,False,True,2025-09-21
M0066,CAT006,Double Dessert 6,580.0,305.74,5,False,True,2025-04-24
M0067,CAT007,Smoky Chinese 6,1440.0,589.09,38,False,True,2025-05-02
M0068,CAT008,Royal Fast Food 6,920.0,521.07,38,False,True,2025-10-13
M0069,CAT009,Special Breakfast 6,1170.0,636.72,37,False,True,2025-10-15
M0070,CAT010,Grilled Salad 6,1630.0,897.78,35,False,True,2026-01-21
M0071,CAT011,Tandoori Pasta 6,630.0,352.78,36,False,True,2025-04-09
M0072,CAT012,Fiery Seafood 6,1340.0,553.84,26,False,True,2025-05-10
M0073,CAT001,Crispy Burger 7,420.0,190.44,14,False,True,2025-09-25
M0074,CAT002,Masala Pizza 7,720.0,342.58,8,True,True,2025-12-25
M0075,CAT003,Herb Pakistani 7,1710.0,607.52,41,False,False,2025-08-28
M0076,CAT004,Cheesy BBQ 7,660.0,300.5,31,False,True,2026-01-03
M0077,CAT005,Creamy Beverage 7,1630.0,785.37,22,False,False,2025-08-20
M0078,CAT006,Deluxe Dessert 7,1260.0,712.53,15,False,True,2026-01-13
M0079,CAT007,Supreme Chinese 7,1050.0,624.61,42,False,False,2026-01-24
M0080,CAT008,Loaded Fast Food 7,870.0,508.12,16,True,True,2025-06-17
M0081,CAT009,Classic Breakfast 7,920.0,405.84,29,True,True,2025-10-02
M0082,CAT010,Signature Salad 7,590.0,219.55,6,False,True,2025-08-27
M0083,CAT011,Fresh Pasta 7,540.0,199.0,7,False,True,2025-06-11
M0084,CAT012,Spicy Seafood 7,1540.0,797.35,20,True,True,2025-12-14
M0085,CAT001,House Burger 8,1720.0,817.96,21,False,True,2026-01-05
M0086,CAT002,Double Pizza 8,1740.0,946.48,15,False,True,2025-03-14
M0087,CAT003,Smoky Pakistani 8,1680.0,849.18,29,False,True,2025-04-08
M0088,CAT004,Royal BBQ 8,1140.0,654.65,20,True,True,2026-02-14
M0089,CAT005,Special Beverage 8,1150.0,440.09,41,False,True,2025-10-06
M0090,CAT006,Grilled Dessert 8,1250.0,460.77,26,True,True,2025-11-06
M0091,CAT007,Tandoori Chinese 8,350.0,213.29,45,False,True,2025-05-18
M0092,CAT008,Fiery Fast Food 8,890.0,487.83,22,False,True,2025-11-03
M0093,CAT009,Crispy Breakfast 8,930.0,532.84,42,True,True,2025-04-14
M0094,CAT010,Masala Salad 8,630.0,297.18,34,False,True,2025-08-20
M0095,CAT011,Herb Pasta 8,230.0,133.34,16,False,True,2025-07-11
M0096,CAT012,Cheesy Seafood 8,730.0,429.01,22,False,True,2025-06-06
M0097,CAT001,Creamy Burger 9,320.0,174.21,36,False,True,2025-10-30
M0098,CAT002,Deluxe Pizza 9,1230.0,593.5,6,True,True,2026-02-18
M0099,CAT003,Supreme Pakistani 9,570.0,301.68,28,False,True,2025-10-04
M0100,CAT004,Loaded BBQ 9,1790.0,892.5,27,False,True,2025-07-07
M0101,CAT005,Classic Beverage 9,550.0,299.61,25,True,True,2026-02-17
M0102,CAT006,Signature Dessert 9,480.0,196.04,35,True,True,2025-11-24
M0103,CAT007,Fresh Chinese 9,1150.0,706.95,17,False,True,2025-08-02
M0104,CAT008,Spicy Fast Food 9,200.0,98.84,22,True,True,2025-07-28
M0105,CAT009,House Breakfast 9,1310.0,503.17,36,True,False,2025-07-24
M0106,CAT010,Double Salad 9,940.0,440.79,16,False,True,2025-10-31
M0107,CAT011,Smoky Pasta 9,360.0,132.35,36,True,True,2025-03-28
M0108,CAT012,Royal Seafood 9,430.0,244.67,24,True,True,2025-12-11
M0109,CAT001,Special Burger 10,1420.0,729.46,44,True,True,2025-10-17
M0110,CAT002,Grilled Pizza 10,1650.0,709.97,42,False,True,2026-01-12
M0111,CAT003,Tandoori Pakistani 10,280.0,170.58,11,False,True,2025-06-17
M0112,CAT004,Fiery BBQ 10,610.0,226.87,20,True,True,2025-03-02
M0113,CAT005,Crispy Beverage 10,840.0,450.35,35,False,True,2026-02-25
M0114,CAT006,Masala Dessert 10,640.0,372.54,9,False,True,2026-01-15
M0115,CAT007,Herb Chinese 10,1140.0,646.44,17,False,True,2026-01-26
M0116,CAT008,Cheesy Fast Food 10,420.0,177.12,14,True,True,2025-08-05
M0117,CAT009,Creamy Breakfast 10,1140.0,652.7,23,False,True,2025-08-03
M0118,CAT010,Deluxe Salad 10,1310.0,791.92,37,False,True,2026-01-01
M0119,CAT011,Supreme Pasta 10,240.0,112.0,25,False,False,2025-06-26
M0120,CAT012,Loaded Seafood 10,1740.0,1001.73,41,False,False,2026-02-08
M0121,CAT001,Classic Burger 11,1510.0,763.44,16,False,True,2025-07-21
M0122,CAT002,Signature Pizza 11,470.0,238.78,45,False,True,2025-10-27
M0123,CAT003,Fresh Pakistani 11,740.0,325.6,11,False,True,2026-02-19
M0124,CAT004,Spicy BBQ 11,980.0,518.32,30,False,True,2025-10-19
M0125,CAT005,House Beverage 11,320.0,133.81,12,False,True,2025-11-19
M0126,CAT006,Double Dessert 11,1520.0,532.47,39,False,True,2025-11-21
M0127,CAT007,Smoky Chinese 11,770.0,426.76,45,False,True,2025-07-15
M0128,CAT008,Royal Fast Food 11,1070.0,642.5,33,False,True,2025-03-15
M0129,CAT009,Special Breakfast 11,1760.0,905.34,20,False,True,2025-03-08
M0130,CAT010,Grilled Salad 11,1070.0,401.43,12,False,True,2025-05-18
M0131,CAT011,Tandoori Pasta 11,990.0,538.05,37,False,True,2025-11-03
M0132,CAT012,Fiery Seafood 11,1770.0,735.98,40,True,True,2026-01-01
M0133,CAT001,Crispy Burger 12,1000.0,587.42,9,True,True,2025-09-29
M0134,CAT002,Masala Pizza 12,730.0,410.76,22,False,True,2025-07-31
M0135,CAT003,Herb Pakistani 12,1540.0,780.13,36,False,True,2025-11-03
M0136,CAT004,Cheesy BBQ 12,740.0,369.27,39,False,True,2025-06-05
M0137,CAT005,Creamy Beverage 12,1770.0,733.63,29,True,True,2025-03-23
M0138,CAT006,Deluxe Dessert 12,700.0,334.39,29,False,True,2026-01-28
M0139,CAT007,Supreme Chinese 12,1770.0,856.22,7,True,True,2025-08-17
M0140,CAT008,Loaded Fast Food 12,1590.0,931.79,33,True,True,2025-03-08
M0141,CAT009,Classic Breakfast 12,1350.0,621.94,14,True,True,2025-07-14
M0142,CAT010,Signature Salad 12,730.0,392.03,10,False,True,2025-11-29
M0143,CAT011,Fresh Pasta 12,800.0,348.4,36,False,True,2025-04-05
M0144,CAT012,Spicy Seafood 12,560.0,299.48,23,False,True,2025-10-09
M0145,CAT001,House Burger 13,1760.0,977.33,11,False,True,2025-03-15
M0146,CAT002,Double Pizza 13,250.0,141.24,23,False,True,2025-07-04
M0147,CAT003,Smoky Pakistani 13,1040.0,522.91,16,True,True,2025-09-12
M0148,CAT004,Royal BBQ 13,,489.73,42,True,True,2025-07-09
M0149,CAT005,Special Beverage 13,920.0,487.64,34,False,True,2025-05-20
M0150,CAT006,Grilled Dessert 13,300.0,181.56,42,False,True,2026-02-17
M0151,CAT007,Tandoori Chinese 13,590.0,341.16,17,False,True,2025-04-24
M0152,CAT008,Fiery Fast Food 13,560.0,282.47,41,False,True,2025-03-12
M0153,CAT009,Crispy Breakfast 13,1760.0,928.79,22,True,True,2025-03-26
M0154,CAT010,Masala Salad 13,1660.0,914.99,23,False,True,2025-08-28
M0155,CAT011,Herb Pasta 13,530.0,212.71,21,False,True,2026-02-01
M0156,CAT012,Cheesy Seafood 13,1280.0,495.27,11,False,True,2025-08-06
M0157,CAT001,Creamy Burger 14,1460.0,524.15,28,False,True,2025-07-30
M0158,CAT002,Deluxe Pizza 14,710.0,328.15,17,True,True,2025-09-04
M0159,CAT003,Supreme Pakistani 14,1040.0,620.51,15,True,True,2025-11-02
M0160,CAT004,Loaded BBQ 14,1750.0,751.95,26,False,True,2025-04-08
M0161,CAT005,Classic Beverage 14,410.0,250.49,30,False,True,2025-09-04
M0162,CAT006,Signature Dessert 14,330.0,150.66,21,False,True,2026-02-08
M0163,CAT007,Fresh Chinese 14,1390.0,584.89,29,False,True,2025-04-25
M0164,CAT008,Spicy Fast Food 14,1270.0,606.17,44,False,True,2026-01-07
M0165,CAT009,House Breakfast 14,540.0,198.22,34,False,True,2025-09-26
M0166,CAT010,Double Salad 14,370.0,134.03,7,False,True,2025-04-19
M0167,CAT011,Smoky Pasta 14,560.0,277.28,29,False,True,2026-02-20
M0168,CAT012,Royal Seafood 14,1710.0,792.01,14,False,True,2025-11-06
M0169,CAT001,Special Burger 15,1180.0,712.18,22,True,True,2025-10-14
M0170,CAT002,Grilled Pizza 15,900.0,372.38,28,True,True,2025-12-04
M0171,CAT003,Tandoori Pakistani 15,1640.0,859.53,8,False,True,2025-05-02
M0172,CAT004,Fiery BBQ 15,1720.0,984.75,10,False,True,2025-12-31
M0173,CAT005,Crispy Beverage 15,1750.0,636.4,26,True,True,2025-12-15
M0174,CAT006,Masala Dessert 15,510.0,292.77,40,True,True,2025-06-28
M0175,CAT007,Herb Chinese 15,710.0,276.79,43,True,True,2025-05-14
M0176,CAT008,Cheesy Fast Food 15,1780.0,882.63,16,True,True,2025-05-07
M0177,CAT009,Creamy Breakfast 15,200.0,112.66,20,False,False,2025-07-14
M0178,CAT010,Deluxe Salad 15,260.0,143.07,38,True,True,2025-10-16
M0179,CAT011,Supreme Pasta 15,1440.0,703.55,11,False,True,2026-01-09
M0180,CAT012,Loaded Seafood 15,250.0,140.37,38,False,True,2025-03-16
M0181,CAT001,Classic Burger 16,280.0,134.21,30,False,True,2026-02-28
M0182,CAT002,Signature Pizza 16,1650.0,610.24,10,False,True,2025-05-04
M0183,CAT003,Fresh Pakistani 16,630.0,328.19,40,False,True,2025-12-31
M0184,CAT004,Spicy BBQ 16,1040.0,491.4,43,False,True,2025-04-28
M0185,CAT005,House Beverage 16,1560.0,820.17,40,False,True,2025-10-18
M0186,CAT006,Double Dessert 16,1620.0,748.0,34,False,True,2025-08-08
M0187,CAT007,Smoky Chinese 16,870.0,460.73,28,False,True,2025-10-29
M0188,CAT008,Royal Fast Food 16,290.0,166.63,10,False,True,2025-09-07
M0189,CAT009,Special Breakfast 16,1500.0,750.33,42,False,True,2026-02-07
M0190,CAT010,Grilled Salad 16,380.0,169.28,32,False,True,2025-07-26
M0191,CAT011,Tandoori Pasta 16,1150.0,511.69,41,False,True,2025-11-02
M0192,CAT012,Fiery Seafood 16,540.0,204.78,40,False,True,2025-12-19
M0193,CAT001,Crispy Burger 17,550.0,256.22,40,False,True,2026-01-09
M0194,CAT002,Masala Pizza 17,1270.0,635.41,43,False,True,2025-07-15
M0195,CAT003,Herb Pakistani 17,230.0,97.47,24,False,True,2025-06-01
M0196,CAT004,Cheesy BBQ 17,1590.0,799.62,30,True,True,2025-03-16
M0197,CAT005,Creamy Beverage 17,330.0,162.77,29,False,True,2025-09-06
M0198,CAT006,Deluxe Dessert 17,680.0,297.56,41,False,True,2025-05-19
M0199,CAT007,Supreme Chinese 17,440.0,227.4,10,True,True,2025-11-04
M0200,CAT008,Loaded Fast Food 17,1160.0,535.72,18,False,True,2025-10-07
