price_history_id,menu_item_id,restaurant_id,old_price,new_price,effective_from,effective_to,change_reason
PH00000001,M0001,R007,1480.0,1553.38,2025-05-09,2025-06-17,Inflation
PH00000002,M0001,R007,1553.38,1663.31,2025-06-18,,Menu Review
PH00000003,M0001,R008,1480.0,1559.44,2025-04-19,2025-12-24,Menu Review
PH00000004,M0001,R008,1559.44,1611.07,2025-12-25,2026-03-03,Promotion End
PH00000005,M0001,R008,1611.07,1668.14,2026-03-04,2026-06-25,Supplier Cost
PH00000006,M0001,R008,1668.14,1840.18,2026-06-26,,Menu Review
PH00000007,M0002,R006,520.0,565.57,2025-04-22,2025-10-02,Supplier Cost
PH00000008,M0002,R006,565.57,631.72,2025-10-03,2025-10-26,Menu Review
PH00000009,M0002,R006,631.72,662.35,2025-10-27,,Promotion End
PH00000010,M0002,R024,520.0,546.49,2025-07-31,2025-12-28,Promotion End
PH00000011,M0002,R024,546.49,606.82,2025-12-29,,Supplier Cost
PH00000012,M0003,R012,1050.0,1152.7,2025-08-22,2025-11-10,Menu Review
PH00000013,M0003,R012,1152.7,1236.55,2025-11-11,2025-11-21,Supplier Cost
PH00000014,M0003,R012,1236.55,1362.29,2025-11-22,2026-04-27,Menu Review
PH00000015,M0003,R012,1362.29,1408.39,2026-04-28,,Seasonal Adjustment
PH00000016,M0003,R022,1050.0,1162.78,2025-12-02,2026-02-21,Menu Review
PH00000017,M0003,R022,1162.78,1294.67,2026-02-22,,Menu Review
PH00000018,M0004,R004,1800.0,1885.1,2025-06-21,2026-04-24,Menu Review
PH00000019,M0004,R004,1885.1,1950.58,2026-04-25,,Promotion End
PH00000020,M0004,R010,1800.0,1875.97,2026-07-10,2026-07-27,Promotion End
PH00000021,M0004,R010,1875.97,2079.44,2026-07-28,,Inflation
PH00000022,M0005,R014,430.0,455.21,2025-07-29,2025-10-07,Inflation
PH00000023,M0005,R014,455.21,481.38,2025-10-08,2025-12-12,Inflation
PH00000024,M0005,R014,481.38,506.35,2025-12-13,,Inflation
PH00000025,M0005,R002,430.0,444.52,2025-06-13,2025-09-17,Seasonal Adjustment
PH00000026,M0005,R002,444.52,494.19,2025-09-18,2026-02-25,Promotion End
PH00000027,M0005,R002,494.19,538.47,2026-02-26,2026-05-09,Supplier Cost
PH00000028,M0005,R002,538.47,590.1,2026-05-10,,Promotion End
PH00000029,M0006,R015,1790.0,1829.2,2025-05-10,2026-07-06,Supplier Cost
PH00000030,M0006,R015,1829.2,2018.52,2026-07-07,,Menu Review
PH00000031,M0006,R020,1790.0,1964.73,2025-05-26,2025-11-01,Supplier Cost
PH00000032,M0006,R020,1964.73,2063.19,2025-11-02,2025-12-25,Inflation
PH00000033,M0006,R020,2063.19,2153.65,2025-12-26,2026-02-04,Menu Review
PH00000034,M0006,R020,2153.65,2295.17,2026-02-05,,Inflation
PH00000035,M0007,R016,1280.0,1336.57,2025-04-08,2025-12-18,Supplier Cost
PH00000036,M0007,R016,1336.57,1402.23,2025-12-19,2026-01-18,Inflation
PH00000037,M0007,R016,1402.23,1516.49,2026-01-19,2026-02-16,Supplier Cost
PH00000038,M0007,R016,1516.49,1633.36,2026-02-17,,Supplier Cost
PH00000039,M0007,R020,1280.0,1314.26,2025-05-13,2025-09-30,Menu Review
PH00000040,M0007,R020,1314.26,1412.05,2025-10-01,2025-12-23,Menu Review
PH00000041,M0007,R020,1412.05,1518.54,2025-12-24,2026-03-07,Promotion End
PH00000042,M0007,R020,1518.54,1681.53,2026-03-08,,Inflation
PH00000043,M0008,R021,880.0,929.02,2025-04-08,2025-08-06,Inflation
PH00000044,M0008,R021,929.02,979.63,2025-08-07,2026-04-16,Inflation
PH00000045,M0008,R021,979.63,1074.8,2026-04-17,,Seasonal Adjustment
PH00000046,M0008,R013,880.0,945.65,2025-04-22,2025-09-26,Supplier Cost
PH00000047,M0008,R013,945.65,1043.09,2025-09-27,,Promotion End
PH00000048,M0009,R023,1660.0,1812.06,2025-05-02,2025-06-07,Promotion End
PH00000049,M0009,R023,1812.06,1855.0,2025-06-08,2025-07-01,Supplier Cost
PH00000050,M0009,R023,1855.0,1900.23,2025-07-02,2026-05-19,Supplier Cost
PH00000051,M0009,R023,1900.23,2106.56,2026-05-20,,Seasonal Adjustment
PH00000052,M0009,R016,1660.0,1783.34,2025-10-20,2025-12-18,Seasonal Adjustment
PH00000053,M0009,R016,1783.34,1825.54,2025-12-19,2026-05-21,Supplier Cost
PH00000054,M0009,R016,1825.54,1914.28,2026-05-22,,Inflation
PH00000055,M0010,R021,430.0,457.39,2025-06-02,2025-10-04,Promotion End
PH00000056,M0010,R021,457.39,500.54,2025-10-05,2026-05-13,Promotion End
PH00000057,M0010,R021,500.54,527.52,2026-05-14,,Supplier Cost
PH00000058,M0010,R011,430.0,478.35,2025-10-05,2025-12-09,Menu Review
PH00000059,M0010,R011,478.35,500.68,2025-12-10,2026-03-19,Inflation
PH00000060,M0010,R011,500.68,547.1,2026-03-20,,Inflation
PH00000061,M0011,R014,1150.0,1209.94,2025-08-28,2026-01-03,Inflation
PH00000062,M0011,R014,1209.94,1273.82,2026-01-04,,Seasonal Adjustment
PH00000063,M0011,R020,1150.0,1222.0,2025-11-14,2026-02-01,Promotion End
PH00000064,M0011,R020,1222.0,1289.4,2026-02-02,2026-04-01,Inflation
PH00000065,M0011,R020,1289.4,1408.9,2026-04-02,,Seasonal Adjustment
PH00000066,M0012,R020,570.0,584.67,2026-02-21,2026-05-09,Promotion End
PH00000067,M0012,R020,584.67,617.61,2026-05-10,2026-07-28,Supplier Cost
PH00000068,M0012,R020,617.61,688.81,2026-07-29,,Supplier Cost
PH00000069,M0012,R014,570.0,588.6,2025-04-17,2025-11-09,Supplier Cost
PH00000070,M0012,R014,588.6,646.2,2025-11-10,2026-03-12,Seasonal Adjustment
PH00000071,M0012,R014,646.2,682.53,2026-03-13,2026-05-04,Menu Review
PH00000072,M0012,R014,682.53,698.39,2026-05-05,,Supplier Cost
PH00000073,M0013,R022,1500.0,1541.53,2025-10-07,2025-11-12,Supplier Cost
PH00000074,M0013,R022,1541.53,1653.98,2025-11-13,2026-04-24,Promotion End
PH00000075,M0013,R022,1653.98,1739.06,2026-04-25,,Seasonal Adjustment
PH00000076,M0013,R015,1500.0,1533.89,2025-05-28,2026-08-03,Supplier Cost
PH00000077,M0013,R015,1533.89,1641.12,2026-08-04,,Promotion End
PH00000078,M0014,R018,1710.0,1820.51,2025-08-11,2026-03-25,Menu Review
PH00000079,M0014,R018,1820.51,1908.91,2026-03-26,2026-04-30,Promotion End
PH00000080,M0014,R018,1908.91,1985.3,2026-05-01,,Supplier Cost
PH00000081,M0014,R004,1710.0,1897.87,2025-06-27,2025-11-16,Promotion End
PH00000082,M0014,R004,1897.87,2125.09,2025-11-17,,Seasonal Adjustment
PH00000083,M0015,R022,1680.0,1863.34,2025-05-03,2025-08-25,Supplier Cost
PH00000084,M0015,R022,1863.34,2033.24,2025-08-26,2026-01-01,Supplier Cost
PH00000085,M0015,R022,2033.24,2235.28,2026-01-02,2026-01-05,Menu Review
PH00000086,M0015,R022,2235.28,2330.11,2026-01-06,,Supplier Cost
PH00000087,M0015,R012,1680.0,1796.6,2025-07-30,2026-05-08,Seasonal Adjustment
PH00000088,M0015,R012,1796.6,1932.07,2026-05-09,,Seasonal Adjustment
PH00000089,M0016,R015,1230.0,1265.2,2026-02-07,2026-06-25,Seasonal Adjustment
PH00000090,M0016,R015,1265.2,1340.88,2026-06-26,,Promotion End
PH00000091,M0016,R018,1230.0,1325.31,2025-10-26,2025-10-26,Supplier Cost
PH00000092,M0016,R018,1325.31,1480.69,2025-10-27,2026-04-27,Inflation
PH00000093,M0016,R018,1480.69,1576.93,2026-04-28,2026-05-25,Menu Review
PH00000094,M0016,R018,1576.93,1662.8,2026-05-26,,Menu Review
PH00000095,M0017,R021,730.0,754.02,2026-04-28,2026-08-06,Menu Review
PH00000096,M0017,R021,754.02,837.77,2026-08-07,,Inflation
PH00000097,M0017,R019,730.0,766.8,2025-06-17,2025-12-20,Supplier Cost
PH00000098,M0017,R019,766.8,806.88,2025-12-21,,Supplier Cost
PH00000099,M0018,R012,1200.0,1247.56,2025-05-10,2025-08-05,Menu Review
PH00000100,M0018,R012,1247.56,1306.75,2025-08-06,2026-06-06,Seasonal Adjustment
PH00000101,M0018,R012,1306.75,1413.18,2026-06-07,,Inflation
PH00000102,M0018,R017,1200.0,1293.68,2025-06-25,2026-01-27,Supplier Cost
PH00000103,M0018,R017,1293.68,1404.77,2026-01-28,2026-02-21,Menu Review
PH00000104,M0018,R017,1404.77,1480.29,2026-02-22,2026-07-25,Menu Review
PH00000105,M0018,R017,1480.29,1515.99,2026-07-26,,Inflation
PH00000106,M0019,R003,630.0,655.88,2025-08-13,2026-01-19,Menu Review
PH00000107,M0019,R003,655.88,696.32,2026-01-20,2026-02-26,Inflation
PH00000108,M0019,R003,696.32,744.93,2026-02-27,2026-04-28,Menu Review
PH00000109,M0019,R003,744.93,781.41,2026-04-29,,Seasonal Adjustment
PH00000110,M0019,R002,630.0,685.75,2025-08-03,2026-05-16,Seasonal Adjustment
PH00000111,M0019,R002,685.75,730.57,2026-05-17,2026-05-17,Inflation
PH00000112,M0019,R002,730.57,756.73,2026-05-18,,Promotion End
PH00000113,M0020,R016,1110.0,1148.15,2025-09-21,2026-02-03,Seasonal Adjustment
PH00000114,M0020,R016,1148.15,1255.41,2026-02-04,,Seasonal Adjustment
PH00000115,M0020,R015,1110.0,1189.36,2025-06-05,2025-10-05,Inflation
PH00000116,M0020,R015,1189.36,1251.1,2025-10-06,2026-04-23,Promotion End
PH00000117,M0020,R015,1251.1,1291.45,2026-04-24,,Promotion End
PH00000118,M0021,R008,1250.0,1393.17,2025-04-25,2025-08-25,Menu Review
PH00000119,M0021,R008,1393.17,1479.29,2025-08-26,,Supplier Cost
PH00000120,M0021,R005,1250.0,1314.09,2026-01-20,2026-04-03,Supplier Cost
PH00000121,M0021,R005,1314.09,1405.85,2026-04-04,2026-07-21,Menu Review
PH00000122,M0021,R005,1405.85,1499.59,2026-07-22,,Seasonal Adjustment
PH00000123,M0022,R016,1240.0,1327.48,2025-10-18,2026-07-26,Supplier Cost
PH00000124,M0022,R016,1327.48,1382.59,2026-07-27,,Seasonal Adjustment
PH00000125,M0022,R001,1240.0,1326.17,2025-04-25,2025-08-21,Promotion End
PH00000126,M0022,R001,1326.17,1390.59,2025-08-22,,Inflation
PH00000127,M0023,R004,580.0,633.8,2025-08-13,2026-06-24,Promotion End
PH00000128,M0023,R004,633.8,669.67,2026-06-25,,Promotion End
PH00000129,M0023,R014,580.0,602.89,2026-01-12,2026-01-15,Menu Review
PH00000130,M0023,R014,602.89,632.35,2026-01-16,,Promotion End
PH00000131,M0024,R017,580.0,627.04,2025-08-21,2026-02-12,Supplier Cost
PH00000132,M0024,R017,627.04,700.72,2026-02-13,2026-03-13,Promotion End
PH00000133,M0024,R017,700.72,740.89,2026-03-14,2026-05-26,Seasonal Adjustment
PH00000134,M0024,R017,740.89,797.04,2026-05-27,,Seasonal Adjustment
PH00000135,M0024,R015,580.0,621.13,2025-07-10,2026-02-01,Menu Review
PH00000136,M0024,R015,621.13,636.05,2026-02-02,,Inflation
PH00000137,M0025,R005,260.0,277.08,2025-11-28,2025-12-20,Menu Review
PH00000138,M0025,R005,277.08,307.37,2025-12-21,2026-05-15,Supplier Cost
PH00000139,M0025,R005,307.37,323.6,2026-05-16,,Menu Review
PH00000140,M0025,R023,260.0,284.42,2025-06-22,2025-10-17,Seasonal Adjustment
PH00000141,M0025,R023,284.42,307.0,2025-10-18,2026-02-08,Menu Review
PH00000142,M0025,R023,307.0,338.57,2026-02-09,,Menu Review
PH00000143,M0026,R016,450.0,475.58,2025-04-08,2025-08-30,Inflation
PH00000144,M0026,R016,475.58,531.69,2025-08-31,2025-11-28,Menu Review
PH00000145,M0026,R016,531.69,558.68,2025-11-29,2026-05-21,Inflation
PH00000146,M0026,R016,558.68,603.2,2026-05-22,,Seasonal Adjustment
PH00000147,M0026,R023,450.0,484.99,2026-01-21,2026-05-01,Inflation
PH00000148,M0026,R023,484.99,522.99,2026-05-02,2026-05-04,Supplier Cost
PH00000149,M0026,R023,522.99,560.87,2026-05-05,2026-08-09,Menu Review
PH00000150,M0026,R023,560.87,615.53,2026-08-10,,Promotion End
PH00000151,M0027,R005,790.0,880.71,2025-04-16,2026-01-17,Inflation
PH00000152,M0027,R005,880.71,915.13,2026-01-18,,Promotion End
PH00000153,M0027,R022,790.0,860.35,2025-06-16,2025-10-27,Promotion End
PH00000154,M0027,R022,860.35,920.73,2025-10-28,2025-10-30,Menu Review
PH00000155,M0027,R022,920.73,1023.9,2025-10-31,,Inflation
PH00000156,M0028,R023,870.0,929.02,2025-07-15,2025-09-12,Promotion End
PH00000157,M0028,R023,929.02,976.75,2025-09-13,2026-01-11,Supplier Cost
PH00000158,M0028,R023,976.75,1041.18,2026-01-12,2026-03-04,Menu Review
PH00000159,M0028,R023,1041.18,1097.65,2026-03-05,,Seasonal Adjustment
PH00000160,M0028,R005,870.0,943.37,2026-03-14,2026-04-03,Seasonal Adjustment
PH00000161,M0028,R005,943.37,1019.79,2026-04-04,2026-04-29,Supplier Cost
PH00000162,M0028,R005,1019.79,1137.81,2026-04-30,2026-06-17,Seasonal Adjustment
PH00000163,M0028,R005,1137.81,1224.07,2026-06-18,,Supplier Cost
PH00000164,M0029,R010,660.0,719.73,2025-07-15,2026-03-18,Seasonal Adjustment
PH00000165,M0029,R010,719.73,768.66,2026-03-19,2026-03-25,Menu Review
PH00000166,M0029,R010,768.66,855.8,2026-03-26,,Seasonal Adjustment
PH00000167,M0029,R025,660.0,709.05,2025-06-01,2026-01-17,Promotion End
PH00000168,M0029,R025,709.05,781.26,2026-01-18,2026-03-11,Supplier Cost
PH00000169,M0029,R025,781.26,819.58,2026-03-12,,Seasonal Adjustment
PH00000170,M0030,R023,270.0,282.32,2025-11-12,2026-02-28,Promotion End
PH00000171,M0030,R023,282.32,294.01,2026-03-01,2026-07-16,Menu Review
PH00000172,M0030,R023,294.01,307.86,2026-07-17,,Menu Review
PH00000173,M0030,R003,270.0,295.4,2025-05-25,2025-06-08,Supplier Cost
PH00000174,M0030,R003,295.4,308.47,2025-06-09,2025-08-16,Menu Review
PH00000175,M0030,R003,308.47,321.6,2025-08-17,2026-02-08,Supplier Cost
PH00000176,M0030,R003,321.6,329.72,2026-02-09,,Promotion End
PH00000177,M0031,R011,1740.0,1798.72,2025-05-21,2026-03-13,Menu Review
PH00000178,M0031,R011,1798.72,2010.59,2026-03-14,2026-04-28,Supplier Cost
PH00000179,M0031,R011,2010.59,2132.61,2026-04-29,,Promotion End
PH00000180,M0031,R023,1740.0,1942.52,2025-07-11,2026-02-26,Seasonal Adjustment
PH00000181,M0031,R023,1942.52,2036.81,2026-02-27,2026-04-21,Inflation
PH00000182,M0031,R023,2036.81,2262.48,2026-04-22,,Inflation
PH00000183,M0032,R021,830.0,906.62,2025-12-29,2026-04-12,Inflation
PH00000184,M0032,R021,906.62,1007.55,2026-04-13,,Supplier Cost
PH00000185,M0032,R019,830.0,924.12,2025-06-29,2026-06-01,Inflation
PH00000186,M0032,R019,924.12,1034.75,2026-06-02,2026-06-24,Promotion End
PH00000187,M0032,R019,1034.75,1136.98,2026-06-25,,Supplier Cost
PH00000188,M0033,R024,310.0,333.81,2025-04-04,2025-08-29,Inflation
PH00000189,M0033,R024,333.81,371.48,2025-08-30,,Seasonal Adjustment
PH00000190,M0033,R010,310.0,332.45,2025-11-18,2026-01-02,Supplier Cost
PH00000191,M0033,R010,332.45,367.39,2026-01-03,2026-02-21,Promotion End
PH00000192,M0033,R010,367.39,384.76,2026-02-22,,Inflation
PH00000193,M0034,R011,1260.0,1308.66,2025-08-09,2025-11-19,Seasonal Adjustment
PH00000194,M0034,R011,1308.66,1438.32,2025-11-20,2026-02-24,Menu Review
PH00000195,M0034,R011,1438.32,1564.09,2026-02-25,2026-04-01,Supplier Cost
PH00000196,M0034,R011,1564.09,1622.82,2026-04-02,,Promotion End
PH00000197,M0034,R006,1260.0,1335.7,2025-05-14,2025-09-13,Inflation
PH00000198,M0034,R006,1335.7,1387.1,2025-09-14,2025-12-18,Supplier Cost
PH00000199,M0034,R006,1387.1,1481.07,2025-12-19,,Supplier Cost
PH00000200,M0035,R001,920.0,962.96,2025-07-29,2025-11-13,Seasonal Adjustment
PH00000201,M0035,R001,962.96,1011.3,2025-11-14,2026-04-19,Menu Review
PH00000202,M0035,R001,1011.3,1032.68,2026-04-20,,Seasonal Adjustment
PH00000203,M0035,R009,920.0,981.22,2025-05-01,2025-05-29,Supplier Cost
PH00000204,M0035,R009,981.22,1040.62,2025-05-30,2025-07-28,Menu Review
PH00000205,M0035,R009,1040.62,1157.49,2025-07-29,2026-03-06,Seasonal Adjustment
PH00000206,M0035,R009,1157.49,1260.54,2026-03-07,,Seasonal Adjustment
PH00000207,M0036,R012,1790.0,1849.71,2025-07-21,2026-08-02,Supplier Cost
PH00000208,M0036,R012,1849.71,1970.86,2026-08-03,,Menu Review
PH00000209,M0036,R020,1790.0,1989.19,2025-10-29,2026-01-05,Menu Review
PH00000210,M0036,R020,1989.19,2188.51,2026-01-06,2026-03-24,Supplier Cost
PH00000211,M0036,R020,2188.51,2399.01,2026-03-25,,Menu Review
PH00000212,M0037,R003,1610.0,1654.77,2025-10-02,2025-12-25,Menu Review
PH00000213,M0037,R003,1654.77,1706.43,2025-12-26,2026-03-25,Menu Review
PH00000214,M0037,R003,1706.43,1894.63,2026-03-26,,Supplier Cost
PH00000215,M0037,R017,1610.0,1779.77,2025-06-15,2025-06-22,Promotion End
PH00000216,M0037,R017,1779.77,1836.05,2025-06-23,2025-09-13,Supplier Cost
PH00000217,M0037,R017,1836.05,2004.4,2025-09-14,2025-12-29,Promotion End
PH00000218,M0037,R017,2004.4,2062.72,2025-12-30,,Menu Review
PH00000219,M0038,R015,1320.0,1406.7,2025-06-06,2025-10-28,Inflation
PH00000220,M0038,R015,1406.7,1513.44,2025-10-29,2025-12-17,Seasonal Adjustment
PH00000221,M0038,R015,1513.44,1653.17,2025-12-18,,Promotion End
PH00000222,M0038,R002,1320.0,1375.16,2025-04-01,2026-04-15,Inflation
PH00000223,M0038,R002,1375.16,1408.89,2026-04-16,2026-05-22,Seasonal Adjustment
PH00000224,M0038,R002,1408.89,1535.74,2026-05-23,,Menu Review
PH00000225,M0039,R002,1690.0,1754.22,2025-04-16,2025-08-23,Supplier Cost
PH00000226,M0039,R002,1754.22,1923.65,2025-08-24,2025-10-25,Promotion End
PH00000227,M0039,R002,1923.65,2034.16,2025-10-26,,Promotion End
PH00000228,M0039,R003,1690.0,1787.6,2026-06-19,2026-07-07,Inflation
PH00000229,M0039,R003,1787.6,1945.4,2026-07-08,2026-07-12,Menu Review
PH00000230,M0039,R003,1945.4,2010.18,2026-07-13,,Seasonal Adjustment
PH00000231,M0040,R004,430.0,480.69,2025-06-04,2025-10-17,Inflation
PH00000232,M0040,R004,480.69,526.65,2025-10-18,2025-12-25,Seasonal Adjustment
PH00000233,M0040,R004,526.65,561.57,2025-12-26,2026-04-06,Menu Review
PH00000234,M0040,R004,561.57,596.62,2026-04-07,,Promotion End
PH00000235,M0040,R006,430.0,453.48,2025-08-04,2025-11-20,Seasonal Adjustment
PH00000236,M0040,R006,453.48,471.1,2025-11-21,,Inflation
PH00000237,M0041,R002,1560.0,1729.07,2026-02-08,2026-04-26,Inflation
PH00000238,M0041,R002,1729.07,1805.26,2026-04-27,2026-07-22,Inflation
PH00000239,M0041,R002,1805.26,1859.58,2026-07-23,,Inflation
PH00000240,M0041,R022,1560.0,1727.27,2026-01-31,2026-03-09,Supplier Cost
PH00000241,M0041,R022,1727.27,1889.73,2026-03-10,2026-03-25,Promotion End
PH00000242,M0041,R022,1889.73,2010.48,2026-03-26,,Menu Review
PH00000243,M0042,R007,1210.0,1354.41,2025-06-10,2025-12-12,Supplier Cost
PH00000244,M0042,R007,1354.41,1491.99,2025-12-13,,Menu Review
PH00000245,M0042,R025,1210.0,1315.58,2026-01-20,2026-01-30,Seasonal Adjustment
PH00000246,M0042,R025,1315.58,1373.06,2026-01-31,2026-04-29,Supplier Cost
PH00000247,M0042,R025,1373.06,1535.86,2026-04-30,,Menu Review
PH00000248,M0043,R008,1770.0,1973.29,2025-05-01,2025-08-17,Supplier Cost
PH00000249,M0043,R008,1973.29,2136.28,2025-08-18,2026-01-09,Promotion End
PH00000250,M0043,R008,2136.28,2297.75,2026-01-10,,Inflation
PH00000251,M0043,R014,1770.0,1872.86,2026-02-23,2026-03-08,Menu Review
PH00000252,M0043,R014,1872.86,1970.01,2026-03-09,2026-07-25,Promotion End
PH00000253,M0043,R014,1970.01,2089.84,2026-07-26,,Seasonal Adjustment
PH00000254,M0044,R013,360.0,378.03,2025-07-24,2025-07-31,Supplier Cost
PH00000255,M0044,R013,378.03,416.05,2025-08-01,2025-11-27,Inflation
PH00000256,M0044,R013,416.05,447.77,2025-11-28,2026-06-07,Promotion End
PH00000257,M0044,R013,447.77,481.68,2026-06-08,,Supplier Cost
PH00000258,M0044,R006,360.0,379.09,2025-07-13,2025-08-01,Inflation
PH00000259,M0044,R006,379.09,421.63,2025-08-02,2025-08-07,Seasonal Adjustment
PH00000260,M0044,R006,421.63,433.96,2025-08-08,,Supplier Cost
PH00000261,M0045,R002,1080.0,1105.87,2026-02-02,2026-02-02,Inflation
PH00000262,M0045,R002,1105.87,1148.8,2026-02-03,2026-03-09,Menu Review
PH00000263,M0045,R002,1148.8,1254.98,2026-03-10,,Menu Review
PH00000264,M0045,R009,1080.0,1195.5,2025-07-15,2025-11-30,Seasonal Adjustment
PH00000265,M0045,R009,1195.5,1255.66,2025-12-01,,Inflation
PH00000266,M0046,R007,1640.0,1751.34,2026-04-17,2026-04-20,Supplier Cost
PH00000267,M0046,R007,1751.34,1908.19,2026-04-21,,Supplier Cost
PH00000268,M0046,R024,1640.0,1725.54,2025-07-31,2026-01-06,Seasonal Adjustment
PH00000269,M0046,R024,1725.54,1825.74,2026-01-07,2026-07-11,Menu Review
PH00000270,M0046,R024,1825.74,1980.69,2026-07-12,,Seasonal Adjustment
PH00000271,M0047,R009,1610.0,1771.45,2025-05-20,2025-11-23,Promotion End
PH00000272,M0047,R009,1771.45,1941.8,2025-11-24,2025-12-09,Seasonal Adjustment
PH00000273,M0047,R009,1941.8,2158.18,2025-12-10,2026-06-24,Seasonal Adjustment
PH00000274,M0047,R009,2158.18,2268.88,2026-06-25,,Inflation
PH00000275,M0047,R012,1610.0,1644.81,2025-06-13,2025-07-21,Menu Review
PH00000276,M0047,R012,1644.81,1831.46,2025-07-22,2026-04-13,Menu Review
PH00000277,M0047,R012,1831.46,1999.96,2026-04-14,2026-06-15,Seasonal Adjustment
PH00000278,M0047,R012,1999.96,2070.44,2026-06-16,,Seasonal Adjustment
PH00000279,M0048,R008,1580.0,1715.03,2025-08-03,2025-12-10,Seasonal Adjustment
PH00000280,M0048,R008,1715.03,1793.46,2025-12-11,2026-01-05,Promotion End
PH00000281,M0048,R008,1793.46,2002.67,2026-01-06,2026-05-30,Promotion End
PH00000282,M0048,R008,2002.67,2135.01,2026-05-31,,Seasonal Adjustment
PH00000283,M0048,R013,1580.0,1697.95,2025-06-10,2026-04-02,Supplier Cost
PH00000284,M0048,R013,1697.95,1887.59,2026-04-03,,Menu Review
PH00000285,M0049,R021,1450.0,1616.05,2025-04-17,2025-05-07,Inflation
PH00000286,M0049,R021,1616.05,1771.89,2025-05-08,2026-06-02,Promotion End
PH00000287,M0049,R021,1771.89,1831.69,2026-06-03,2026-06-06,Supplier Cost
PH00000288,M0049,R021,1831.69,1880.77,2026-06-07,,Supplier Cost
PH00000289,M0049,R002,1450.0,1545.12,2025-07-20,2025-12-13,Inflation
PH00000290,M0049,R002,1545.12,1671.49,2025-12-14,,Menu Review
PH00000291,M0050,R016,800.0,860.13,2025-04-03,2025-04-07,Inflation
PH00000292,M0050,R016,860.13,878.77,2025-04-08,2025-12-27,Seasonal Adjustment
PH00000293,M0050,R016,878.77,943.42,2025-12-28,,Seasonal Adjustment
PH00000294,M0050,R022,800.0,871.83,2025-12-13,2026-05-20,Promotion End
PH00000295,M0050,R022,871.83,959.55,2026-05-21,,Supplier Cost
PH00000296,M0051,R004,750.0,811.48,2025-07-07,2025-07-31,Seasonal Adjustment
PH00000297,M0051,R004,811.48,893.86,2025-08-01,,Seasonal Adjustment
PH00000298,M0051,R017,750.0,795.45,2025-05-10,2025-10-07,Menu Review
PH00000299,M0051,R017,795.45,830.7,2025-10-08,2026-08-03,Supplier Cost
PH00000300,M0051,R017,830.7,872.23,2026-08-04,,Inflation
PH00000301,M0052,R021,710.0,751.13,2025-05-17,2025-10-23,Menu Review
PH00000302,M0052,R021,751.13,801.91,2025-10-24,,Inflation
PH00000303,M0052,R025,710.0,755.01,2025-05-12,2025-06-25,Seasonal Adjustment
PH00000304,M0052,R025,755.01,812.83,2025-06-26,2025-12-10,Inflation
PH00000305,M0052,R025,812.83,901.82,2025-12-11,2026-06-05,Inflation
PH00000306,M0052,R025,901.82,940.58,2026-06-06,,Menu Review
PH00000307,M0053,R016,1770.0,1926.54,2025-05-08,2026-07-16,Seasonal Adjustment
PH00000308,M0053,R016,1926.54,2138.33,2026-07-17,,Menu Review
PH00000309,M0053,R009,1770.0,1861.06,2025-04-16,2025-06-29,Supplier Cost
PH00000310,M0053,R009,1861.06,2007.53,2025-06-30,2026-06-08,Promotion End
PH00000311,M0053,R009,2007.53,2234.16,2026-06-09,2026-07-18,Seasonal Adjustment
PH00000312,M0053,R009,2234.16,2315.14,2026-07-19,,Supplier Cost
PH00000313,M0054,R019,1120.0,1227.03,2025-09-16,2025-10-12,Supplier Cost
PH00000314,M0054,R019,1227.03,1348.57,2025-10-13,2025-12-31,Inflation
PH00000315,M0054,R019,1348.57,1443.08,2026-01-01,2026-07-02,Seasonal Adjustment
PH00000316,M0054,R019,1443.08,1479.69,2026-07-03,,Promotion End
PH00000317,M0054,R013,1120.0,1180.55,2025-05-08,2026-06-02,Menu Review
PH00000318,M0054,R013,1180.55,1316.89,2026-06-03,,Promotion End
PH00000319,M0055,R025,890.0,977.54,2025-08-17,2026-02-17,Promotion End
PH00000320,M0055,R025,977.54,1045.05,2026-02-18,,Seasonal Adjustment
PH00000321,M0055,R011,890.0,968.29,2025-07-04,2025-10-08,Promotion End
PH00000322,M0055,R011,968.29,995.95,2025-10-09,2025-11-06,Menu Review
PH00000323,M0055,R011,995.95,1045.29,2025-11-07,2026-07-24,Supplier Cost
PH00000324,M0055,R011,1045.29,1140.74,2026-07-25,,Inflation
PH00000325,M0056,R009,250.0,258.86,2026-02-18,2026-03-29,Promotion End
PH00000326,M0056,R009,258.86,272.23,2026-03-30,2026-05-05,Inflation
PH00000327,M0056,R009,272.23,280.17,2026-05-06,,Seasonal Adjustment
PH00000328,M0056,R005,250.0,257.56,2025-08-16,2025-09-30,Inflation
PH00000329,M0056,R005,257.56,267.54,2025-10-01,2026-04-23,Promotion End
PH00000330,M0056,R005,267.54,287.79,2026-04-24,,Menu Review
PH00000331,M0057,R014,500.0,537.71,2025-05-15,2025-09-27,Menu Review
PH00000332,M0057,R014,537.71,580.62,2025-09-28,,Seasonal Adjustment
PH00000333,M0057,R004,500.0,529.39,2025-04-06,2025-08-26,Inflation
PH00000334,M0057,R004,529.39,578.35,2025-08-27,2025-10-27,Menu Review
PH00000335,M0057,R004,578.35,642.27,2025-10-28,,Supplier Cost
PH00000336,M0058,R019,1350.0,1399.88,2025-10-11,2026-03-15,Seasonal Adjustment
PH00000337,M0058,R019,1399.88,1470.03,2026-03-16,,Promotion End
PH00000338,M0058,R017,1350.0,1435.68,2025-05-02,2025-06-23,Promotion End
PH00000339,M0058,R017,1435.68,1507.43,2025-06-24,,Inflation
PH00000340,M0059,R012,660.0,705.92,2026-02-14,2026-04-03,Menu Review
PH00000341,M0059,R012,705.92,733.84,2026-04-04,,Inflation
PH00000342,M0059,R009,660.0,735.82,2025-04-03,2025-09-01,Seasonal Adjustment
PH00000343,M0059,R009,735.82,812.46,2025-09-02,,Promotion End
PH00000344,M0060,R011,1180.0,1305.02,2025-11-06,2026-05-21,Menu Review
PH00000345,M0060,R011,1305.02,1348.88,2026-05-22,2026-05-25,Seasonal Adjustment
PH00000346,M0060,R011,1348.88,1457.22,2026-05-26,,Supplier Cost
PH00000347,M0060,R015,1180.0,1250.59,2025-06-29,2025-09-06,Seasonal Adjustment
PH00000348,M0060,R015,1250.59,1312.05,2025-09-07,2026-08-05,Promotion End
PH00000349,M0060,R015,1312.05,1465.27,2026-08-06,,Supplier Cost
PH00000350,M0061,R011,880.0,929.72,2025-10-18,2026-05-06,Menu Review
PH00000351,M0061,R011,929.72,966.89,2026-05-07,2026-05-22,Menu Review
PH00000352,M0061,R011,966.89,1003.62,2026-05-23,,Menu Review
PH00000353,M0061,R013,880.0,938.22,2026-04-07,2026-07-30,Supplier Cost
PH00000354,M0061,R013,938.22,998.12,2026-07-31,,Seasonal Adjustment
PH00000355,M0062,R023,1010.0,1094.17,2025-06-10,2025-12-10,Supplier Cost
PH00000356,M0062,R023,1094.17,1143.7,2025-12-11,2026-03-09,Supplier Cost
PH00000357,M0062,R023,1143.7,1248.38,2026-03-10,,Promotion End
PH00000358,M0062,R003,1010.0,1078.6,2025-11-15,2026-01-30,Promotion End
PH00000359,M0062,R003,1078.6,1157.81,2026-01-31,,Promotion End
PH00000360,M0063,R018,1210.0,1299.17,2026-03-25,2026-05-19,Inflation
PH00000361,M0063,R018,1299.17,1339.36,2026-05-20,2026-07-01,Supplier Cost
PH00000362,M0063,R018,1339.36,1454.22,2026-07-02,,Seasonal Adjustment
PH00000363,M0063,R002,1210.0,1239.56,2026-02-07,2026-02-24,Promotion End
PH00000364,M0063,R002,1239.56,1384.19,2026-02-25,,Seasonal Adjustment
PH00000365,M0064,R014,420.0,437.72,2025-05-20,2025-08-09,Menu Review
PH00000366,M0064,R014,437.72,470.9,2025-08-10,,Menu Review
PH00000367,M0064,R004,420.0,444.83,2025-10-08,2025-11-13,Menu Review
PH00000368,M0064,R004,444.83,484.44,2025-11-14,,Supplier Cost
PH00000369,M0065,R012,850.0,945.25,2025-05-23,2025-08-28,Inflation
PH00000370,M0065,R012,945.25,975.13,2025-08-29,2025-10-28,Supplier Cost
PH00000371,M0065,R012,975.13,1028.6,2025-10-29,,Seasonal Adjustment
PH00000372,M0065,R001,850.0,908.05,2025-07-14,2025-12-21,Promotion End
PH00000373,M0065,R001,908.05,935.08,2025-12-22,2026-05-05,Promotion End
PH00000374,M0065,R001,935.08,983.6,2026-05-06,,Seasonal Adjustment
PH00000375,M0066,R002,580.0,611.5,2025-04-11,2026-06-07,Inflation
PH00000376,M0066,R002,611.5,665.14,2026-06-08,,Supplier Cost
PH00000377,M0066,R023,580.0,600.89,2025-06-28,2025-08-01,Menu Review
PH00000378,M0066,R023,600.89,638.53,2025-08-02,2025-12-19,Promotion End
PH00000379,M0066,R023,638.53,666.11,2025-12-20,2026-01-06,Promotion End
PH00000380,M0066,R023,666.11,721.38,2026-01-07,,Supplier Cost
PH00000381,M0067,R021,1440.0,1557.23,2025-04-14,2025-10-18,Supplier Cost
PH00000382,M0067,R021,1557.23,1658.38,2025-10-19,2026-04-11,Promotion End
PH00000383,M0067,R021,1658.38,1756.03,2026-04-12,,Supplier Cost
PH00000384,M0067,R022,1440.0,1570.14,2025-08-20,2026-04-19,Inflation
PH00000385,M0067,R022,1570.14,1692.19,2026-04-20,,Menu Review
PH00000386,M0068,R006,920.0,962.54,2025-05-28,2025-07-08,Promotion End
PH00000387,M0068,R006,962.54,1032.59,2025-07-09,2025-11-19,Seasonal Adjustment
PH00000388,M0068,R006,1032.59,1114.88,2025-11-20,,Menu Review
PH00000389,M0068,R012,920.0,970.78,2025-05-28,2025-09-24,Promotion End
PH00000390,M0068,R012,970.78,1050.13,2025-09-25,2026-01-24,Seasonal Adjustment
PH00000391,M0068,R012,1050.13,1167.61,2026-01-25,,Menu Review
PH00000392,M0069,R003,1170.0,1221.31,2025-05-30,2025-09-06,Inflation
PH00000393,M0069,R003,1221.31,1268.09,2025-09-07,,Supplier Cost
PH00000394,M0069,R022,1170.0,1260.65,2025-06-09,2025-10-14,Promotion End
PH00000395,M0069,R022,1260.65,1309.28,2025-10-15,2025-10-30,Menu Review
PH00000396,M0069,R022,1309.28,1426.26,2025-10-31,2026-01-29,Supplier Cost
PH00000397,M0069,R022,1426.26,1533.93,2026-01-30,,Promotion End
PH00000398,M0070,R010,1630.0,1736.11,2025-09-08,2026-06-04,Inflation
PH00000399,M0070,R010,1736.11,1921.1,2026-06-05,,Inflation
PH00000400,M0070,R005,1630.0,1725.18,2025-06-08,2025-07-07,Menu Review
PH00000401,M0070,R005,1725.18,1846.88,2025-07-08,2026-05-21,Promotion End
PH00000402,M0070,R005,1846.88,1959.38,2026-05-22,,Promotion End
PH00000403,M0071,R014,630.0,678.22,2025-05-12,2025-06-23,Supplier Cost
PH00000404,M0071,R014,678.22,711.59,2025-06-24,2025-12-05,Seasonal Adjustment
PH00000405,M0071,R014,711.59,741.82,2025-12-06,,Seasonal Adjustment
PH00000406,M0071,R023,630.0,678.24,2025-11-20,2026-05-03,Promotion End
PH00000407,M0071,R023,678.24,729.09,2026-05-04,,Inflation
PH00000408,M0072,R019,1340.0,1499.58,2026-01-03,2026-04-30,Menu Review
PH00000409,M0072,R019,1499.58,1652.93,2026-05-01,2026-05-25,Inflation
PH00000410,M0072,R019,1652.93,1811.61,2026-05-26,,Promotion End
PH00000411,M0072,R004,1340.0,1478.03,2025-05-22,2025-07-19,Supplier Cost
PH00000412,M0072,R004,1478.03,1551.59,2025-07-20,2025-11-02,Inflation
PH00000413,M0072,R004,1551.59,1652.4,2025-11-03,2026-04-10,Seasonal Adjustment
PH00000414,M0072,R004,1652.4,1827.92,2026-04-11,,Inflation
PH00000415,M0073,R015,420.0,459.38,2025-07-16,2026-05-19,Seasonal Adjustment
PH00000416,M0073,R015,459.38,508.12,2026-05-20,,Menu Review
PH00000417,M0073,R004,420.0,461.36,2025-06-10,2025-06-22,Supplier Cost
PH00000418,M0073,R004,461.36,507.75,2025-06-23,2025-11-04,Menu Review
PH00000419,M0073,R004,507.75,535.72,2025-11-05,2026-02-08,Seasonal Adjustment
PH00000420,M0073,R004,535.72,578.41,2026-02-09,,Supplier Cost
PH00000421,M0074,R011,720.0,802.97,2025-08-14,2025-08-25,Menu Review
PH00000422,M0074,R011,802.97,898.16,2025-08-26,2026-01-17,Inflation
PH00000423,M0074,R011,898.16,928.3,2026-01-18,,Promotion End
PH00000424,M0074,R023,720.0,781.62,2025-08-19,2026-06-16,Supplier Cost
PH00000425,M0074,R023,781.62,816.77,2026-06-17,,Seasonal Adjustment
PH00000426,M0075,R008,1710.0,1852.34,2025-06-11,2025-10-17,Promotion End
PH00000427,M0075,R008,1852.34,1958.88,2025-10-18,2025-12-05,Inflation
PH00000428,M0075,R008,1958.88,2122.18,2025-12-06,2026-01-19,Inflation
PH00000429,M0075,R008,2122.18,2250.12,2026-01-20,,Seasonal Adjustment
PH00000430,M0075,R025,1710.0,1906.69,2025-10-05,2025-11-17,Seasonal Adjustment
PH00000431,M0075,R025,1906.69,2055.78,2025-11-18,2026-06-22,Inflation
PH00000432,M0075,R025,2055.78,2247.16,2026-06-23,2026-07-22,Promotion End
PH00000433,M0075,R025,2247.16,2434.76,2026-07-23,,Seasonal Adjustment
PH00000434,M0076,R003,660.0,727.64,2025-07-20,2025-11-04,Promotion End
PH00000435,M0076,R003,727.64,761.73,2025-11-05,2026-08-07,Seasonal Adjustment
PH00000436,M0076,R003,761.73,802.69,2026-08-08,,Menu Review
PH00000437,M0076,R018,660.0,705.23,2026-01-14,2026-06-09,Seasonal Adjustment
PH00000438,M0076,R018,705.23,782.39,2026-06-10,,Inflation
PH00000439,M0077,R002,1630.0,1682.85,2025-04-08,2025-11-20,Supplier Cost
PH00000440,M0077,R002,1682.85,1790.77,2025-11-21,2026-05-05,Inflation
PH00000441,M0077,R002,1790.77,2004.2,2026-05-06,2026-06-01,Promotion End
PH00000442,M0077,R002,2004.2,2084.83,2026-06-02,,Supplier Cost
PH00000443,M0077,R004,1630.0,1805.48,2025-06-20,2025-08-31,Inflation
PH00000444,M0077,R004,1805.48,1959.77,2025-09-01,2026-06-20,Seasonal Adjustment
PH00000445,M0077,R004,1959.77,2015.12,2026-06-21,2026-07-20,Supplier Cost
PH00000446,M0077,R004,2015.12,2065.86,2026-07-21,,Seasonal Adjustment
PH00000447,M0078,R024,1260.0,1296.69,2025-11-05,2026-02-28,Inflation
PH00000448,M0078,R024,1296.69,1322.76,2026-03-01,,Promotion End
PH00000449,M0078,R023,1260.0,1313.7,2025-06-06,2026-01-27,Promotion End
PH00000450,M0078,R023,1313.7,1341.19,2026-01-28,,Seasonal Adjustment
PH00000451,M0079,R004,1050.0,1111.22,2025-05-06,2025-06-05,Inflation
PH00000452,M0079,R004,1111.22,1144.91,2025-06-06,2025-07-25,Seasonal Adjustment
PH00000453,M0079,R004,1144.91,1268.67,2025-07-26,2025-11-29,Supplier Cost
PH00000454,M0079,R004,1268.67,1342.6,2025-11-30,,Supplier Cost
PH00000455,M0079,R014,1050.0,1130.15,2025-05-05,2025-06-11,Menu Review
PH00000456,M0079,R014,1130.15,1226.22,2025-06-12,2025-12-26,Promotion End
PH00000457,M0079,R014,1226.22,1293.81,2025-12-27,2026-03-11,Supplier Cost
PH00000458,M0079,R014,1293.81,1400.95,2026-03-12,,Supplier Cost
PH00000459,M0080,R014,870.0,965.4,2025-05-14,2025-07-19,Supplier Cost
PH00000460,M0080,R014,965.4,1057.35,2025-07-20,2025-11-11,Menu Review
PH00000461,M0080,R014,1057.35,1155.68,2025-11-12,2026-06-13,Seasonal Adjustment
PH00000462,M0080,R014,1155.68,1290.11,2026-06-14,,Seasonal Adjustment
PH00000463,M0080,R020,870.0,943.48,2025-08-04,2025-08-18,Supplier Cost
PH00000464,M0080,R020,943.48,1014.56,2025-08-19,,Menu Review
PH00000465,M0081,R024,920.0,940.87,2026-03-19,2026-05-02,Seasonal Adjustment
PH00000466,M0081,R024,940.87,979.02,2026-05-03,2026-07-24,Menu Review
PH00000467,M0081,R024,979.02,1048.48,2026-07-25,,Promotion End
PH00000468,M0081,R020,920.0,1021.01,2025-04-27,2026-02-23,Supplier Cost
PH00000469,M0081,R020,1021.01,1091.96,2026-02-24,2026-05-05,Inflation
PH00000470,M0081,R020,1091.96,1140.12,2026-05-06,,Menu Review
PH00000471,M0082,R003,590.0,620.47,2025-10-01,2026-07-21,Promotion End
PH00000472,M0082,R003,620.47,686.29,2026-07-22,,Menu Review
PH00000473,M0082,R017,590.0,611.99,2025-10-04,2026-01-03,Promotion End
PH00000474,M0082,R017,611.99,682.64,2026-01-04,2026-03-14,Inflation
PH00000475,M0082,R017,682.64,697.43,2026-03-15,,Inflation
PH00000476,M0083,R001,540.0,554.07,2025-04-20,2026-07-15,Promotion End
PH00000477,M0083,R001,554.07,593.22,2026-07-16,,Menu Review
PH00000478,M0083,R009,540.0,555.25,2025-10-22,2025-11-01,Menu Review
PH00000479,M0083,R009,555.25,596.21,2025-11-02,2026-03-24,Supplier Cost
PH00000480,M0083,R009,596.21,624.68,2026-03-25,,Seasonal Adjustment
PH00000481,M0084,R003,1540.0,1653.4,2025-06-18,2026-05-17,Promotion End
PH00000482,M0084,R003,1653.4,1783.43,2026-05-18,,Inflation
PH00000483,M0084,R017,1540.0,1717.63,2025-11-09,2026-03-22,Supplier Cost
PH00000484,M0084,R017,1717.63,1761.93,2026-03-23,2026-04-07,Inflation
PH00000485,M0084,R017,1761.93,1960.08,2026-04-08,,Inflation
PH00000486,M0085,R015,1720.0,1867.59,2025-04-28,2025-09-04,Supplier Cost
PH00000487,M0085,R015,1867.59,1927.25,2025-09-05,2026-03-06,Supplier Cost
PH00000488,M0085,R015,1927.25,2100.99,2026-03-07,2026-04-13,Supplier Cost
PH00000489,M0085,R015,2100.99,2247.31,2026-04-14,,Seasonal Adjustment
PH00000490,M0085,R020,1720.0,1798.99,2025-12-20,2026-04-03,Seasonal Adjustment
PH00000491,M0085,R020,1798.99,1857.8,2026-04-04,2026-05-04,Seasonal Adjustment
PH00000492,M0085,R020,1857.8,2031.12,2026-05-05,2026-05-25,Inflation
PH00000493,M0085,R020,2031.12,2228.43,2026-05-26,,Inflation
PH00000494,M0086,R011,1740.0,1898.74,2025-05-02,2025-08-11,Menu Review
PH00000495,M0086,R011,1898.74,2055.87,2025-08-12,2025-12-23,Promotion End
PH00000496,M0086,R011,2055.87,2190.57,2025-12-24,,Seasonal Adjustment
PH00000497,M0086,R014,1740.0,1873.44,2025-12-11,2026-06-12,Seasonal Adjustment
PH00000498,M0086,R014,1873.44,1940.38,2026-06-13,,Inflation
PH00000499,M0087,R019,1680.0,1714.03,2025-05-29,2025-07-24,Inflation
PH00000500,M0087,R019,1714.03,1790.23,2025-07-25,2025-12-15,Promotion End
PH00000501,M0087,R019,1790.23,1891.19,2025-12-16,2026-04-13,Supplier Cost
PH00000502,M0087,R019,1891.19,1962.86,2026-04-14,,Inflation
PH00000503,M0087,R022,1680.0,1823.76,2026-03-31,2026-04-13,Supplier Cost
PH00000504,M0087,R022,1823.76,1918.92,2026-04-14,2026-05-15,Promotion End
PH00000505,M0087,R022,1918.92,2133.04,2026-05-16,2026-07-10,Seasonal Adjustment
PH00000506,M0087,R022,2133.04,2233.56,2026-07-11,,Inflation
PH00000507,M0088,R019,1140.0,1265.62,2025-12-13,2026-03-09,Supplier Cost
PH00000508,M0088,R019,1265.62,1319.18,2026-03-10,,Menu Review
PH00000509,M0088,R012,1140.0,1170.66,2025-10-22,2026-07-31,Promotion End
PH00000510,M0088,R012,1170.66,1295.46,2026-08-01,,Seasonal Adjustment
PH00000511,M0089,R011,1150.0,1206.53,2025-04-04,2025-07-10,Seasonal Adjustment
PH00000512,M0089,R011,1206.53,1319.89,2025-07-11,2025-10-04,Supplier Cost
PH00000513,M0089,R011,1319.89,1407.52,2025-10-05,2025-11-18,Menu Review
PH00000514,M0089,R011,1407.52,1572.46,2025-11-19,,Supplier Cost
PH00000515,M0089,R003,1150.0,1201.19,2026-01-04,2026-04-23,Inflation
PH00000516,M0089,R003,1201.19,1337.21,2026-04-24,2026-05-11,Inflation
PH00000517,M0089,R003,1337.21,1395.11,2026-05-12,2026-07-04,Seasonal Adjustment
PH00000518,M0089,R003,1395.11,1511.73,2026-07-05,,Inflation
PH00000519,M0090,R011,1250.0,1313.44,2025-10-09,2026-04-06,Supplier Cost
PH00000520,M0090,R011,1313.44,1409.3,2026-04-07,2026-04-11,Supplier Cost
PH00000521,M0090,R011,1409.3,1496.65,2026-04-12,2026-06-07,Inflation
PH00000522,M0090,R011,1496.65,1672.14,2026-06-08,,Supplier Cost
PH00000523,M0090,R001,1250.0,1303.93,2025-04-22,2025-05-16,Menu Review
PH00000524,M0090,R001,1303.93,1383.87,2025-05-17,2025-08-20,Seasonal Adjustment
PH00000525,M0090,R001,1383.87,1474.99,2025-08-21,2026-07-14,Inflation
PH00000526,M0090,R001,1474.99,1590.15,2026-07-15,,Menu Review
PH00000527,M0091,R005,350.0,359.18,2025-05-08,2026-01-14,Supplier Cost
PH00000528,M0091,R005,359.18,374.87,2026-01-15,2026-01-27,Seasonal Adjustment
PH00000529,M0091,R005,374.87,414.27,2026-01-28,,Promotion End
PH00000530,M0091,R021,350.0,372.85,2025-09-09,2025-09-13,Supplier Cost
PH00000531,M0091,R021,372.85,383.09,2025-09-14,2026-04-10,Supplier Cost
PH00000532,M0091,R021,383.09,395.97,2026-04-11,2026-05-29,Menu Review
PH00000533,M0091,R021,395.97,408.2,2026-05-30,,Inflation
PH00000534,M0092,R006,890.0,955.5,2025-05-31,2025-09-06,Supplier Cost
PH00000535,M0092,R006,955.5,1017.79,2025-09-07,2025-10-24,Promotion End
PH00000536,M0092,R006,1017.79,1065.12,2025-10-25,,Inflation
PH00000537,M0092,R015,890.0,968.86,2025-06-19,2026-05-17,Menu Review
PH00000538,M0092,R015,968.86,992.14,2026-05-18,,Seasonal Adjustment
PH00000539,M0093,R005,930.0,996.35,2025-08-05,2025-09-28,Seasonal Adjustment
PH00000540,M0093,R005,996.35,1042.2,2025-09-29,2025-10-18,Supplier Cost
PH00000541,M0093,R005,1042.2,1066.28,2025-10-19,2026-08-07,Promotion End
PH00000542,M0093,R005,1066.28,1178.73,2026-08-08,,Menu Review
PH00000543,M0093,R003,930.0,958.08,2025-05-18,2025-08-04,Supplier Cost
PH00000544,M0093,R003,958.08,988.88,2025-08-05,2025-11-21,Inflation
PH00000545,M0093,R003,988.88,1090.77,2025-11-22,2026-01-05,Supplier Cost
PH00000546,M0093,R003,1090.77,1126.84,2026-01-06,,Promotion End
PH00000547,M0094,R012,630.0,679.53,2025-05-13,2026-01-22,Inflation
PH00000548,M0094,R012,679.53,694.6,2026-01-23,2026-02-23,Inflation
PH00000549,M0094,R012,694.6,722.23,2026-02-24,2026-07-23,Promotion End
PH00000550,M0094,R012,722.23,795.12,2026-07-24,,Inflation
PH00000551,M0094,R022,630.0,671.64,2025-04-21,2025-05-31,Supplier Cost
PH00000552,M0094,R022,671.64,747.14,2025-06-01,2026-07-25,Promotion End
PH00000553,M0094,R022,747.14,823.47,2026-07-26,,Promotion End
PH00000554,M0095,R016,230.0,242.74,2025-06-27,2025-11-03,Supplier Cost
PH00000555,M0095,R016,242.74,254.27,2025-11-04,2026-03-14,Promotion End
PH00000556,M0095,R016,254.27,281.82,2026-03-15,,Inflation
PH00000557,M0095,R001,230.0,241.39,2025-08-03,2026-02-08,Promotion End
PH00000558,M0095,R001,241.39,267.53,2026-02-09,2026-02-10,Promotion End
PH00000559,M0095,R001,267.53,274.51,2026-02-11,2026-02-24,Seasonal Adjustment
PH00000560,M0095,R001,274.51,290.51,2026-02-25,,Promotion End
PH00000561,M0096,R007,730.0,802.62,2025-08-05,2026-01-02,Promotion End
PH00000562,M0096,R007,802.62,881.43,2026-01-03,2026-02-15,Seasonal Adjustment
PH00000563,M0096,R007,881.43,941.34,2026-02-16,2026-05-14,Promotion End
PH00000564,M0096,R007,941.34,992.55,2026-05-15,,Menu Review
PH00000565,M0096,R021,730.0,746.5,2025-07-01,2025-08-15,Menu Review
PH00000566,M0096,R021,746.5,777.78,2025-08-16,2025-09-10,Seasonal Adjustment
PH00000567,M0096,R021,777.78,797.89,2025-09-11,2025-10-14,Promotion End
PH00000568,M0096,R021,797.89,856.09,2025-10-15,,Menu Review
PH00000569,M0097,R008,320.0,334.12,2025-08-04,2026-03-01,Menu Review
PH00000570,M0097,R008,334.12,368.08,2026-03-02,,Inflation
PH00000571,M0097,R006,320.0,357.85,2026-01-19,2026-06-06,Promotion End
PH00000572,M0097,R006,357.85,377.7,2026-06-07,,Supplier Cost
PH00000573,M0098,R006,1230.0,1298.73,2025-09-09,2026-03-22,Menu Review
PH00000574,M0098,R006,1298.73,1328.37,2026-03-23,2026-04-11,Seasonal Adjustment
PH00000575,M0098,R006,1328.37,1480.81,2026-04-12,2026-05-16,Menu Review
PH00000576,M0098,R006,1480.81,1531.47,2026-05-17,,Supplier Cost
PH00000577,M0098,R008,1230.0,1314.92,2025-06-28,2025-09-04,Inflation
PH00000578,M0098,R008,1314.92,1348.6,2025-09-05,2026-01-01,Menu Review
PH00000579,M0098,R008,1348.6,1405.08,2026-01-02,,Menu Review
PH00000580,M0099,R016,570.0,627.37,2025-07-12,2026-02-07,Seasonal Adjustment
PH00000581,M0099,R016,627.37,684.9,2026-02-08,2026-07-12,Seasonal Adjustment
PH00000582,M0099,R016,684.9,702.68,2026-07-13,,Supplier Cost
PH00000583,M0099,R001,570.0,587.72,2025-06-11,2026-03-25,Menu Review
PH00000584,M0099,R001,587.72,650.06,2026-03-26,2026-04-30,Inflation
PH00000585,M0099,R001,650.06,687.35,2026-05-01,2026-07-12,Promotion End
PH00000586,M0099,R001,687.35,741.38,2026-07-13,,Seasonal Adjustment
PH00000587,M0100,R010,1790.0,1995.62,2025-06-19,2026-04-08,Promotion End
PH00000588,M0100,R010,1995.62,2165.08,2026-04-09,,Supplier Cost
PH00000589,M0100,R011,1790.0,1992.06,2026-01-12,2026-03-20,Seasonal Adjustment
PH00000590,M0100,R011,1992.06,2076.37,2026-03-21,2026-06-28,Menu Review
PH00000591,M0100,R011,2076.37,2287.01,2026-06-29,2026-08-07,Promotion End
PH00000592,M0100,R011,2287.01,2402.92,2026-08-08,,Seasonal Adjustment
PH00000593,M0101,R005,550.0,582.54,2025-03-31,2026-01-17,Menu Review
PH00000594,M0101,R005,582.54,596.08,2026-01-18,2026-03-24,Menu Review
PH00000595,M0101,R005,596.08,626.97,2026-03-25,2026-07-28,Menu Review
PH00000596,M0101,R005,626.97,653.36,2026-07-29,,Menu Review
PH00000597,M0101,R006,550.0,568.74,2025-12-10,2026-07-22,Inflation
PH00000598,M0101,R006,568.74,593.65,2026-07-23,,Seasonal Adjustment
PH00000599,M0102,R006,480.0,521.76,2026-03-28,2026-05-24,Seasonal Adjustment
PH00000600,M0102,R006,521.76,555.5,2026-05-25,,Seasonal Adjustment
PH00000601,M0102,R021,480.0,492.85,2025-08-05,2026-03-19,Seasonal Adjustment
PH00000602,M0102,R021,492.85,541.5,2026-03-20,,Inflation
PH00000603,M0103,R002,1150.0,1192.13,2025-10-31,2026-04-09,Promotion End
PH00000604,M0103,R002,1192.13,1274.75,2026-04-10,2026-08-08,Promotion End
PH00000605,M0103,R002,1274.75,1345.02,2026-08-09,,Promotion End
PH00000606,M0103,R013,1150.0,1263.7,2025-12-01,2026-05-28,Menu Review
PH00000607,M0103,R013,1263.7,1371.24,2026-05-29,,Supplier Cost
PH00000608,M0104,R006,200.0,204.67,2026-05-14,2026-06-06,Inflation
PH00000609,M0104,R006,204.67,215.29,2026-06-07,,Inflation
PH00000610,M0104,R015,200.0,221.76,2025-06-26,2025-09-21,Supplier Cost
PH00000611,M0104,R015,221.76,242.43,2025-09-22,,Menu Review
PH00000612,M0105,R003,1310.0,1340.26,2025-12-03,2026-02-07,Supplier Cost
PH00000613,M0105,R003,1340.26,1448.46,2026-02-08,2026-03-25,Promotion End
PH00000614,M0105,R003,1448.46,1500.19,2026-03-26,2026-06-30,Inflation
PH00000615,M0105,R003,1500.19,1579.86,2026-07-01,,Supplier Cost
PH00000616,M0105,R011,1310.0,1457.45,2026-01-08,2026-03-21,Menu Review
PH00000617,M0105,R011,1457.45,1525.26,2026-03-22,2026-04-03,Seasonal Adjustment
PH00000618,M0105,R011,1525.26,1601.13,2026-04-04,,Inflation
PH00000619,M0106,R002,940.0,963.92,2025-06-17,2025-12-06,Inflation
PH00000620,M0106,R002,963.92,1024.42,2025-12-07,2026-01-05,Seasonal Adjustment
PH00000621,M0106,R002,1024.42,1129.31,2026-01-06,2026-06-03,Menu Review
PH00000622,M0106,R002,1129.31,1206.14,2026-06-04,,Inflation
PH00000623,M0106,R013,940.0,1018.79,2025-06-26,2025-07-13,Inflation
PH00000624,M0106,R013,1018.79,1087.41,2025-07-14,,Inflation
PH00000625,M0107,R010,360.0,376.74,2025-12-06,2026-03-03,Menu Review
PH00000626,M0107,R010,376.74,398.87,2026-03-04,2026-07-01,Seasonal Adjustment
PH00000627,M0107,R010,398.87,442.17,2026-07-02,,Seasonal Adjustment
PH00000628,M0107,R013,360.0,376.68,2025-04-22,2025-11-13,Promotion End
PH00000629,M0107,R013,376.68,394.14,2025-11-14,,Seasonal Adjustment
PH00000630,M0108,R019,430.0,467.3,2026-03-22,2026-04-19,Inflation
PH00000631,M0108,R019,467.3,507.87,2026-04-20,,Menu Review
PH00000632,M0108,R002,430.0,448.38,2026-01-26,2026-04-21,Inflation
PH00000633,M0108,R002,448.38,495.05,2026-04-22,2026-08-09,Menu Review
PH00000634,M0108,R002,495.05,525.68,2026-08-10,,Menu Review
PH00000635,M0109,R022,1420.0,1459.61,2025-07-29,2025-08-30,Inflation
PH00000636,M0109,R022,1459.61,1562.09,2025-08-31,2025-11-28,Menu Review
PH00000637,M0109,R022,1562.09,1718.37,2025-11-29,2026-06-24,Menu Review
PH00000638,M0109,R022,1718.37,1778.07,2026-06-25,,Promotion End
PH00000639,M0109,R016,1420.0,1586.45,2025-06-24,2026-07-28,Supplier Cost
PH00000640,M0109,R016,1586.45,1638.2,2026-07-29,,Promotion End
PH00000641,M0110,R003,1650.0,1707.4,2025-07-12,2026-02-14,Menu Review
PH00000642,M0110,R003,1707.4,1785.58,2026-02-15,2026-05-25,Inflation
PH00000643,M0110,R003,1785.58,1836.83,2026-05-26,,Menu Review
PH00000644,M0110,R022,1650.0,1728.57,2025-09-13,2026-01-06,Promotion End
PH00000645,M0110,R022,1728.57,1921.68,2026-01-07,2026-06-11,Inflation
PH00000646,M0110,R022,1921.68,2111.26,2026-06-12,,Menu Review
PH00000647,M0111,R019,280.0,289.75,2025-05-27,2025-06-14,Menu Review
PH00000648,M0111,R019,289.75,312.43,2025-06-15,2025-10-28,Inflation
PH00000649,M0111,R019,312.43,347.58,2025-10-29,,Menu Review
PH00000650,M0111,R017,280.0,309.89,2025-08-24,2026-05-06,Seasonal Adjustment
PH00000651,M0111,R017,309.89,343.29,2026-05-07,,Seasonal Adjustment
PH00000652,M0112,R013,610.0,624.49,2025-11-28,2026-01-16,Seasonal Adjustment
PH00000653,M0112,R013,624.49,662.15,2026-01-17,2026-02-04,Menu Review
PH00000654,M0112,R013,662.15,715.7,2026-02-05,,Promotion End
PH00000655,M0112,R021,610.0,675.82,2025-10-19,2026-06-28,Supplier Cost
PH00000656,M0112,R021,675.82,692.67,2026-06-29,,Promotion End
PH00000657,M0113,R009,840.0,923.47,2025-09-19,2026-05-22,Seasonal Adjustment
PH00000658,M0113,R009,923.47,967.83,2026-05-23,,Promotion End
PH00000659,M0113,R012,840.0,875.95,2025-05-20,2026-03-15,Seasonal Adjustment
PH00000660,M0113,R012,875.95,978.81,2026-03-16,2026-06-17,Promotion End
PH00000661,M0113,R012,978.81,1074.15,2026-06-18,2026-08-09,Seasonal Adjustment
PH00000662,M0113,R012,1074.15,1124.57,2026-08-10,,Promotion End
PH00000663,M0114,R020,640.0,666.33,2025-07-05,2025-11-11,Promotion End
PH00000664,M0114,R020,666.33,729.03,2025-11-12,,Menu Review
PH00000665,M0114,R021,640.0,703.46,2025-04-28,2025-12-18,Inflation
PH00000666,M0114,R021,703.46,739.42,2025-12-19,2026-05-24,Menu Review
PH00000667,M0114,R021,739.42,784.04,2026-05-25,,Menu Review
PH00000668,M0115,R019,1140.0,1257.75,2025-07-07,2026-06-21,Inflation
PH00000669,M0115,R019,1257.75,1314.28,2026-06-22,,Promotion End
PH00000670,M0115,R001,1140.0,1243.13,2025-10-01,2026-07-13,Seasonal Adjustment
PH00000671,M0115,R001,1243.13,1313.78,2026-07-14,,Promotion End
PH00000672,M0116,R017,420.0,438.56,2025-04-15,2025-06-01,Promotion End
PH00000673,M0116,R017,438.56,473.38,2025-06-02,2026-03-13,Supplier Cost
PH00000674,M0116,R017,473.38,528.32,2026-03-14,2026-07-15,Promotion End
PH00000675,M0116,R017,528.32,569.89,2026-07-16,,Seasonal Adjustment
PH00000676,M0116,R013,420.0,439.26,2025-06-22,2026-06-01,Inflation
PH00000677,M0116,R013,439.26,460.57,2026-06-02,2026-06-30,Promotion End
PH00000678,M0116,R013,460.57,472.07,2026-07-01,,Menu Review
PH00000679,M0117,R025,1140.0,1240.06,2025-07-24,2026-02-24,Seasonal Adjustment
PH00000680,M0117,R025,1240.06,1345.66,2026-02-25,,Menu Review
PH00000681,M0117,R007,1140.0,1273.05,2026-05-04,2026-06-15,Inflation
PH00000682,M0117,R007,1273.05,1358.87,2026-06-16,,Supplier Cost
PH00000683,M0118,R021,1310.0,1415.89,2025-04-04,2025-07-22,Seasonal Adjustment
PH00000684,M0118,R021,1415.89,1545.12,2025-07-23,2025-08-06,Seasonal Adjustment
PH00000685,M0118,R021,1545.12,1641.51,2025-08-07,2026-05-14,Promotion End
PH00000686,M0118,R021,1641.51,1814.13,2026-05-15,,Promotion End
PH00000687,M0118,R006,1310.0,1424.91,2025-07-20,2025-08-31,Menu Review
PH00000688,M0118,R006,1424.91,1510.0,2025-09-01,2025-11-23,Inflation
PH00000689,M0118,R006,1510.0,1541.31,2025-11-24,,Seasonal Adjustment
PH00000690,M0119,R018,240.0,247.39,2025-08-22,2025-08-29,Inflation
PH00000691,M0119,R018,247.39,260.66,2025-08-30,2026-02-04,Seasonal Adjustment
PH00000692,M0119,R018,260.66,282.57,2026-02-05,2026-03-15,Seasonal Adjustment
PH00000693,M0119,R018,282.57,295.6,2026-03-16,,Seasonal Adjustment
PH00000694,M0119,R021,240.0,263.17,2025-06-15,2025-12-19,Inflation
PH00000695,M0119,R021,263.17,289.63,2025-12-20,,Menu Review
PH00000696,M0120,R013,1740.0,1779.23,2025-06-10,2026-03-13,Promotion End
PH00000697,M0120,R013,1779.23,1992.29,2026-03-14,2026-04-03,Seasonal Adjustment
PH00000698,M0120,R013,1992.29,2212.82,2026-04-04,,Promotion End
PH00000699,M0120,R022,1740.0,1898.0,2025-04-18,2026-01-22,Menu Review
PH00000700,M0120,R022,1898.0,2090.84,2026-01-23,2026-04-11,Seasonal Adjustment
PH00000701,M0120,R022,2090.84,2284.57,2026-04-12,,Supplier Cost
PH00000702,M0121,R022,1510.0,1641.65,2025-11-29,2026-05-05,Menu Review
PH00000703,M0121,R022,1641.65,1723.76,2026-05-06,2026-07-07,Supplier Cost
PH00000704,M0121,R022,1723.76,1903.14,2026-07-08,2026-07-24,Menu Review
PH00000705,M0121,R022,1903.14,1975.68,2026-07-25,,Inflation
PH00000706,M0121,R018,1510.0,1649.7,2025-06-04,2025-08-09,Menu Review
PH00000707,M0121,R018,1649.7,1808.55,2025-08-10,2026-04-13,Supplier Cost
PH00000708,M0121,R018,1808.55,2015.98,2026-04-14,,Seasonal Adjustment
PH00000709,M0122,R021,470.0,514.38,2025-07-23,2025-09-27,Seasonal Adjustment
PH00000710,M0122,R021,514.38,546.3,2025-09-28,,Seasonal Adjustment
PH00000711,M0122,R003,470.0,501.2,2025-08-11,2025-08-27,Inflation
PH00000712,M0122,R003,501.2,534.81,2025-08-28,2026-01-23,Menu Review
PH00000713,M0122,R003,534.81,576.54,2026-01-24,,Menu Review
PH00000714,M0123,R003,740.0,818.99,2025-05-31,2025-12-11,Promotion End
PH00000715,M0123,R003,818.99,878.76,2025-12-12,,Promotion End
PH00000716,M0123,R016,740.0,765.96,2026-06-11,2026-06-18,Supplier Cost
PH00000717,M0123,R016,765.96,807.53,2026-06-19,,Menu Review
PH00000718,M0124,R015,980.0,1075.94,2025-07-01,2026-03-31,Promotion End
PH00000719,M0124,R015,1075.94,1133.25,2026-04-01,2026-06-14,Supplier Cost
PH00000720,M0124,R015,1133.25,1191.43,2026-06-15,,Inflation
PH00000721,M0124,R005,980.0,1020.12,2025-08-18,2025-11-16,Supplier Cost
PH00000722,M0124,R005,1020.12,1099.31,2025-11-17,,Supplier Cost
PH00000723,M0125,R016,320.0,340.28,2025-06-05,2026-02-07,Promotion End
PH00000724,M0125,R016,340.28,360.81,2026-02-08,,Promotion End
PH00000725,M0125,R025,320.0,332.78,2025-04-02,2025-04-18,Seasonal Adjustment
PH00000726,M0125,R025,332.78,371.05,2025-04-19,2025-12-28,Seasonal Adjustment
PH00000727,M0125,R025,371.05,406.55,2025-12-29,,Menu Review
PH00000728,M0126,R007,1520.0,1584.79,2025-04-02,2025-08-04,Seasonal Adjustment
PH00000729,M0126,R007,1584.79,1665.95,2025-08-05,2026-02-13,Inflation
PH00000730,M0126,R007,1665.95,1763.17,2026-02-14,2026-04-09,Menu Review
PH00000731,M0126,R007,1763.17,1852.41,2026-04-10,,Inflation
PH00000732,M0126,R001,1520.0,1594.61,2025-08-30,2026-07-28,Menu Review
PH00000733,M0126,R001,1594.61,1721.6,2026-07-29,,Seasonal Adjustment
PH00000734,M0127,R014,770.0,823.14,2025-09-22,2026-07-04,Supplier Cost
PH00000735,M0127,R014,823.14,853.18,2026-07-05,,Promotion End
PH00000736,M0127,R022,770.0,841.39,2025-07-23,2025-07-24,Supplier Cost
PH00000737,M0127,R022,841.39,875.99,2025-07-25,,Inflation
PH00000738,M0128,R019,1070.0,1167.49,2025-06-02,2025-10-03,Inflation
PH00000739,M0128,R019,1167.49,1234.64,2025-10-04,,Seasonal Adjustment
PH00000740,M0128,R017,1070.0,1102.97,2025-04-24,2026-01-28,Inflation
PH00000741,M0128,R017,1102.97,1130.35,2026-01-29,2026-02-12,Inflation
PH00000742,M0128,R017,1130.35,1200.07,2026-02-13,2026-03-03,Promotion End
PH00000743,M0128,R017,1200.07,1238.9,2026-03-04,,Seasonal Adjustment
PH00000744,M0129,R016,1760.0,1915.89,2025-07-14,2026-03-20,Inflation
PH00000745,M0129,R016,1915.89,2011.9,2026-03-21,,Inflation
PH00000746,M0129,R023,1760.0,1918.53,2025-08-16,2025-12-21,Promotion End
PH00000747,M0129,R023,1918.53,2116.26,2025-12-22,2026-02-03,Inflation
PH00000748,M0129,R023,2116.26,2266.85,2026-02-04,2026-02-11,Menu Review
PH00000749,M0129,R023,2266.85,2338.88,2026-02-12,,Inflation
PH00000750,M0130,R004,1070.0,1174.64,2025-07-11,2026-02-04,Menu Review
PH00000751,M0130,R004,1174.64,1312.44,2026-02-05,,Seasonal Adjustment
PH00000752,M0130,R016,1070.0,1150.05,2025-04-20,2025-06-20,Supplier Cost
PH00000753,M0130,R016,1150.05,1252.2,2025-06-21,2025-08-28,Promotion End
PH00000754,M0130,R016,1252.2,1318.64,2025-08-29,2025-10-25,Inflation
PH00000755,M0130,R016,1318.64,1346.69,2025-10-26,,Inflation
PH00000756,M0131,R004,990.0,1086.97,2025-05-16,2025-06-14,Inflation
PH00000757,M0131,R004,1086.97,1187.36,2025-06-15,2025-12-07,Inflation
PH00000758,M0131,R004,1187.36,1318.54,2025-12-08,2026-07-29,Supplier Cost
PH00000759,M0131,R004,1318.54,1405.14,2026-07-30,,Seasonal Adjustment
PH00000760,M0131,R019,990.0,1090.3,2025-04-25,2025-05-20,Inflation
PH00000761,M0131,R019,1090.3,1205.03,2025-05-21,2025-11-22,Seasonal Adjustment
PH00000762,M0131,R019,1205.03,1325.73,2025-11-23,,Seasonal Adjustment
PH00000763,M0132,R014,1770.0,1939.6,2025-05-18,2026-06-08,Inflation
PH00000764,M0132,R014,1939.6,1980.27,2026-06-09,,Supplier Cost
PH00000765,M0132,R024,1770.0,1963.73,2025-06-26,2025-09-14,Menu Review
PH00000766,M0132,R024,1963.73,2055.69,2025-09-15,2025-09-29,Inflation
PH00000767,M0132,R024,2055.69,2173.4,2025-09-30,2026-02-24,Seasonal Adjustment
PH00000768,M0132,R024,2173.4,2256.61,2026-02-25,,Promotion End
PH00000769,M0133,R013,1000.0,1105.07,2025-10-14,2026-03-18,Promotion End
PH00000770,M0133,R013,1105.07,1198.87,2026-03-19,2026-05-31,Supplier Cost
PH00000771,M0133,R013,1198.87,1236.4,2026-06-01,,Inflation
PH00000772,M0133,R015,1000.0,1111.12,2025-05-23,2025-10-29,Promotion End
PH00000773,M0133,R015,1111.12,1222.48,2025-10-30,,Promotion End
PH00000774,M0134,R006,730.0,746.7,2025-09-30,2026-02-06,Supplier Cost
PH00000775,M0134,R006,746.7,797.71,2026-02-07,2026-05-02,Promotion End
PH00000776,M0134,R006,797.71,822.67,2026-05-03,,Promotion End
PH00000777,M0134,R020,730.0,792.41,2025-04-23,2025-05-01,Inflation
PH00000778,M0134,R020,792.41,864.09,2025-05-02,2025-08-10,Menu Review
PH00000779,M0134,R020,864.09,947.69,2025-08-11,,Menu Review
PH00000780,M0135,R024,1540.0,1705.26,2026-03-08,2026-08-01,Menu Review
PH00000781,M0135,R024,1705.26,1828.57,2026-08-02,,Menu Review
PH00000782,M0135,R019,1540.0,1682.7,2025-11-07,2026-03-03,Promotion End
PH00000783,M0135,R019,1682.7,1774.53,2026-03-04,,Promotion End
PH00000784,M0136,R005,740.0,766.41,2025-04-05,2025-04-26,Promotion End
PH00000785,M0136,R005,766.41,847.03,2025-04-27,2026-02-22,Supplier Cost
PH00000786,M0136,R005,847.03,870.31,2026-02-23,2026-07-21,Promotion End
PH00000787,M0136,R005,870.31,915.62,2026-07-22,,Seasonal Adjustment
PH00000788,M0136,R018,740.0,795.54,2025-04-25,2025-07-22,Promotion End
PH00000789,M0136,R018,795.54,843.53,2025-07-23,2025-12-14,Supplier Cost
PH00000790,M0136,R018,843.53,867.05,2025-12-15,,Promotion End
PH00000791,M0137,R019,1770.0,1884.53,2025-12-11,2026-06-11,Inflation
PH00000792,M0137,R019,1884.53,2107.03,2026-06-12,,Inflation
PH00000793,M0137,R015,1770.0,1811.74,2025-10-23,2025-10-27,Menu Review
PH00000794,M0137,R015,1811.74,1848.01,2025-10-28,,Inflation
PH00000795,M0138,R020,700.0,728.48,2025-12-16,2026-01-11,Promotion End
PH00000796,M0138,R020,728.48,812.28,2026-01-12,2026-06-28,Seasonal Adjustment
PH00000797,M0138,R020,812.28,895.56,2026-06-29,,Supplier Cost
PH00000798,M0138,R021,700.0,757.38,2025-09-16,2026-01-10,Promotion End
PH00000799,M0138,R021,757.38,826.81,2026-01-11,2026-04-26,Seasonal Adjustment
PH00000800,M0138,R021,826.81,902.54,2026-04-27,,Inflation
PH00000801,M0139,R004,1770.0,1952.29,2025-04-01,2025-07-21,Seasonal Adjustment
PH00000802,M0139,R004,1952.29,2098.26,2025-07-22,2025-09-20,Seasonal Adjustment
PH00000803,M0139,R004,2098.26,2287.54,2025-09-21,2025-09-27,Inflation
PH00000804,M0139,R004,2287.54,2538.46,2025-09-28,,Promotion End
PH00000805,M0139,R025,1770.0,1936.82,2026-04-02,2026-05-24,Promotion End
PH00000806,M0139,R025,1936.82,1996.27,2026-05-25,,Menu Review
PH00000807,M0140,R007,1590.0,1746.05,2025-07-19,2025-11-19,Seasonal Adjustment
PH00000808,M0140,R007,1746.05,1799.79,2025-11-20,2026-05-26,Promotion End
PH00000809,M0140,R007,1799.79,1844.15,2026-05-27,,Menu Review
PH00000810,M0140,R004,1590.0,1693.43,2026-04-30,2026-06-29,Menu Review
PH00000811,M0140,R004,1693.43,1889.22,2026-06-30,,Supplier Cost
PH00000812,M0141,R016,1350.0,1435.43,2025-04-24,2026-01-07,Menu Review
PH00000813,M0141,R016,1435.43,1533.46,2026-01-08,2026-04-10,Menu Review
PH00000814,M0141,R016,1533.46,1683.9,2026-04-11,2026-07-21,Supplier Cost
PH00000815,M0141,R016,1683.9,1834.07,2026-07-22,,Supplier Cost
PH00000816,M0141,R001,1350.0,1465.77,2025-05-23,2025-06-03,Menu Review
PH00000817,M0141,R001,1465.77,1624.47,2025-06-04,2025-10-14,Menu Review
PH00000818,M0141,R001,1624.47,1800.14,2025-10-15,2026-05-21,Promotion End
PH00000819,M0141,R001,1800.14,2012.47,2026-05-22,,Supplier Cost
PH00000820,M0142,R009,730.0,803.35,2025-08-28,2025-11-16,Supplier Cost
PH00000821,M0142,R009,803.35,852.57,2025-11-17,2026-08-08,Menu Review
PH00000822,M0142,R009,852.57,895.11,2026-08-09,,Menu Review
PH00000823,M0142,R013,730.0,785.01,2026-03-30,2026-04-11,Supplier Cost
PH00000824,M0142,R013,785.01,816.48,2026-04-12,2026-07-21,Menu Review
PH00000825,M0142,R013,816.48,891.14,2026-07-22,,Seasonal Adjustment
PH00000826,M0143,R022,800.0,859.4,2025-06-30,2025-12-12,Seasonal Adjustment
PH00000827,M0143,R022,859.4,937.64,2025-12-13,2026-02-25,Seasonal Adjustment
PH00000828,M0143,R022,937.64,1009.11,2026-02-26,2026-08-02,Menu Review
PH00000829,M0143,R022,1009.11,1086.88,2026-08-03,,Promotion End
PH00000830,M0143,R005,800.0,838.87,2025-12-29,2026-04-16,Promotion End
PH00000831,M0143,R005,838.87,923.45,2026-04-17,2026-06-03,Menu Review
PH00000832,M0143,R005,923.45,951.75,2026-06-04,2026-06-30,Promotion End
PH00000833,M0143,R005,951.75,984.62,2026-07-01,,Inflation
PH00000834,M0144,R007,560.0,585.23,2025-08-24,2026-03-14,Inflation
PH00000835,M0144,R007,585.23,637.35,2026-03-15,,Seasonal Adjustment
PH00000836,M0144,R009,560.0,573.01,2026-01-02,2026-04-19,Promotion End
PH00000837,M0144,R009,573.01,590.34,2026-04-20,,Menu Review
PH00000838,M0145,R008,1760.0,1933.24,2025-07-30,2025-10-15,Seasonal Adjustment
PH00000839,M0145,R008,1933.24,2105.87,2025-10-16,2025-12-16,Inflation
PH00000840,M0145,R008,2105.87,2343.09,2025-12-17,2026-01-11,Promotion End
PH00000841,M0145,R008,2343.09,2487.56,2026-01-12,,Seasonal Adjustment
PH00000842,M0145,R024,1760.0,1830.94,2025-04-06,2025-04-26,Promotion End
PH00000843,M0145,R024,1830.94,2019.52,2025-04-27,2025-08-05,Seasonal Adjustment
PH00000844,M0145,R024,2019.52,2212.41,2025-08-06,2026-04-14,Menu Review
PH00000845,M0145,R024,2212.41,2420.03,2026-04-15,,Supplier Cost
PH00000846,M0146,R025,250.0,259.44,2025-08-28,2025-11-14,Inflation
PH00000847,M0146,R025,259.44,269.48,2025-11-15,,Supplier Cost
PH00000848,M0146,R024,250.0,265.71,2025-04-20,2025-05-30,Menu Review
PH00000849,M0146,R024,265.71,278.05,2025-05-31,2025-10-09,Supplier Cost
PH00000850,M0146,R024,278.05,299.85,2025-10-10,2025-12-18,Seasonal Adjustment
PH00000851,M0146,R024,299.85,306.02,2025-12-19,,Promotion End
PH00000852,M0147,R023,1040.0,1094.35,2025-06-17,2026-07-18,Inflation
PH00000853,M0147,R023,1094.35,1200.9,2026-07-19,,Menu Review
PH00000854,M0147,R005,1040.0,1118.02,2025-09-01,2025-12-06,Inflation
PH00000855,M0147,R005,1118.02,1228.04,2025-12-07,2026-01-17,Seasonal Adjustment
PH00000856,M0147,R005,1228.04,1317.12,2026-01-18,2026-05-08,Supplier Cost
PH00000857,M0147,R005,1317.12,1412.03,2026-05-09,,Menu Review
PH00000858,M0148,R006,1180.0,1229.7,2025-05-17,2025-09-24,Supplier Cost
PH00000859,M0148,R006,1229.7,1335.86,2025-09-25,2025-10-22,Seasonal Adjustment
PH00000860,M0148,R006,1335.86,1410.77,2025-10-23,2025-12-29,Supplier Cost
PH00000861,M0148,R006,1410.77,1573.05,2025-12-30,,Menu Review
PH00000862,M0148,R014,1180.0,1319.37,2025-11-29,2026-01-11,Inflation
PH00000863,M0148,R014,1319.37,1360.89,2026-01-12,2026-04-19,Seasonal Adjustment
PH00000864,M0148,R014,1360.89,1448.76,2026-04-20,2026-05-25,Menu Review
PH00000865,M0148,R014,1448.76,1610.82,2026-05-26,,Supplier Cost
PH00000866,M0149,R002,920.0,1025.34,2025-10-12,2026-05-11,Promotion End
PH00000867,M0149,R002,1025.34,1072.16,2026-05-12,2026-07-11,Seasonal Adjustment
PH00000868,M0149,R002,1072.16,1096.25,2026-07-12,,Menu Review
PH00000869,M0149,R022,920.0,979.39,2025-12-16,2025-12-18,Inflation
PH00000870,M0149,R022,979.39,1028.01,2025-12-19,2026-05-15,Supplier Cost
PH00000871,M0149,R022,1028.01,1081.5,2026-05-16,,Inflation
PH00000872,M0150,R004,300.0,312.32,2025-04-03,2025-05-02,Supplier Cost
PH00000873,M0150,R004,312.32,345.58,2025-05-03,2025-12-28,Promotion End
PH00000874,M0150,R004,345.58,381.37,2025-12-29,2026-02-13,Supplier Cost
PH00000875,M0150,R004,381.37,409.51,2026-02-14,,Promotion End
PH00000876,M0150,R006,300.0,326.58,2025-05-06,2026-04-16,Inflation
PH00000877,M0150,R006,326.58,348.11,2026-04-17,2026-05-22,Seasonal Adjustment
PH00000878,M0150,R006,348.11,356.39,2026-05-23,2026-07-24,Inflation
PH00000879,M0150,R006,356.39,365.45,2026-07-25,,Seasonal Adjustment
PH00000880,M0151,R018,590.0,625.85,2025-07-25,2025-08-09,Promotion End
PH00000881,M0151,R018,625.85,677.81,2025-08-10,2026-05-24,Promotion End
PH00000882,M0151,R018,677.81,712.81,2026-05-25,2026-07-09,Promotion End
PH00000883,M0151,R018,712.81,775.06,2026-07-10,,Menu Review
PH00000884,M0151,R003,590.0,638.28,2026-02-22,2026-04-02,Menu Review
PH00000885,M0151,R003,638.28,653.95,2026-04-03,,Inflation
PH00000886,M0152,R012,560.0,609.61,2025-08-26,2026-05-06,Menu Review
PH00000887,M0152,R012,609.61,627.08,2026-05-07,,Promotion End
PH00000888,M0152,R017,560.0,572.93,2025-10-19,2026-03-03,Supplier Cost
PH00000889,M0152,R017,572.93,614.95,2026-03-04,2026-05-24,Supplier Cost
PH00000890,M0152,R017,614.95,673.17,2026-05-25,,Menu Review
PH00000891,M0153,R010,1760.0,1951.31,2025-08-30,2026-03-11,Seasonal Adjustment
PH00000892,M0153,R010,1951.31,2177.15,2026-03-12,,Inflation
PH00000893,M0153,R021,1760.0,1802.55,2025-06-02,2025-06-10,Menu Review
PH00000894,M0153,R021,1802.55,1946.15,2025-06-11,2026-01-08,Menu Review
PH00000895,M0153,R021,1946.15,2091.63,2026-01-09,2026-06-20,Inflation
PH00000896,M0153,R021,2091.63,2197.19,2026-06-21,,Seasonal Adjustment
PH00000897,M0154,R007,1660.0,1723.74,2025-06-11,2025-06-20,Menu Review
PH00000898,M0154,R007,1723.74,1902.1,2025-06-21,2025-12-17,Supplier Cost
PH00000899,M0154,R007,1902.1,1961.94,2025-12-18,2026-06-08,Menu Review
PH00000900,M0154,R007,1961.94,2168.39,2026-06-09,,Menu Review
PH00000901,M0154,R014,1660.0,1741.45,2025-05-07,2026-01-05,Inflation
PH00000902,M0154,R014,1741.45,1819.93,2026-01-06,2026-02-23,Supplier Cost
PH00000903,M0154,R014,1819.93,1988.38,2026-02-24,,Promotion End
PH00000904,M0155,R011,530.0,553.03,2026-03-01,2026-03-08,Seasonal Adjustment
PH00000905,M0155,R011,553.03,598.35,2026-03-09,,Supplier Cost
PH00000906,M0155,R012,530.0,573.27,2025-09-15,2025-11-15,Seasonal Adjustment
PH00000907,M0155,R012,573.27,624.49,2025-11-16,2025-12-03,Supplier Cost
PH00000908,M0155,R012,624.49,672.3,2025-12-04,,Seasonal Adjustment
PH00000909,M0156,R011,1280.0,1337.11,2025-04-02,2025-09-06,Supplier Cost
PH00000910,M0156,R011,1337.11,1459.08,2025-09-07,,Promotion End
PH00000911,M0156,R014,1280.0,1392.59,2025-06-07,2025-09-30,Seasonal Adjustment
PH00000912,M0156,R014,1392.59,1542.7,2025-10-01,2026-06-03,Promotion End
PH00000913,M0156,R014,1542.7,1642.26,2026-06-04,,Seasonal Adjustment
PH00000914,M0157,R016,1460.0,1577.77,2025-06-28,2026-02-23,Seasonal Adjustment
PH00000915,M0157,R016,1577.77,1744.81,2026-02-24,,Supplier Cost
PH00000916,M0157,R018,1460.0,1580.69,2025-07-09,2025-08-11,Inflation
PH00000917,M0157,R018,1580.69,1753.32,2025-08-12,2026-04-09,Menu Review
PH00000918,M0157,R018,1753.32,1899.13,2026-04-10,2026-06-26,Menu Review
PH00000919,M0157,R018,1899.13,2047.05,2026-06-27,,Menu Review
PH00000920,M0158,R007,710.0,757.72,2025-08-11,2025-12-31,Supplier Cost
PH00000921,M0158,R007,757.72,800.59,2026-01-01,2026-01-02,Supplier Cost
PH00000922,M0158,R007,800.59,887.97,2026-01-03,2026-06-30,Menu Review
PH00000923,M0158,R007,887.97,970.84,2026-07-01,,Seasonal Adjustment
PH00000924,M0158,R002,710.0,760.44,2025-11-23,2025-12-11,Promotion End
PH00000925,M0158,R002,760.44,803.32,2025-12-12,,Inflation
PH00000926,M0159,R022,1040.0,1075.4,2025-06-23,2025-12-18,Supplier Cost
PH00000927,M0159,R022,1075.4,1116.17,2025-12-19,2026-03-15,Menu Review
PH00000928,M0159,R022,1116.17,1212.1,2026-03-16,2026-04-21,Supplier Cost
PH00000929,M0159,R022,1212.1,1325.54,2026-04-22,,Promotion End
PH00000930,M0159,R008,1040.0,1111.51,2025-04-20,2025-07-20,Inflation
PH00000931,M0159,R008,1111.51,1163.12,2025-07-21,2026-04-23,Supplier Cost
PH00000932,M0159,R008,1163.12,1191.36,2026-04-24,,Supplier Cost
PH00000933,M0160,R017,1750.0,1939.27,2025-11-18,2025-11-25,Inflation
PH00000934,M0160,R017,1939.27,2168.22,2025-11-26,2026-07-12,Seasonal Adjustment
PH00000935,M0160,R017,2168.22,2233.97,2026-07-13,,Menu Review
PH00000936,M0160,R012,1750.0,1831.08,2025-08-18,2026-04-13,Menu Review
PH00000937,M0160,R012,1831.08,1972.1,2026-04-14,2026-05-28,Promotion End
PH00000938,M0160,R012,1972.1,2140.45,2026-05-29,2026-05-31,Seasonal Adjustment
PH00000939,M0160,R012,2140.45,2309.05,2026-06-01,,Inflation
PH00000940,M0161,R017,410.0,434.84,2025-07-23,2025-12-19,Seasonal Adjustment
PH00000941,M0161,R017,434.84,464.71,2025-12-20,2026-07-07,Promotion End
PH00000942,M0161,R017,464.71,515.23,2026-07-08,,Inflation
PH00000943,M0161,R009,410.0,427.63,2025-06-10,2025-06-22,Menu Review
PH00000944,M0161,R009,427.63,463.7,2025-06-23,2025-11-10,Supplier Cost
PH00000945,M0161,R009,463.7,479.94,2025-11-11,2026-06-24,Supplier Cost
PH00000946,M0161,R009,479.94,506.92,2026-06-25,,Inflation
PH00000947,M0162,R022,330.0,340.34,2025-09-16,2026-04-02,Promotion End
PH00000948,M0162,R022,340.34,363.45,2026-04-03,2026-05-19,Menu Review
PH00000949,M0162,R022,363.45,376.58,2026-05-20,,Promotion End
PH00000950,M0162,R008,330.0,340.82,2025-04-22,2025-08-01,Menu Review
PH00000951,M0162,R008,340.82,353.13,2025-08-02,,Menu Review
PH00000952,M0163,R002,1390.0,1453.7,2025-04-28,2025-06-23,Supplier Cost
PH00000953,M0163,R002,1453.7,1557.88,2025-06-24,,Promotion End
PH00000954,M0163,R019,1390.0,1539.91,2025-04-09,2026-01-12,Seasonal Adjustment
PH00000955,M0163,R019,1539.91,1716.58,2026-01-13,2026-02-19,Supplier Cost
PH00000956,M0163,R019,1716.58,1828.02,2026-02-20,2026-08-08,Promotion End
PH00000957,M0163,R019,1828.02,2023.13,2026-08-09,,Supplier Cost
PH00000958,M0164,R008,1270.0,1392.87,2025-06-12,2026-01-22,Menu Review
PH00000959,M0164,R008,1392.87,1512.61,2026-01-23,2026-05-10,Seasonal Adjustment
PH00000960,M0164,R008,1512.61,1568.23,2026-05-11,2026-05-24,Seasonal Adjustment
PH00000961,M0164,R008,1568.23,1744.24,2026-05-25,,Menu Review
PH00000962,M0164,R014,1270.0,1312.19,2025-05-05,2025-07-25,Inflation
PH00000963,M0164,R014,1312.19,1364.99,2025-07-26,2025-10-09,Menu Review
PH00000964,M0164,R014,1364.99,1485.71,2025-10-10,2025-10-13,Supplier Cost
PH00000965,M0164,R014,1485.71,1605.39,2025-10-14,,Supplier Cost
PH00000966,M0165,R016,540.0,577.98,2025-04-19,2025-12-27,Inflation
PH00000967,M0165,R016,577.98,594.93,2025-12-28,2026-05-05,Supplier Cost
PH00000968,M0165,R016,594.93,660.49,2026-05-06,2026-06-22,Menu Review
PH00000969,M0165,R016,660.49,728.36,2026-06-23,,Promotion End
PH00000970,M0165,R020,540.0,588.47,2025-04-22,2025-10-05,Promotion End
PH00000971,M0165,R020,588.47,613.74,2025-10-06,2025-10-31,Promotion End
PH00000972,M0165,R020,613.74,674.47,2025-11-01,2026-06-20,Promotion End
PH00000973,M0165,R020,674.47,711.6,2026-06-21,,Menu Review
PH00000974,M0166,R004,370.0,405.74,2025-08-08,2025-11-29,Inflation
PH00000975,M0166,R004,405.74,425.35,2025-11-30,,Menu Review
PH00000976,M0166,R014,370.0,403.64,2025-04-02,2025-07-04,Inflation
PH00000977,M0166,R014,403.64,435.04,2025-07-05,2025-08-08,Inflation
PH00000978,M0166,R014,435.04,466.35,2025-08-09,,Promotion End
PH00000979,M0167,R021,560.0,577.17,2025-09-08,2025-10-01,Promotion End
PH00000980,M0167,R021,577.17,626.32,2025-10-02,2025-10-25,Seasonal Adjustment
PH00000981,M0167,R021,626.32,655.21,2025-10-26,2026-05-15,Menu Review
PH00000982,M0167,R021,655.21,696.07,2026-05-16,,Seasonal Adjustment
PH00000983,M0167,R007,560.0,582.61,2025-08-19,2025-10-19,Menu Review
PH00000984,M0167,R007,582.61,639.93,2025-10-20,2026-03-13,Promotion End
PH00000985,M0167,R007,639.93,664.17,2026-03-14,2026-04-20,Menu Review
PH00000986,M0167,R007,664.17,714.31,2026-04-21,,Seasonal Adjustment
PH00000987,M0168,R010,1710.0,1870.02,2025-10-20,2026-03-26,Inflation
PH00000988,M0168,R010,1870.02,2047.26,2026-03-27,2026-04-30,Promotion End
PH00000989,M0168,R010,2047.26,2248.53,2026-05-01,,Supplier Cost
PH00000990,M0168,R019,1710.0,1812.7,2025-07-18,2025-12-15,Seasonal Adjustment
PH00000991,M0168,R019,1812.7,1994.12,2025-12-16,,Menu Review
PH00000992,M0169,R023,1180.0,1278.63,2025-04-26,2025-06-20,Inflation
PH00000993,M0169,R023,1278.63,1409.47,2025-06-21,2025-10-15,Promotion End
PH00000994,M0169,R023,1409.47,1568.16,2025-10-16,2026-08-05,Promotion End
PH00000995,M0169,R023,1568.16,1613.35,2026-08-06,,Seasonal Adjustment
PH00000996,M0169,R022,1180.0,1275.47,2025-05-10,2025-10-05,Promotion End
PH00000997,M0169,R022,1275.47,1419.69,2025-10-06,,Promotion End
PH00000998,M0170,R020,900.0,923.17,2025-08-24,2026-01-29,Supplier Cost
PH00000999,M0170,R020,923.17,1000.74,2026-01-30,2026-03-29,Promotion End
PH00001000,M0170,R020,1000.74,1021.83,2026-03-30,2026-08-05,Menu Review
PH00001001,M0170,R020,1021.83,1071.49,2026-08-06,,Inflation
PH00001002,M0170,R021,900.0,973.37,2025-07-27,2025-12-16,Inflation
PH00001003,M0170,R021,973.37,1027.85,2025-12-17,2025-12-19,Inflation
PH00001004,M0170,R021,1027.85,1148.69,2025-12-20,2026-03-22,Inflation
PH00001005,M0170,R021,1148.69,1286.17,2026-03-23,,Promotion End
PH00001006,M0171,R012,1640.0,1757.71,2025-07-11,2025-10-23,Inflation
PH00001007,M0171,R012,1757.71,1954.43,2025-10-24,2026-01-24,Menu Review
PH00001008,M0171,R012,1954.43,2049.12,2026-01-25,,Menu Review
PH00001009,M0171,R022,1640.0,1718.15,2025-09-24,2025-09-24,Menu Review
PH00001010,M0171,R022,1718.15,1917.98,2025-09-25,2026-05-21,Promotion End
PH00001011,M0171,R022,1917.98,2134.66,2026-05-22,2026-08-05,Menu Review
PH00001012,M0171,R022,2134.66,2178.35,2026-08-06,,Supplier Cost
PH00001013,M0172,R014,1720.0,1840.95,2025-05-07,2026-01-10,Seasonal Adjustment
PH00001014,M0172,R014,1840.95,2052.11,2026-01-11,,Menu Review
PH00001015,M0172,R017,1720.0,1890.86,2025-12-31,2026-05-20,Seasonal Adjustment
PH00001016,M0172,R017,1890.86,2059.94,2026-05-21,2026-06-21,Promotion End
PH00001017,M0172,R017,2059.94,2217.15,2026-06-22,,Supplier Cost
PH00001018,M0173,R025,1750.0,1887.69,2025-11-21,2026-03-13,Inflation
PH00001019,M0173,R025,1887.69,2016.42,2026-03-14,2026-07-02,Seasonal Adjustment
PH00001020,M0173,R025,2016.42,2070.37,2026-07-03,,Supplier Cost
PH00001021,M0173,R011,1750.0,1857.17,2025-07-26,2025-09-07,Seasonal Adjustment
PH00001022,M0173,R011,1857.17,1990.24,2025-09-08,2026-03-24,Inflation
PH00001023,M0173,R011,1990.24,2169.52,2026-03-25,2026-05-13,Seasonal Adjustment
PH00001024,M0173,R011,2169.52,2266.77,2026-05-14,,Inflation
PH00001025,M0174,R013,510.0,567.7,2025-05-08,2025-09-21,Promotion End
PH00001026,M0174,R013,567.7,596.87,2025-09-22,2026-01-07,Supplier Cost
PH00001027,M0174,R013,596.87,662.19,2026-01-08,2026-05-24,Seasonal Adjustment
PH00001028,M0174,R013,662.19,687.54,2026-05-25,,Supplier Cost
PH00001029,M0174,R022,510.0,557.71,2025-07-11,2025-07-28,Seasonal Adjustment
PH00001030,M0174,R022,557.71,580.4,2025-07-29,2026-04-11,Supplier Cost
PH00001031,M0174,R022,580.4,640.47,2026-04-12,,Menu Review
PH00001032,M0175,R012,710.0,729.77,2025-05-31,2026-07-14,Promotion End
PH00001033,M0175,R012,729.77,789.16,2026-07-15,,Menu Review
PH00001034,M0175,R005,710.0,750.55,2025-12-02,2026-06-07,Seasonal Adjustment
PH00001035,M0175,R005,750.55,802.51,2026-06-08,,Menu Review
PH00001036,M0176,R009,1780.0,1906.58,2026-04-26,2026-07-11,Promotion End
PH00001037,M0176,R009,1906.58,1987.06,2026-07-12,,Menu Review
PH00001038,M0176,R016,1780.0,1957.87,2025-04-27,2025-12-24,Promotion End
PH00001039,M0176,R016,1957.87,2181.0,2025-12-25,,Inflation
PH00001040,M0177,R017,200.0,207.5,2026-03-17,2026-05-01,Inflation
PH00001041,M0177,R017,207.5,226.14,2026-05-02,2026-06-13,Promotion End
PH00001042,M0177,R017,226.14,237.8,2026-06-14,,Inflation
PH00001043,M0177,R012,200.0,211.59,2025-07-16,2026-03-10,Inflation
PH00001044,M0177,R012,211.59,222.71,2026-03-11,,Menu Review
PH00001045,M0178,R009,260.0,290.12,2025-07-30,2025-08-11,Seasonal Adjustment
PH00001046,M0178,R009,290.12,306.54,2025-08-12,2025-08-14,Promotion End
PH00001047,M0178,R009,306.54,325.67,2025-08-15,2025-11-26,Promotion End
PH00001048,M0178,R009,325.67,355.0,2025-11-27,,Seasonal Adjustment
PH00001049,M0178,R006,260.0,276.92,2025-08-21,2025-10-21,Menu Review
PH00001050,M0178,R006,276.92,286.09,2025-10-22,2026-06-10,Menu Review
PH00001051,M0178,R006,286.09,311.44,2026-06-11,,Inflation
PH00001052,M0179,R024,1440.0,1592.11,2025-11-07,2026-01-08,Supplier Cost
PH00001053,M0179,R024,1592.11,1647.17,2026-01-09,,Supplier Cost
PH00001054,M0179,R009,1440.0,1529.5,2025-04-04,2025-06-28,Supplier Cost
PH00001055,M0179,R009,1529.5,1712.36,2025-06-29,2026-05-16,Menu Review
PH00001056,M0179,R009,1712.36,1838.04,2026-05-17,,Seasonal Adjustment
PH00001057,M0180,R016,250.0,256.19,2026-01-12,2026-01-14,Inflation
PH00001058,M0180,R016,256.19,279.0,2026-01-15,2026-06-12,Inflation
PH00001059,M0180,R016,279.0,290.59,2026-06-13,,Seasonal Adjustment
PH00001060,M0180,R010,250.0,266.25,2025-05-19,2026-02-15,Seasonal Adjustment
PH00001061,M0180,R010,266.25,278.49,2026-02-16,2026-06-02,Seasonal Adjustment
PH00001062,M0180,R010,278.49,299.66,2026-06-03,,Seasonal Adjustment
PH00001063,M0181,R012,280.0,304.63,2025-06-01,2025-09-25,Menu Review
PH00001064,M0181,R012,304.63,316.78,2025-09-26,2026-06-17,Menu Review
PH00001065,M0181,R012,316.78,343.7,2026-06-18,,Menu Review
PH00001066,M0181,R001,280.0,295.54,2025-08-23,2026-05-03,Menu Review
PH00001067,M0181,R001,295.54,315.86,2026-05-04,,Promotion End
PH00001068,M0182,R003,1650.0,1706.9,2025-08-24,2025-11-22,Supplier Cost
PH00001069,M0182,R003,1706.9,1850.38,2025-11-23,2026-02-16,Seasonal Adjustment
PH00001070,M0182,R003,1850.38,1965.44,2026-02-17,2026-08-01,Menu Review
PH00001071,M0182,R003,1965.44,2117.1,2026-08-02,,Inflation
PH00001072,M0182,R013,1650.0,1720.66,2025-06-21,2025-09-21,Seasonal Adjustment
PH00001073,M0182,R013,1720.66,1867.43,2025-09-22,,Seasonal Adjustment
PH00001074,M0183,R020,630.0,691.8,2025-08-16,2025-11-12,Seasonal Adjustment
PH00001075,M0183,R020,691.8,757.38,2025-11-13,2026-06-27,Menu Review
PH00001076,M0183,R020,757.38,845.65,2026-06-28,,Promotion End
PH00001077,M0183,R021,630.0,644.06,2025-07-03,2026-06-10,Supplier Cost
PH00001078,M0183,R021,644.06,699.58,2026-06-11,,Inflation
PH00001079,M0184,R007,1040.0,1158.23,2025-05-02,2025-05-17,Promotion End
PH00001080,M0184,R007,1158.23,1244.92,2025-05-18,2025-05-21,Inflation
PH00001081,M0184,R007,1244.92,1365.79,2025-05-22,,Menu Review
PH00001082,M0184,R006,1040.0,1125.08,2025-05-23,2025-08-11,Inflation
PH00001083,M0184,R006,1125.08,1221.26,2025-08-12,,Promotion End
PH00001084,M0185,R010,1560.0,1660.33,2025-08-23,2026-04-11,Supplier Cost
PH00001085,M0185,R010,1660.33,1715.33,2026-04-12,,Supplier Cost
PH00001086,M0185,R008,1560.0,1646.87,2025-04-17,2026-03-04,Seasonal Adjustment
PH00001087,M0185,R008,1646.87,1822.14,2026-03-05,,Promotion End
PH00001088,M0186,R018,1620.0,1765.41,2025-06-08,2025-11-12,Supplier Cost
PH00001089,M0186,R018,1765.41,1905.02,2025-11-13,2026-07-28,Promotion End
PH00001090,M0186,R018,1905.02,2063.34,2026-07-29,2026-08-08,Menu Review
PH00001091,M0186,R018,2063.34,2194.36,2026-08-09,,Menu Review
PH00001092,M0186,R009,1620.0,1739.83,2025-09-24,2025-12-01,Inflation
PH00001093,M0186,R009,1739.83,1851.5,2025-12-02,2026-07-08,Seasonal Adjustment
PH00001094,M0186,R009,1851.5,1964.85,2026-07-09,,Supplier Cost
PH00001095,M0187,R010,870.0,953.37,2025-12-23,2026-05-21,Supplier Cost
PH00001096,M0187,R010,953.37,1005.22,2026-05-22,,Promotion End
PH00001097,M0187,R001,870.0,969.79,2025-04-04,2025-12-06,Promotion End
PH00001098,M0187,R001,969.79,1018.24,2025-12-07,2026-03-17,Promotion End
PH00001099,M0187,R001,1018.24,1119.86,2026-03-18,2026-07-15,Menu Review
PH00001100,M0187,R001,1119.86,1168.15,2026-07-16,,Inflation
PH00001101,M0188,R018,290.0,312.06,2025-10-27,2026-06-24,Promotion End
PH00001102,M0188,R018,312.06,326.1,2026-06-25,,Promotion End
PH00001103,M0188,R012,290.0,308.04,2025-05-10,2025-07-20,Supplier Cost
PH00001104,M0188,R012,308.04,330.11,2025-07-21,2025-08-11,Menu Review
PH00001105,M0188,R012,330.11,363.37,2025-08-12,,Seasonal Adjustment
PH00001106,M0189,R010,1500.0,1558.2,2025-08-15,2025-10-27,Inflation
PH00001107,M0189,R010,1558.2,1617.79,2025-10-28,2025-12-27,Seasonal Adjustment
PH00001108,M0189,R010,1617.79,1668.0,2025-12-28,2026-05-18,Promotion End
PH00001109,M0189,R010,1668.0,1804.4,2026-05-19,,Seasonal Adjustment
PH00001110,M0189,R021,1500.0,1532.91,2025-07-05,2025-09-10,Inflation
PH00001111,M0189,R021,1532.91,1712.22,2025-09-11,2025-12-06,Inflation
PH00001112,M0189,R021,1712.22,1778.3,2025-12-07,2026-02-11,Inflation
PH00001113,M0189,R021,1778.3,1864.03,2026-02-12,,Supplier Cost
PH00001114,M0190,R023,380.0,388.16,2025-04-04,2025-05-15,Supplier Cost
PH00001115,M0190,R023,388.16,409.19,2025-05-16,2025-06-15,Seasonal Adjustment
PH00001116,M0190,R023,409.19,449.52,2025-06-16,2025-07-27,Promotion End
PH00001117,M0190,R023,449.52,503.37,2025-07-28,,Promotion End
PH00001118,M0190,R015,380.0,419.65,2025-04-16,2025-05-10,Supplier Cost
PH00001119,M0190,R015,419.65,430.39,2025-05-11,2025-09-15,Promotion End
PH00001120,M0190,R015,430.39,442.07,2025-09-16,2026-05-09,Promotion End
PH00001121,M0190,R015,442.07,458.94,2026-05-10,,Seasonal Adjustment
PH00001122,M0191,R013,1150.0,1201.63,2026-03-31,2026-04-27,Promotion End
PH00001123,M0191,R013,1201.63,1255.36,2026-04-28,,Inflation
PH00001124,M0191,R001,1150.0,1261.66,2025-11-21,2026-04-10,Menu Review
PH00001125,M0191,R001,1261.66,1370.92,2026-04-11,,Supplier Cost
PH00001126,M0192,R016,540.0,559.37,2025-09-06,2025-09-11,Inflation
PH00001127,M0192,R016,559.37,612.22,2025-09-12,2026-07-22,Menu Review
PH00001128,M0192,R016,612.22,656.36,2026-07-23,2026-08-04,Seasonal Adjustment
PH00001129,M0192,R016,656.36,701.07,2026-08-05,,Seasonal Adjustment
PH00001130,M0192,R013,540.0,553.61,2025-10-01,2026-06-27,Supplier Cost
PH00001131,M0192,R013,553.61,618.56,2026-06-28,,Supplier Cost
PH00001132,M0193,R021,550.0,576.19,2025-04-07,2025-06-23,Inflation
PH00001133,M0193,R021,576.19,610.52,2025-06-24,2026-05-10,Supplier Cost
PH00001134,M0193,R021,610.52,623.28,2026-05-11,,Inflation
PH00001135,M0193,R014,550.0,593.79,2025-11-29,2026-03-17,Seasonal Adjustment
PH00001136,M0193,R014,593.79,651.43,2026-03-18,2026-03-18,Supplier Cost
PH00001137,M0193,R014,651.43,674.73,2026-03-19,2026-05-05,Inflation
PH00001138,M0193,R014,674.73,734.51,2026-05-06,,Seasonal Adjustment
PH00001139,M0194,R025,1270.0,1377.26,2025-04-30,2025-09-28,Menu Review
PH00001140,M0194,R025,1377.26,1513.81,2025-09-29,,Supplier Cost
PH00001141,M0194,R021,1270.0,1395.55,2025-07-28,2025-09-08,Seasonal Adjustment
PH00001142,M0194,R021,1395.55,1535.88,2025-09-09,2026-01-09,Promotion End
PH00001143,M0194,R021,1535.88,1679.21,2026-01-10,,Inflation
PH00001144,M0195,R023,230.0,255.27,2025-06-07,2025-08-05,Promotion End
PH00001145,M0195,R023,255.27,278.41,2025-08-06,2026-04-04,Menu Review
PH00001146,M0195,R023,278.41,292.18,2026-04-05,,Promotion End
PH00001147,M0195,R013,230.0,247.1,2025-07-04,2026-01-14,Seasonal Adjustment
PH00001148,M0195,R013,247.1,270.14,2026-01-15,,Seasonal Adjustment
PH00001149,M0196,R020,1590.0,1646.45,2025-05-05,2025-12-26,Seasonal Adjustment
PH00001150,M0196,R020,1646.45,1814.29,2025-12-27,,Menu Review
PH00001151,M0196,R018,1590.0,1723.25,2025-03-31,2025-11-17,Promotion End
PH00001152,M0196,R018,1723.25,1884.14,2025-11-18,2026-05-01,Inflation
PH00001153,M0196,R018,1884.14,2038.59,2026-05-02,,Seasonal Adjustment
PH00001154,M0197,R025,330.0,338.69,2025-09-11,2026-04-03,Menu Review
PH00001155,M0197,R025,338.69,373.2,2026-04-04,,Supplier Cost
PH00001156,M0197,R020,330.0,341.69,2025-12-10,2026-01-06,Seasonal Adjustment
PH00001157,M0197,R020,341.69,359.55,2026-01-07,2026-03-14,Seasonal Adjustment
PH00001158,M0197,R020,359.55,370.71,2026-03-15,2026-04-26,Menu Review
PH00001159,M0197,R020,370.71,402.55,2026-04-27,,Inflation
PH00001160,M0198,R005,680.0,726.61,2025-05-24,2025-07-11,Inflation
PH00001161,M0198,R005,726.61,743.45,2025-07-12,,Promotion End
PH00001162,M0198,R006,680.0,733.74,2025-12-06,2025-12-24,Inflation
PH00001163,M0198,R006,733.74,775.3,2025-12-25,2026-02-12,Menu Review
PH00001164,M0198,R006,775.3,846.46,2026-02-13,2026-03-24,Inflation
PH00001165,M0198,R006,846.46,942.13,2026-03-25,,Supplier Cost
PH00001166,M0199,R021,440.0,476.91,2025-11-25,2026-05-14,Seasonal Adjustment
PH00001167,M0199,R021,476.91,513.06,2026-05-15,,Promotion End
PH00001168,M0199,R016,440.0,485.04,2025-04-29,2026-03-27,Seasonal Adjustment
PH00001169,M0199,R016,485.04,520.4,2026-03-28,2026-05-10,Inflation
PH00001170,M0199,R016,520.4,574.23,2026-05-11,,Inflation
PH00001171,M0200,R007,1160.0,1210.0,2025-05-21,2026-04-05,Promotion End
PH00001172,M0200,R007,1210.0,1257.12,2026-04-06,,Menu Review
PH00001173,M0200,R017,1160.0,1203.95,2025-08-05,2026-01-15,Menu Review
PH00001174,M0200,R017,1203.95,1278.02,2026-01-16,2026-02-13,Inflation
PH00001175,M0200,R017,1278.02,1401.51,2026-02-14,2026-07-28,Menu Review
PH00001176,M0200,R017,1401.51,1479.71,2026-07-29,,Promotion End
