wastage_id,restaurant_id,menu_item_id,wastage_date,quantity_wasted,unit_cost,wastage_cost,reason
W00000001,R018,M0013,2026-05-30,2.06,921.08,1897.42,Overproduction
W00000002,R017,M0013,2025-05-11,1.57,921.08,1446.1,Preparation Error
W00000003,R021,M0085,2025-08-24,6.52,817.96,5333.1,Unsold
W00000004,R017,M0019,2025-07-27,0.5,303.07,151.54,Unsold
W00000005,R025,M0097,2025-10-09,0.4,174.21,69.68,Damaged
W00000006,R012,M0132,2025-05-03,0.93,735.98,684.46,Unsold
W00000007,R011,M0180,2025-08-22,1.29,140.37,181.08,Overproduction
W00000008,R015,M0086,2025-10-12,1.39,946.48,1315.61,Preparation Error
W00000009,R022,M0129,2025-08-21,2.23,905.34,2018.91,Expired
W00000010,R008,M0046,2025-10-19,4.39,667.02,2928.22,Expired
W00000011,R023,M0200,2025-03-17,1.34,535.72,717.86,Preparation Error
W00000012,R015,M0129,2025-04-21,3.75,905.34,3395.02,Unsold
W00000013,R008,M0052,2025-05-24,1.49,414.2,617.16,Preparation Error
W00000014,R011,M0188,2026-02-06,2.01,166.63,334.93,Expired
W00000015,R007,M0145,2026-05-16,1.26,977.33,1231.44,Unsold
W00000016,R017,M0070,2025-07-15,1.62,897.78,1454.4,Damaged
W00000017,R003,M0152,2025-07-15,1.91,282.47,539.52,Expired
W00000018,R018,M0092,2026-03-04,5.23,487.83,2551.35,Expired
W00000019,R006,M0107,2025-10-28,1.54,132.35,203.82,Preparation Error
W00000020,R025,M0005,2025-10-07,4.41,169.07,745.6,Overproduction
W00000021,R001,M0033,2026-06-05,0.64,163.52,104.65,Unsold
W00000022,R019,M0086,2025-06-08,1.01,946.48,955.94,Preparation Error
W00000023,R011,M0004,2026-06-04,2.62,697.23,1826.74,Damaged
W00000024,R001,M0081,2025-08-31,0.78,405.84,316.56,Preparation Error
W00000025,R010,M0014,2026-05-21,2.1,674.74,1416.95,Overproduction
W00000026,R018,M0138,2026-02-05,5.34,334.39,1785.64,Overproduction
W00000027,R014,M0160,2025-12-13,2.14,751.95,1609.17,Preparation Error
W00000028,R003,M0149,2025-06-13,0.21,487.64,102.4,Unsold
W00000029,R015,M0085,2025-09-08,3.36,817.96,2748.35,Expired
W00000030,R004,M0016,2025-09-14,0.82,575.99,472.31,Unsold
W00000031,R009,M0138,2026-01-05,1.11,334.39,371.17,Expired
W00000032,R008,M0085,2026-05-28,0.99,817.96,809.78,Unsold
W00000033,R007,M0063,2025-12-17,0.67,533.01,357.12,Preparation Error
W00000034,R009,M0170,2025-03-03,1.89,372.38,703.8,Unsold
W00000035,R009,M0174,2025-06-12,0.51,292.77,149.31,Overproduction
W00000036,R002,M0173,2025-05-09,2.93,636.4,1864.65,Preparation Error
W00000037,R020,M0028,2025-09-22,0.47,529.37,248.8,Damaged
W00000038,R016,M0149,2026-01-23,0.79,487.64,385.24,Preparation Error
W00000039,R015,M0012,2025-07-28,4.61,236.57,1090.59,Overproduction
W00000040,R023,M0183,2025-03-17,2.13,328.19,699.04,Expired
W00000041,R008,M0050,2026-07-14,1.59,288.36,458.49,Unsold
W00000042,R004,M0017,2026-01-15,1.05,371.46,390.03,Overproduction
W00000043,R007,M0102,2025-06-12,2.07,196.04,405.8,Expired
W00000044,R001,M0041,2026-03-20,1.01,758.88,766.47,Expired
W00000045,R013,M0117,2026-08-07,1.92,652.7,1253.18,Damaged
W00000046,R025,M0028,2025-10-20,1.98,529.37,1048.15,Expired
W00000047,R022,M0100,2026-01-18,1.87,892.5,1668.98,Preparation Error
W00000048,R016,M0084,2026-08-11,2.52,797.35,2009.32,Expired
W00000049,R017,M0019,2026-08-23,2.01,303.07,609.17,Preparation Error
W00000050,R016,M0132,2025-10-26,2.63,735.98,1935.63,Expired
W00000051,R010,M0158,2025-08-25,1.3,328.15,426.6,Preparation Error
W00000052,R023,M0051,2026-02-03,3.22,428.66,1380.29,Overproduction
W00000053,R014,M0137,2026-03-30,0.25,733.63,183.41,Preparation Error
W00000054,R018,M0087,2025-07-18,4.95,849.18,4203.44,Overproduction
W00000055,R005,M0128,2025-07-10,3.45,642.5,2216.62,Unsold
W00000056,R006,M0143,2026-05-23,4.58,348.4,1595.67,Overproduction
W00000057,R021,M0078,2025-06-20,3.51,712.53,2500.98,Unsold
W00000058,R014,M0051,2025-03-11,1.1,428.66,471.53,Unsold
W00000059,R020,M0027,2025-05-24,0.57,486.67,277.4,Damaged
W00000060,R019,M0004,2025-04-06,2.95,697.23,2056.83,Expired
W00000061,R005,M0032,2026-03-15,1.19,501.51,596.8,Unsold
W00000062,R007,M0075,2026-06-22,1.85,607.52,1123.91,Unsold
W00000063,R005,M0014,2025-04-28,0.34,674.74,229.41,Expired
W00000064,R021,M0066,2026-08-09,1.45,305.74,443.32,Unsold
W00000065,R005,M0116,2026-04-09,1.66,177.12,294.02,Preparation Error
W00000066,R019,M0030,2025-04-13,0.64,137.09,87.74,Overproduction
W00000067,R006,M0001,2025-12-04,1.62,678.31,1098.86,Preparation Error
W00000068,R002,M0109,2026-03-09,2.61,729.46,1903.89,Overproduction
W00000069,R016,M0101,2025-11-04,3.81,299.61,1141.51,Expired
W00000070,R008,M0100,2025-03-21,1.47,892.5,1311.98,Expired
W00000071,R009,M0033,2026-03-11,0.48,163.52,78.49,Damaged
W00000072,R022,M0194,2025-11-07,4.28,635.41,2719.55,Preparation Error
W00000073,R003,M0106,2025-11-25,0.06,440.79,26.45,Unsold
W00000074,R019,M0133,2025-03-05,1.35,587.42,793.02,Preparation Error
W00000075,R021,M0044,2026-06-27,0.96,217.86,209.15,Preparation Error
W00000076,R020,M0056,2026-04-17,0.84,116.93,98.22,Damaged
W00000077,R014,M0014,2025-11-16,4.74,674.74,3198.27,Expired
W00000078,R001,M0062,2026-07-03,2.34,569.95,1333.68,Preparation Error
W00000079,R024,M0176,2025-06-02,1.45,882.63,1279.81,Overproduction
W00000080,R008,M0116,2026-08-06,9.61,177.12,1702.12,Expired
W00000081,R018,M0052,2025-12-28,0.33,414.2,136.69,Overproduction
W00000082,R020,M0006,2026-03-17,1.12,882.22,988.09,Preparation Error
W00000083,R003,M0038,2025-08-08,1.78,680.0,1210.4,Damaged
W00000084,R020,M0080,2026-04-18,1.62,508.12,823.15,Preparation Error
W00000085,R003,M0195,2026-05-12,2.67,97.47,260.24,Preparation Error
W00000086,R022,M0004,2026-01-20,3.78,697.23,2635.53,Unsold
W00000087,R004,M0047,2026-01-01,5.18,740.15,3833.98,Expired
W00000088,R004,M0172,2025-12-27,0.45,984.75,443.14,Expired
W00000089,R008,M0169,2026-07-26,1.15,712.18,819.01,Preparation Error
W00000090,R023,M0170,2026-03-11,7.63,372.38,2841.26,Overproduction
W00000091,R002,M0035,2026-07-03,1.08,552.77,596.99,Damaged
W00000092,R025,M0086,2025-10-28,0.65,946.48,615.21,Expired
W00000093,R024,M0091,2026-08-02,0.83,213.29,177.03,Overproduction
W00000094,R020,M0080,2025-07-07,2.07,508.12,1051.81,Overproduction
W00000095,R002,M0030,2025-10-07,1.84,137.09,252.25,Expired
W00000096,R018,M0005,2025-12-14,0.99,169.07,167.38,Damaged
W00000097,R007,M0106,2026-08-04,1.43,440.79,630.33,Damaged
W00000098,R012,M0069,2025-10-01,2.99,636.72,1903.79,Overproduction
W00000099,R007,M0086,2025-11-22,6.68,946.48,6322.49,Expired
W00000100,R023,M0086,2026-08-28,0.74,946.48,700.4,Overproduction
W00000101,R018,M0090,2025-06-25,3.96,460.77,1824.65,Preparation Error
W00000102,R024,M0068,2026-06-25,4.29,521.07,2235.39,Preparation Error
W00000103,R019,M0200,2026-07-06,3.05,535.72,1633.95,Expired
W00000104,R010,M0138,2026-04-16,1.24,334.39,414.64,Expired
W00000105,R005,M0106,2026-07-14,0.95,440.79,418.75,Expired
W00000106,R019,M0043,2025-10-03,1.94,696.72,1351.64,Unsold
W00000107,R013,M0124,2025-09-04,1.26,518.32,653.08,Preparation Error
W00000108,R018,M0109,2026-06-20,3.98,729.46,2903.25,Damaged
W00000109,R021,M0118,2026-06-20,3.67,791.92,2906.35,Unsold
W00000110,R016,M0161,2026-06-13,1.65,250.49,413.31,Unsold
W00000111,R017,M0200,2026-03-20,1.2,535.72,642.86,Unsold
W00000112,R004,M0069,2025-04-05,1.62,636.72,1031.49,Expired
W00000113,R008,M0143,2026-08-05,3.67,348.4,1278.63,Expired
W00000114,R004,M0136,2025-11-02,1.9,369.27,701.61,Unsold
W00000115,R006,M0085,2025-08-09,2.29,817.96,1873.13,Preparation Error
W00000116,R025,M0089,2026-05-03,3.12,440.09,1373.08,Unsold
W00000117,R024,M0137,2025-08-21,0.41,733.63,300.79,Overproduction
W00000118,R015,M0018,2025-03-16,1.88,494.18,929.06,Preparation Error
W00000119,R016,M0058,2025-07-03,2.96,581.97,1722.63,Overproduction
W00000120,R009,M0141,2025-06-05,2.25,621.94,1399.37,Overproduction
W00000121,R016,M0193,2025-05-10,4.71,256.22,1206.8,Unsold
W00000122,R007,M0116,2025-05-17,3.58,177.12,634.09,Overproduction
W00000123,R009,M0184,2025-11-24,1.06,491.4,520.88,Overproduction
W00000124,R023,M0091,2026-07-28,2.66,213.29,567.35,Expired
W00000125,R001,M0043,2025-10-01,2.52,696.72,1755.73,Overproduction
W00000126,R009,M0088,2026-04-10,3.71,654.65,2428.75,Overproduction
W00000127,R023,M0139,2025-12-17,3.43,856.22,2936.83,Damaged
W00000128,R022,M0013,2025-03-15,2.06,921.08,1897.42,Preparation Error
W00000129,R001,M0154,2026-03-25,0.14,914.99,128.1,Unsold
W00000130,R014,M0077,2026-07-18,2.6,785.37,2041.96,Overproduction
W00000131,R018,M0097,2025-05-13,1.16,174.21,202.08,Expired
W00000132,R024,M0200,2026-05-11,1.76,535.72,942.87,Preparation Error
W00000133,R009,M0151,2026-07-19,0.4,341.16,136.46,Preparation Error
W00000134,R006,M0183,2025-12-26,2.38,328.19,781.09,Expired
W00000135,R004,M0187,2026-06-22,3.79,460.73,1746.17,Overproduction
W00000136,R002,M0141,2026-02-07,0.43,621.94,267.43,Expired
W00000137,R005,M0021,2025-03-25,1.9,557.08,1058.45,Preparation Error
W00000138,R010,M0145,2025-08-03,1.22,977.33,1192.34,Overproduction
W00000139,R005,M0042,2026-07-08,7.18,694.45,4986.15,Unsold
W00000140,R016,M0099,2026-07-23,6.33,301.68,1909.63,Damaged
W00000141,R006,M0174,2026-05-07,1.17,292.77,342.54,Preparation Error
W00000142,R006,M0033,2026-05-11,0.33,163.52,53.96,Overproduction
W00000143,R023,M0092,2025-12-27,1.5,487.83,731.74,Damaged
W00000144,R023,M0003,2026-02-21,0.59,579.28,341.78,Expired
W00000145,R009,M0041,2026-05-12,0.3,758.88,227.66,Damaged
W00000146,R018,M0168,2025-12-10,0.98,792.01,776.17,Expired
W00000147,R011,M0091,2025-07-28,0.39,213.29,83.18,Unsold
W00000148,R017,M0097,2025-05-14,0.78,174.21,135.88,Expired
W00000149,R016,M0128,2026-05-26,3.08,642.5,1978.9,Expired
W00000150,R012,M0164,2026-06-24,0.23,606.17,139.42,Preparation Error
W00000151,R019,M0024,2026-04-22,8.27,347.58,2874.49,Overproduction
W00000152,R022,M0080,2025-08-11,5.06,508.12,2571.09,Unsold
W00000153,R022,M0181,2025-03-21,2.5,134.21,335.52,Expired
W00000154,R005,M0075,2026-01-28,4.54,607.52,2758.14,Preparation Error
W00000155,R014,M0022,2026-07-03,1.77,650.34,1151.1,Preparation Error
W00000156,R024,M0060,2026-08-13,6.42,508.88,3267.01,Overproduction
W00000157,R011,M0052,2026-04-12,1.53,414.2,633.73,Expired
W00000158,R006,M0033,2025-12-04,1.29,163.52,210.94,Overproduction
W00000159,R005,M0038,2025-03-10,2.58,680.0,1754.4,Overproduction
W00000160,R001,M0198,2025-06-26,2.94,297.56,874.83,Preparation Error
W00000161,R018,M0132,2026-05-07,1.85,735.98,1361.56,Damaged
W00000162,R024,M0140,2025-03-04,3.56,931.79,3317.17,Overproduction
W00000163,R003,M0125,2025-06-09,3.51,133.81,469.67,Expired
W00000164,R010,M0166,2025-10-09,0.32,134.03,42.89,Unsold
W00000165,R007,M0064,2025-04-26,0.63,152.24,95.91,Damaged
W00000166,R015,M0020,2026-08-09,11.23,461.33,5180.74,Unsold
W00000167,R010,M0127,2025-12-19,0.69,426.76,294.46,Expired
W00000168,R022,M0040,2025-07-13,2.44,183.21,447.03,Expired
W00000169,R025,M0008,2026-05-28,3.23,415.8,1343.03,Overproduction
W00000170,R025,M0158,2025-04-19,0.43,328.15,141.1,Overproduction
W00000171,R007,M0008,2026-05-02,2.81,415.8,1168.4,Overproduction
W00000172,R010,M0125,2025-05-08,0.26,133.81,34.79,Preparation Error
W00000173,R013,M0119,2025-10-02,3.18,112.0,356.16,Overproduction
W00000174,R017,M0015,2025-11-03,0.39,930.59,362.93,Overproduction
W00000175,R021,M0193,2025-12-14,3.15,256.22,807.09,Overproduction
W00000176,R004,M0018,2026-02-25,2.33,494.18,1151.44,Overproduction
W00000177,R024,M0163,2025-03-18,1.49,584.89,871.49,Expired
W00000178,R008,M0189,2026-03-23,2.14,750.33,1605.71,Preparation Error
W00000179,R010,M0185,2026-02-22,1.47,820.17,1205.65,Overproduction
W00000180,R025,M0025,2026-02-21,0.54,161.15,87.02,Overproduction
W00000181,R005,M0013,2026-01-31,1.12,921.08,1031.61,Unsold
W00000182,R021,M0191,2026-04-20,0.05,511.69,25.58,Overproduction
W00000183,R025,M0162,2026-03-02,0.55,150.66,82.86,Damaged
W00000184,R005,M0113,2026-08-19,1.09,450.35,490.88,Damaged
W00000185,R024,M0073,2026-05-01,1.47,190.44,279.95,Damaged
W00000186,R010,M0055,2025-12-15,1.68,548.01,920.66,Overproduction
W00000187,R007,M0013,2026-05-26,3.18,921.08,2929.03,Damaged
W00000188,R007,M0118,2025-12-23,0.63,791.92,498.91,Unsold
W00000189,R002,M0053,2025-10-02,1.34,875.76,1173.52,Damaged
W00000190,R005,M0015,2025-09-14,1.05,930.59,977.12,Overproduction
W00000191,R003,M0060,2026-03-13,1.03,508.88,524.15,Expired
W00000192,R004,M0101,2026-08-16,3.03,299.61,907.82,Overproduction
W00000193,R004,M0093,2025-03-08,0.54,532.84,287.73,Unsold
W00000194,R025,M0029,2025-03-17,0.59,403.62,238.14,Damaged
W00000195,R005,M0141,2026-07-08,1.39,621.94,864.5,Unsold
W00000196,R002,M0175,2026-01-05,2.07,276.79,572.96,Expired
W00000197,R003,M0020,2025-07-17,1.43,461.33,659.7,Expired
W00000198,R006,M0179,2025-07-29,4.95,703.55,3482.57,Overproduction
W00000199,R007,M0145,2026-02-27,1.95,977.33,1905.79,Unsold
W00000200,R011,M0146,2025-05-08,2.79,141.24,394.06,Expired
W00000201,R025,M0042,2026-04-08,2.11,694.45,1465.29,Preparation Error
W00000202,R023,M0070,2026-03-20,1.32,897.78,1185.07,Preparation Error
W00000203,R010,M0033,2026-08-14,1.92,163.52,313.96,Expired
W00000204,R021,M0088,2025-09-09,3.37,654.65,2206.17,Unsold
W00000205,R008,M0167,2025-11-28,4.22,277.28,1170.12,Preparation Error
W00000206,R008,M0145,2025-10-17,1.03,977.33,1006.65,Overproduction
W00000207,R008,M0002,2026-04-08,0.6,252.09,151.25,Unsold
W00000208,R005,M0169,2026-07-31,1.45,712.18,1032.66,Overproduction
W00000209,R018,M0132,2026-03-23,0.96,735.98,706.54,Overproduction
W00000210,R011,M0172,2025-12-26,1.76,984.75,1733.16,Overproduction
W00000211,R008,M0149,2025-09-10,0.33,487.64,160.92,Preparation Error
W00000212,R019,M0173,2026-03-22,0.78,636.4,496.39,Unsold
W00000213,R004,M0183,2026-01-03,3.22,328.19,1056.77,Overproduction
W00000214,R012,M0116,2025-08-08,2.1,177.12,371.95,Overproduction
W00000215,R020,M0121,2026-04-20,5.99,763.44,4573.01,Unsold
W00000216,R010,M0196,2026-07-15,1.18,799.62,943.55,Preparation Error
W00000217,R003,M0161,2026-04-27,1.34,250.49,335.66,Overproduction
W00000218,R013,M0099,2025-05-29,0.35,301.68,105.59,Overproduction
W00000219,R014,M0096,2026-06-12,3.18,429.01,1364.25,Overproduction
W00000220,R024,M0182,2026-08-04,2.22,610.24,1354.73,Expired
W00000221,R006,M0043,2025-07-01,0.28,696.72,195.08,Overproduction
W00000222,R001,M0120,2025-05-17,6.15,1001.73,6160.64,Expired
W00000223,R017,M0059,2025-06-07,2.97,253.68,753.43,Preparation Error
W00000224,R017,M0104,2026-01-28,1.29,98.84,127.5,Unsold
W00000225,R002,M0043,2026-04-01,2.19,696.72,1525.82,Unsold
W00000226,R012,M0100,2025-12-27,2.41,892.5,2150.93,Preparation Error
W00000227,R020,M0008,2025-06-18,4.07,415.8,1692.31,Overproduction
W00000228,R012,M0064,2025-12-02,1.44,152.24,219.23,Damaged
W00000229,R017,M0193,2026-05-02,1.99,256.22,509.88,Unsold
W00000230,R020,M0036,2026-02-03,3.41,661.91,2257.11,Preparation Error
W00000231,R020,M0026,2025-10-09,3.07,216.51,664.69,Overproduction
W00000232,R001,M0015,2026-08-08,1.78,930.59,1656.45,Overproduction
W00000233,R010,M0069,2025-07-08,1.71,636.72,1088.79,Damaged
W00000234,R009,M0087,2025-11-20,1.67,849.18,1418.13,Expired
W00000235,R020,M0006,2026-07-02,0.52,882.22,458.75,Overproduction
W00000236,R014,M0079,2026-08-17,1.92,624.61,1199.25,Preparation Error
W00000237,R020,M0053,2026-04-08,2.99,875.76,2618.52,Expired
W00000238,R016,M0151,2025-11-12,0.3,341.16,102.35,Preparation Error
W00000239,R022,M0194,2025-07-14,1.71,635.41,1086.55,Expired
W00000240,R007,M0031,2026-07-28,7.76,646.64,5017.93,Unsold
W00000241,R002,M0057,2025-10-06,0.4,233.23,93.29,Unsold
W00000242,R022,M0099,2025-09-13,1.74,301.68,524.92,Overproduction
W00000243,R004,M0189,2026-02-16,2.17,750.33,1628.22,Preparation Error
W00000244,R017,M0179,2025-04-18,0.29,703.55,204.03,Expired
W00000245,R006,M0069,2026-02-14,0.62,636.72,394.77,Expired
W00000246,R012,M0023,2026-07-08,0.41,232.79,95.44,Expired
W00000247,R015,M0156,2026-01-13,1.82,495.27,901.39,Preparation Error
W00000248,R012,M0134,2026-05-12,1.86,410.76,764.01,Damaged
W00000249,R010,M0078,2025-11-23,2.11,712.53,1503.44,Overproduction
W00000250,R015,M0132,2026-05-18,3.08,735.98,2266.82,Preparation Error
W00000251,R006,M0096,2025-08-25,1.94,429.01,832.28,Preparation Error
W00000252,R019,M0153,2026-07-24,1.97,928.79,1829.72,Overproduction
W00000253,R010,M0156,2025-04-26,0.06,495.27,29.72,Expired
W00000254,R002,M0053,2026-03-07,2.54,875.76,2224.43,Overproduction
W00000255,R003,M0078,2026-02-14,5.8,712.53,4132.67,Damaged
W00000256,R004,M0014,2026-05-28,1.65,674.74,1113.32,Overproduction
W00000257,R011,M0101,2026-06-19,1.07,299.61,320.58,Overproduction
W00000258,R011,M0078,2026-07-11,1.43,712.53,1018.92,Preparation Error
W00000259,R002,M0097,2026-07-02,0.66,174.21,114.98,Preparation Error
W00000260,R025,M0042,2026-02-15,7.28,694.45,5055.6,Preparation Error
W00000261,R015,M0156,2025-04-22,4.73,495.27,2342.63,Unsold
W00000262,R015,M0167,2025-09-14,2.91,277.28,806.88,Overproduction
W00000263,R014,M0041,2025-07-03,1.57,758.88,1191.44,Unsold
W00000264,R010,M0071,2025-07-19,2.68,352.78,945.45,Expired
W00000265,R022,M0114,2025-09-30,1.8,372.54,670.57,Unsold
W00000266,R012,M0122,2025-04-01,1.86,238.78,444.13,Expired
W00000267,R005,M0187,2026-08-22,0.26,460.73,119.79,Preparation Error
W00000268,R016,M0019,2025-10-11,0.29,303.07,87.89,Damaged
W00000269,R023,M0032,2025-09-05,2.57,501.51,1288.88,Unsold
W00000270,R016,M0098,2025-11-12,4.21,593.5,2498.63,Expired
W00000271,R011,M0008,2025-08-25,4.42,415.8,1837.84,Unsold
W00000272,R007,M0031,2025-10-30,1.21,646.64,782.43,Overproduction
W00000273,R019,M0010,2025-05-21,3.15,239.03,752.94,Unsold
W00000274,R006,M0014,2026-03-07,5.45,674.74,3677.33,Overproduction
W00000275,R025,M0094,2025-11-09,0.32,297.18,95.1,Expired
W00000276,R005,M0155,2025-07-14,1.52,212.71,323.32,Expired
W00000277,R007,M0146,2026-07-16,1.77,141.24,249.99,Expired
W00000278,R011,M0047,2025-09-04,5.08,740.15,3759.96,Overproduction
W00000279,R021,M0180,2025-07-29,2.7,140.37,379.0,Preparation Error
W00000280,R019,M0074,2025-07-08,2.45,342.58,839.32,Overproduction
W00000281,R013,M0024,2025-04-15,0.37,347.58,128.6,Overproduction
W00000282,R009,M0188,2025-11-17,2.42,166.63,403.24,Unsold
W00000283,R021,M0032,2025-06-26,2.46,501.51,1233.71,Overproduction
W00000284,R011,M0185,2026-04-11,0.34,820.17,278.86,Unsold
W00000285,R001,M0138,2025-11-26,1.19,334.39,397.92,Expired
W00000286,R003,M0170,2025-09-10,0.42,372.38,156.4,Overproduction
W00000287,R019,M0135,2025-05-12,1.0,780.13,780.13,Expired
W00000288,R015,M0160,2025-10-05,1.6,751.95,1203.12,Unsold
W00000289,R010,M0096,2025-09-01,3.6,429.01,1544.44,Overproduction
W00000290,R017,M0192,2025-07-30,3.67,204.78,751.54,Overproduction
W00000291,R024,M0089,2025-07-26,1.73,440.09,761.36,Unsold
W00000292,R022,M0113,2025-04-26,1.03,450.35,463.86,Damaged
W00000293,R021,M0073,2025-07-01,1.11,190.44,211.39,Expired
W00000294,R010,M0151,2025-05-21,0.11,341.16,37.53,Overproduction
W00000295,R007,M0041,2025-04-05,0.9,758.88,682.99,Expired
W00000296,R006,M0196,2025-11-08,3.2,799.62,2558.78,Preparation Error
W00000297,R003,M0111,2026-04-16,1.1,170.58,187.64,Expired
W00000298,R004,M0050,2025-03-05,1.57,288.36,452.73,Preparation Error
W00000299,R004,M0073,2026-06-08,3.99,190.44,759.86,Expired
W00000300,R013,M0059,2026-01-29,1.77,253.68,449.01,Unsold
W00000301,R015,M0033,2025-09-25,3.9,163.52,637.73,Unsold
W00000302,R016,M0147,2025-06-01,0.82,522.91,428.79,Overproduction
W00000303,R017,M0060,2025-12-12,2.92,508.88,1485.93,Preparation Error
W00000304,R025,M0158,2026-05-13,4.15,328.15,1361.82,Unsold
W00000305,R022,M0032,2025-09-06,4.15,501.51,2081.27,Unsold
W00000306,R019,M0004,2025-08-31,2.12,697.23,1478.13,Unsold
W00000307,R024,M0068,2026-04-12,3.8,521.07,1980.07,Unsold
W00000308,R001,M0079,2026-06-02,1.35,624.61,843.22,Unsold
W00000309,R016,M0191,2026-08-22,0.34,511.69,173.97,Overproduction
W00000310,R002,M0071,2025-05-23,9.43,352.78,3326.72,Damaged
W00000311,R010,M0011,2025-06-23,1.5,554.21,831.32,Overproduction
W00000312,R017,M0190,2026-02-07,1.41,169.28,238.68,Preparation Error
W00000313,R005,M0178,2025-05-02,0.77,143.07,110.16,Overproduction
W00000314,R012,M0187,2025-04-12,3.97,460.73,1829.1,Preparation Error
W00000315,R025,M0088,2026-05-18,1.26,654.65,824.86,Overproduction
W00000316,R016,M0024,2025-04-21,3.27,347.58,1136.59,Expired
W00000317,R011,M0191,2026-08-25,1.36,511.69,695.9,Unsold
W00000318,R014,M0131,2025-07-25,1.19,538.05,640.28,Unsold
W00000319,R019,M0055,2025-07-12,1.69,548.01,926.14,Preparation Error
W00000320,R016,M0134,2025-10-18,0.58,410.76,238.24,Damaged
W00000321,R012,M0128,2025-09-01,6.85,642.5,4401.12,Damaged
W00000322,R009,M0031,2025-10-23,1.22,646.64,788.9,Overproduction
W00000323,R015,M0080,2025-11-15,2.3,508.12,1168.68,Overproduction
W00000324,R007,M0197,2026-08-21,4.0,162.77,651.08,Unsold
W00000325,R002,M0165,2026-03-24,0.3,198.22,59.47,Unsold
W00000326,R015,M0073,2025-04-07,0.39,190.44,74.27,Damaged
W00000327,R015,M0177,2025-07-24,1.48,112.66,166.74,Overproduction
W00000328,R007,M0086,2025-04-28,0.81,946.48,766.65,Unsold
W00000329,R018,M0136,2025-05-20,2.23,369.27,823.47,Expired
W00000330,R012,M0049,2025-10-30,1.08,668.69,722.19,Preparation Error
W00000331,R004,M0174,2026-01-13,0.69,292.77,202.01,Unsold
W00000332,R016,M0006,2025-11-24,0.93,882.22,820.46,Unsold
W00000333,R003,M0017,2025-07-16,0.92,371.46,341.74,Expired
W00000334,R015,M0001,2026-02-20,3.92,678.31,2658.98,Damaged
W00000335,R017,M0178,2025-07-13,2.95,143.07,422.06,Expired
W00000336,R024,M0147,2026-08-15,0.83,522.91,434.02,Expired
W00000337,R007,M0021,2025-08-08,0.17,557.08,94.7,Expired
W00000338,R006,M0103,2026-02-12,0.05,706.95,35.35,Expired
W00000339,R021,M0010,2025-04-17,1.96,239.03,468.5,Overproduction
W00000340,R008,M0080,2025-12-10,1.76,508.12,894.29,Overproduction
W00000341,R005,M0159,2025-08-15,0.38,620.51,235.79,Overproduction
W00000342,R001,M0158,2025-09-25,1.57,328.15,515.2,Preparation Error
W00000343,R014,M0089,2026-03-03,5.64,440.09,2482.11,Expired
W00000344,R009,M0179,2026-02-03,0.81,703.55,569.88,Overproduction
W00000345,R022,M0096,2025-12-22,2.63,429.01,1128.3,Overproduction
W00000346,R018,M0099,2026-03-17,2.52,301.68,760.23,Overproduction
W00000347,R017,M0094,2026-03-11,2.06,297.18,612.19,Damaged
W00000348,R001,M0131,2026-02-13,2.38,538.05,1280.56,Preparation Error
W00000349,R013,M0185,2025-08-11,0.21,820.17,172.24,Overproduction
W00000350,R003,M0092,2026-04-01,2.47,487.83,1204.94,Unsold
W00000351,R005,M0076,2025-03-02,6.56,300.5,1971.28,Overproduction
W00000352,R006,M0051,2025-12-20,1.38,428.66,591.55,Unsold
W00000353,R018,M0019,2026-07-10,0.76,303.07,230.33,Expired
W00000354,R008,M0021,2026-03-22,1.11,557.08,618.36,Unsold
W00000355,R019,M0003,2025-06-06,0.6,579.28,347.57,Overproduction
W00000356,R003,M0061,2026-06-17,0.9,445.8,401.22,Unsold
W00000357,R013,M0151,2026-07-06,1.3,341.16,443.51,Overproduction
W00000358,R023,M0025,2025-07-26,1.39,161.15,224.0,Overproduction
W00000359,R012,M0156,2025-04-25,3.18,495.27,1574.96,Expired
W00000360,R015,M0102,2026-01-31,3.56,196.04,697.9,Preparation Error
W00000361,R019,M0129,2025-09-13,1.23,905.34,1113.57,Overproduction
W00000362,R022,M0014,2025-06-09,2.16,674.74,1457.44,Overproduction
W00000363,R025,M0101,2026-01-13,2.37,299.61,710.08,Expired
W00000364,R012,M0141,2026-01-01,4.41,621.94,2742.76,Overproduction
W00000365,R011,M0015,2025-08-11,2.29,930.59,2131.05,Preparation Error
W00000366,R017,M0119,2026-07-19,2.89,112.0,323.68,Expired
W00000367,R017,M0026,2025-03-02,6.95,216.51,1504.74,Overproduction
W00000368,R004,M0126,2025-10-04,2.93,532.47,1560.14,Overproduction
W00000369,R018,M0055,2025-10-18,0.87,548.01,476.77,Unsold
W00000370,R016,M0110,2026-05-18,2.39,709.97,1696.83,Expired
W00000371,R010,M0118,2026-02-06,0.82,791.92,649.37,Expired
W00000372,R022,M0028,2026-04-30,2.07,529.37,1095.8,Expired
W00000373,R021,M0004,2025-06-01,3.64,697.23,2537.92,Overproduction
W00000374,R013,M0056,2025-11-07,2.16,116.93,252.57,Expired
W00000375,R018,M0038,2025-08-13,3.11,680.0,2114.8,Preparation Error
W00000376,R009,M0111,2025-08-26,0.85,170.58,144.99,Overproduction
W00000377,R016,M0022,2025-08-16,4.18,650.34,2718.42,Overproduction
W00000378,R022,M0174,2025-10-05,3.88,292.77,1135.95,Overproduction
W00000379,R019,M0102,2025-04-09,3.34,196.04,654.77,Expired
W00000380,R009,M0155,2026-05-17,2.33,212.71,495.61,Unsold
W00000381,R002,M0153,2025-10-04,5.45,928.79,5061.91,Unsold
W00000382,R009,M0166,2026-04-04,0.59,134.03,79.08,Overproduction
W00000383,R017,M0017,2025-08-09,0.84,371.46,312.03,Expired
W00000384,R024,M0060,2026-08-03,2.9,508.88,1475.75,Unsold
W00000385,R015,M0165,2026-03-06,1.4,198.22,277.51,Expired
W00000386,R009,M0013,2025-11-24,4.87,921.08,4485.66,Unsold
W00000387,R006,M0027,2025-08-10,2.89,486.67,1406.48,Damaged
W00000388,R010,M0034,2025-11-04,2.26,547.89,1238.23,Overproduction
W00000389,R010,M0146,2026-04-22,1.47,141.24,207.62,Unsold
W00000390,R024,M0025,2025-07-29,2.74,161.15,441.55,Unsold
W00000391,R009,M0079,2026-05-29,0.81,624.61,505.93,Overproduction
W00000392,R004,M0157,2026-03-31,3.55,524.15,1860.73,Preparation Error
W00000393,R016,M0135,2025-03-02,0.33,780.13,257.44,Overproduction
W00000394,R001,M0022,2025-07-17,1.13,650.34,734.88,Unsold
W00000395,R003,M0119,2025-08-22,1.57,112.0,175.84,Preparation Error
W00000396,R011,M0178,2025-04-02,2.95,143.07,422.06,Overproduction
W00000397,R013,M0030,2026-08-29,1.68,137.09,230.31,Overproduction
W00000398,R016,M0151,2026-05-05,0.45,341.16,153.52,Unsold
W00000399,R021,M0107,2026-08-02,0.3,132.35,39.7,Unsold
W00000400,R021,M0197,2025-03-03,1.68,162.77,273.45,Expired
W00000401,R017,M0166,2026-03-09,1.52,134.03,203.73,Overproduction
W00000402,R013,M0072,2025-08-20,2.02,553.84,1118.76,Overproduction
W00000403,R024,M0196,2026-01-09,0.68,799.62,543.74,Overproduction
W00000404,R022,M0081,2026-03-19,1.07,405.84,434.25,Overproduction
W00000405,R022,M0190,2026-04-11,0.41,169.28,69.4,Expired
W00000406,R015,M0027,2025-07-18,0.26,486.67,126.53,Unsold
W00000407,R017,M0118,2025-03-23,1.31,791.92,1037.42,Unsold
W00000408,R018,M0186,2025-11-11,2.49,748.0,1862.52,Damaged
W00000409,R021,M0176,2025-06-19,2.54,882.63,2241.88,Overproduction
W00000410,R002,M0179,2026-03-15,8.65,703.55,6085.71,Expired
W00000411,R010,M0020,2025-09-06,2.04,461.33,941.11,Overproduction
W00000412,R024,M0080,2025-03-18,2.74,508.12,1392.25,Unsold
W00000413,R023,M0113,2026-06-08,0.73,450.35,328.76,Unsold
W00000414,R005,M0165,2025-12-30,1.73,198.22,342.92,Unsold
W00000415,R020,M0023,2026-02-22,1.57,232.79,365.48,Expired
W00000416,R016,M0089,2025-06-24,5.25,440.09,2310.47,Overproduction
W00000417,R008,M0088,2025-09-14,1.47,654.65,962.34,Overproduction
W00000418,R001,M0050,2025-12-21,2.07,288.36,596.91,Overproduction
W00000419,R010,M0151,2026-04-10,1.29,341.16,440.1,Expired
W00000420,R019,M0007,2026-03-04,4.9,633.58,3104.54,Expired
W00000421,R001,M0032,2026-07-26,0.06,501.51,30.09,Overproduction
W00000422,R012,M0190,2025-12-22,0.91,169.28,154.04,Preparation Error
W00000423,R010,M0040,2025-04-18,1.29,183.21,236.34,Unsold
W00000424,R014,M0087,2025-11-22,0.87,849.18,738.79,Damaged
W00000425,R019,M0176,2026-03-05,7.9,882.63,6972.78,Overproduction
W00000426,R007,M0174,2025-10-09,4.11,292.77,1203.28,Preparation Error
W00000427,R013,M0078,2026-03-25,1.12,712.53,798.03,Expired
W00000428,R022,M0098,2025-04-26,3.27,593.5,1940.74,Preparation Error
W00000429,R003,M0080,2026-06-21,3.22,508.12,1636.15,Overproduction
W00000430,R018,M0171,2025-09-07,1.31,859.53,1125.98,Unsold
W00000431,R009,M0144,2025-06-20,0.53,299.48,158.72,Preparation Error
W00000432,R022,M0049,2025-09-20,1.98,668.69,1324.01,Overproduction
W00000433,R010,M0026,2026-01-12,3.99,216.51,863.87,Preparation Error
W00000434,R024,M0188,2026-07-16,1.6,166.63,266.61,Expired
W00000435,R005,M0109,2025-07-12,0.91,729.46,663.81,Unsold
W00000436,R020,M0081,2025-05-06,2.95,405.84,1197.23,Preparation Error
W00000437,R014,M0158,2026-07-12,2.02,328.15,662.86,Expired
W00000438,R002,M0034,2025-05-16,1.73,547.89,947.85,Overproduction
W00000439,R007,M0053,2026-08-13,4.55,875.76,3984.71,Damaged
W00000440,R008,M0101,2026-06-04,2.46,299.61,737.04,Expired
W00000441,R009,M0189,2025-07-14,1.99,750.33,1493.16,Unsold
W00000442,R013,M0144,2026-01-08,0.7,299.48,209.64,Overproduction
W00000443,R016,M0040,2026-05-11,1.03,183.21,188.71,Unsold
W00000444,R005,M0115,2025-08-04,0.68,646.44,439.58,Preparation Error
W00000445,R013,M0129,2025-10-03,5.93,905.34,5368.67,Preparation Error
W00000446,R009,M0063,2026-08-06,1.02,533.01,543.67,Expired
W00000447,R006,M0077,2025-05-12,2.33,785.37,1829.91,Unsold
W00000448,R004,M0196,2025-04-29,2.14,799.62,1711.19,Expired
W00000449,R008,M0180,2026-01-31,3.67,140.37,515.16,Expired
W00000450,R004,M0042,2025-06-02,2.02,694.45,1402.79,Expired
W00000451,R010,M0014,2026-08-11,2.14,674.74,1443.94,Preparation Error
W00000452,R021,M0003,2025-11-20,4.21,579.28,2438.77,Unsold
W00000453,R007,M0030,2025-11-06,2.87,137.09,393.45,Damaged
W00000454,R011,M0131,2025-05-09,0.46,538.05,247.5,Overproduction
W00000455,R005,M0048,2025-06-26,0.75,969.45,727.09,Preparation Error
W00000456,R002,M0045,2025-11-13,0.49,503.33,246.63,Expired
W00000457,R021,M0185,2025-03-26,0.86,820.17,705.35,Expired
W00000458,R015,M0024,2026-04-25,1.29,347.58,448.38,Preparation Error
W00000459,R017,M0078,2026-01-05,1.34,712.53,954.79,Unsold
W00000460,R007,M0091,2026-08-16,4.01,213.29,855.29,Overproduction
W00000461,R021,M0066,2026-06-18,0.88,305.74,269.05,Damaged
W00000462,R015,M0104,2026-06-23,2.48,98.84,245.12,Expired
W00000463,R007,M0017,2025-05-11,2.45,371.46,910.08,Expired
W00000464,R017,M0111,2025-10-25,1.01,170.58,172.29,Overproduction
W00000465,R015,M0021,2025-04-28,0.68,557.08,378.81,Expired
W00000466,R012,M0030,2025-10-28,1.98,137.09,271.44,Expired
W00000467,R018,M0017,2025-10-04,0.5,371.46,185.73,Unsold
W00000468,R001,M0191,2025-08-26,1.44,511.69,736.83,Unsold
W00000469,R012,M0047,2025-03-25,0.65,740.15,481.1,Unsold
W00000470,R005,M0006,2026-01-06,3.42,882.22,3017.19,Preparation Error
W00000471,R017,M0175,2025-06-08,2.08,276.79,575.72,Unsold
W00000472,R008,M0004,2025-11-15,1.15,697.23,801.81,Damaged
W00000473,R018,M0137,2026-01-26,1.13,733.63,829.0,Expired
W00000474,R013,M0180,2026-06-09,1.73,140.37,242.84,Overproduction
W00000475,R017,M0186,2026-07-10,0.74,748.0,553.52,Preparation Error
W00000476,R008,M0077,2025-03-17,2.84,785.37,2230.45,Overproduction
W00000477,R005,M0165,2026-03-17,3.9,198.22,773.06,Expired
W00000478,R012,M0045,2025-06-24,0.92,503.33,463.06,Unsold
W00000479,R007,M0109,2026-08-06,0.42,729.46,306.37,Preparation Error
W00000480,R006,M0032,2025-04-15,1.41,501.51,707.13,Damaged
W00000481,R006,M0100,2026-08-01,1.64,892.5,1463.7,Unsold
W00000482,R012,M0108,2026-07-29,2.24,244.67,548.06,Expired
W00000483,R013,M0008,2026-02-04,1.89,415.8,785.86,Damaged
W00000484,R020,M0114,2026-04-12,8.73,372.54,3252.27,Overproduction
W00000485,R011,M0182,2026-03-14,2.61,610.24,1592.73,Expired
W00000486,R022,M0156,2025-08-17,2.73,495.27,1352.09,Unsold
W00000487,R019,M0185,2026-03-18,2.83,820.17,2321.08,Overproduction
W00000488,R016,M0106,2025-05-11,1.63,440.79,718.49,Damaged
W00000489,R025,M0038,2026-08-12,1.99,680.0,1353.2,Expired
W00000490,R019,M0128,2025-07-11,0.61,642.5,391.92,Damaged
W00000491,R005,M0154,2025-04-10,2.24,914.99,2049.58,Unsold
W00000492,R015,M0015,2025-10-10,2.05,930.59,1907.71,Expired
W00000493,R014,M0007,2026-03-11,0.61,633.58,386.48,Overproduction
W00000494,R004,M0164,2025-12-10,0.69,606.17,418.26,Overproduction
W00000495,R011,M0097,2025-10-05,1.11,174.21,193.37,Unsold
W00000496,R010,M0184,2026-08-21,3.67,491.4,1803.44,Overproduction
W00000497,R013,M0095,2025-09-24,1.08,133.34,144.01,Damaged
W00000498,R015,M0121,2025-07-20,3.19,763.44,2435.37,Preparation Error
W00000499,R001,M0126,2025-05-28,1.83,532.47,974.42,Unsold
W00000500,R010,M0062,2026-03-07,3.05,569.95,1738.35,Expired
W00000501,R004,M0122,2025-04-24,2.63,238.78,627.99,Preparation Error
W00000502,R013,M0045,2026-02-12,1.31,503.33,659.36,Preparation Error
W00000503,R005,M0164,2025-10-12,0.3,606.17,181.85,Preparation Error
W00000504,R020,M0114,2025-03-13,7.65,372.54,2849.93,Expired
W00000505,R003,M0187,2025-03-13,1.61,460.73,741.78,Expired
W00000506,R013,M0011,2025-09-20,1.03,554.21,570.84,Overproduction
W00000507,R015,M0125,2026-07-23,1.57,133.81,210.08,Unsold
W00000508,R006,M0128,2026-08-26,2.57,642.5,1651.22,Overproduction
W00000509,R006,M0085,2026-08-21,2.52,817.96,2061.26,Preparation Error
W00000510,R006,M0077,2025-09-14,2.06,785.37,1617.86,Preparation Error
W00000511,R020,M0014,2026-03-08,1.88,674.74,1268.51,Damaged
W00000512,R013,M0188,2025-09-21,3.28,166.63,546.55,Overproduction
W00000513,R009,M0072,2026-07-14,2.36,553.84,1307.06,Unsold
W00000514,R008,M0023,2025-05-05,1.47,232.79,342.2,Unsold
W00000515,R020,M0026,2025-07-05,4.14,216.51,896.35,Overproduction
W00000516,R014,M0120,2025-12-02,4.15,1001.73,4157.18,Unsold
W00000517,R013,M0140,2026-01-24,0.73,931.79,680.21,Overproduction
W00000518,R007,M0086,2026-03-11,4.35,946.48,4117.19,Preparation Error
W00000519,R017,M0071,2026-01-02,3.59,352.78,1266.48,Overproduction
W00000520,R018,M0180,2026-03-12,0.56,140.37,78.61,Unsold
W00000521,R015,M0192,2026-06-04,0.77,204.78,157.68,Unsold
W00000522,R014,M0191,2025-07-20,2.27,511.69,1161.54,Expired
W00000523,R004,M0052,2025-05-15,1.54,414.2,637.87,Expired
W00000524,R003,M0009,2026-01-08,0.64,971.17,621.55,Damaged
W00000525,R005,M0168,2026-03-22,0.58,792.01,459.37,Unsold
W00000526,R018,M0050,2026-04-10,0.5,288.36,144.18,Expired
W00000527,R011,M0161,2025-07-12,2.0,250.49,500.98,Expired
W00000528,R012,M0137,2026-07-20,3.46,733.63,2538.36,Damaged
W00000529,R021,M0046,2026-07-29,3.25,667.02,2167.82,Unsold
W00000530,R001,M0115,2025-11-14,1.73,646.44,1118.34,Overproduction
W00000531,R018,M0128,2026-02-12,5.02,642.5,3225.35,Overproduction
W00000532,R006,M0151,2025-12-24,2.63,341.16,897.25,Damaged
W00000533,R015,M0112,2026-01-13,3.17,226.87,719.18,Unsold
W00000534,R008,M0169,2026-08-01,0.76,712.18,541.26,Expired
W00000535,R018,M0158,2025-10-24,3.86,328.15,1266.66,Unsold
W00000536,R010,M0123,2025-10-19,4.0,325.6,1302.4,Unsold
W00000537,R015,M0032,2026-08-25,2.55,501.51,1278.85,Preparation Error
W00000538,R024,M0167,2025-07-05,0.98,277.28,271.73,Unsold
W00000539,R016,M0143,2026-01-08,0.48,348.4,167.23,Overproduction
W00000540,R007,M0022,2025-06-28,2.3,650.34,1495.78,Expired
W00000541,R008,M0143,2025-11-05,0.62,348.4,216.01,Damaged
W00000542,R011,M0156,2025-07-27,6.43,495.27,3184.59,Expired
W00000543,R012,M0167,2025-06-15,2.32,277.28,643.29,Unsold
W00000544,R010,M0171,2025-09-26,0.51,859.53,438.36,Damaged
W00000545,R021,M0142,2025-08-21,1.51,392.03,591.97,Preparation Error
W00000546,R022,M0119,2025-07-06,3.68,112.0,412.16,Preparation Error
W00000547,R008,M0056,2025-06-17,0.94,116.93,109.91,Preparation Error
W00000548,R007,M0200,2026-06-04,8.37,535.72,4483.98,Unsold
W00000549,R015,M0025,2026-01-26,1.37,161.15,220.78,Expired
W00000550,R004,M0082,2025-04-02,2.13,219.55,467.64,Unsold
W00000551,R011,M0152,2025-09-28,1.23,282.47,347.44,Overproduction
W00000552,R007,M0118,2025-08-11,1.33,791.92,1053.25,Preparation Error
W00000553,R003,M0101,2026-05-25,0.34,299.61,101.87,Unsold
W00000554,R021,M0036,2025-04-11,2.51,661.91,1661.39,Expired
W00000555,R007,M0048,2025-10-31,3.43,969.45,3325.21,Expired
W00000556,R009,M0064,2025-03-02,3.54,152.24,538.93,Damaged
W00000557,R007,M0015,2025-03-29,4.64,930.59,4317.94,Overproduction
W00000558,R014,M0085,2025-06-05,1.31,817.96,1071.53,Overproduction
W00000559,R016,M0049,2026-08-26,3.58,668.69,2393.91,Unsold
W00000560,R007,M0178,2026-07-09,1.28,143.07,183.13,Expired
W00000561,R003,M0133,2025-11-23,4.57,587.42,2684.51,Overproduction
W00000562,R015,M0036,2025-05-19,0.93,661.91,615.58,Damaged
W00000563,R003,M0153,2025-08-06,0.45,928.79,417.96,Overproduction
W00000564,R023,M0154,2026-03-03,4.84,914.99,4428.55,Overproduction
W00000565,R002,M0071,2025-12-27,0.66,352.78,232.83,Overproduction
W00000566,R001,M0012,2026-08-11,1.26,236.57,298.08,Overproduction
W00000567,R015,M0054,2026-01-23,0.74,689.43,510.18,Overproduction
W00000568,R019,M0077,2025-09-15,2.98,785.37,2340.4,Preparation Error
W00000569,R015,M0091,2025-06-15,0.83,213.29,177.03,Unsold
W00000570,R006,M0019,2026-05-13,0.54,303.07,163.66,Damaged
W00000571,R009,M0059,2026-01-19,2.16,253.68,547.95,Expired
W00000572,R013,M0015,2026-06-03,4.11,930.59,3824.72,Expired
W00000573,R018,M0008,2025-11-01,0.96,415.8,399.17,Preparation Error
W00000574,R011,M0120,2025-06-21,3.68,1001.73,3686.37,Overproduction
W00000575,R020,M0178,2026-04-17,0.54,143.07,77.26,Expired
W00000576,R013,M0121,2026-06-18,1.68,763.44,1282.58,Overproduction
W00000577,R024,M0103,2025-05-06,1.56,706.95,1102.84,Damaged
W00000578,R008,M0170,2026-04-02,3.09,372.38,1150.65,Expired
W00000579,R013,M0096,2025-10-24,6.04,429.01,2591.22,Overproduction
W00000580,R003,M0061,2025-07-06,3.82,445.8,1702.96,Unsold
W00000581,R013,M0003,2025-09-28,8.74,579.28,5062.91,Overproduction
W00000582,R023,M0108,2025-03-11,1.91,244.67,467.32,Expired
W00000583,R001,M0051,2026-06-05,4.48,428.66,1920.4,Overproduction
W00000584,R019,M0085,2026-04-28,0.84,817.96,687.09,Expired
W00000585,R004,M0122,2026-06-23,2.51,238.78,599.34,Unsold
W00000586,R025,M0034,2025-10-26,1.08,547.89,591.72,Expired
W00000587,R017,M0149,2025-11-21,0.61,487.64,297.46,Preparation Error
W00000588,R023,M0148,2025-04-28,3.08,489.73,1508.37,Overproduction
W00000589,R003,M0178,2026-06-19,0.54,143.07,77.26,Overproduction
W00000590,R020,M0199,2025-03-05,2.68,227.4,609.43,Damaged
W00000591,R016,M0088,2026-05-31,1.82,654.65,1191.46,Unsold
W00000592,R018,M0116,2025-07-12,0.14,177.12,24.8,Preparation Error
W00000593,R025,M0147,2025-04-11,2.62,522.91,1370.02,Expired
W00000594,R002,M0169,2026-04-20,3.28,712.18,2335.95,Unsold
W00000595,R020,M0179,2025-07-07,1.63,703.55,1146.79,Expired
W00000596,R023,M0063,2025-06-13,1.27,533.01,676.92,Overproduction
W00000597,R020,M0187,2025-04-16,3.88,460.73,1787.63,Expired
W00000598,R008,M0110,2026-05-09,2.02,709.97,1434.14,Unsold
W00000599,R022,M0172,2025-11-15,0.87,984.75,856.73,Overproduction
W00000600,R010,M0070,2025-08-28,0.52,897.78,466.85,Expired
W00000601,R012,M0055,2026-04-16,1.14,548.01,624.73,Damaged
W00000602,R015,M0022,2025-07-13,2.56,650.34,1664.87,Unsold
W00000603,R004,M0031,2025-03-02,2.93,646.64,1894.66,Expired
W00000604,R013,M0122,2026-07-25,1.77,238.78,422.64,Overproduction
W00000605,R002,M0200,2026-03-03,4.42,535.72,2367.88,Overproduction
W00000606,R014,M0165,2026-08-10,4.96,198.22,983.17,Unsold
W00000607,R001,M0017,2026-02-11,1.43,371.46,531.19,Overproduction
W00000608,R007,M0049,2026-03-01,5.02,668.69,3356.82,Expired
W00000609,R016,M0122,2025-07-09,3.54,238.78,845.28,Expired
W00000610,R008,M0180,2026-05-07,1.62,140.37,227.4,Preparation Error
W00000611,R005,M0195,2026-04-04,0.69,97.47,67.25,Expired
W00000612,R018,M0127,2026-08-13,3.87,426.76,1651.56,Unsold
W00000613,R021,M0030,2026-04-22,3.14,137.09,430.46,Overproduction
W00000614,R008,M0083,2025-03-06,0.86,199.0,171.14,Damaged
W00000615,R007,M0161,2025-07-06,1.75,250.49,438.36,Damaged
W00000616,R011,M0117,2026-08-18,0.73,652.7,476.47,Expired
W00000617,R007,M0018,2026-06-06,2.17,494.18,1072.37,Preparation Error
W00000618,R007,M0053,2026-04-25,1.63,875.76,1427.49,Preparation Error
W00000619,R015,M0181,2025-06-11,2.67,134.21,358.34,Expired
W00000620,R006,M0008,2025-06-09,3.32,415.8,1380.46,Overproduction
W00000621,R004,M0065,2026-05-03,5.53,442.03,2444.43,Unsold
W00000622,R006,M0023,2025-12-22,1.77,232.79,412.04,Expired
W00000623,R010,M0003,2025-03-09,1.83,579.28,1060.08,Expired
W00000624,R010,M0032,2026-04-18,2.9,501.51,1454.38,Unsold
W00000625,R012,M0084,2025-05-19,1.47,797.35,1172.1,Expired
W00000626,R010,M0187,2026-04-25,3.85,460.73,1773.81,Unsold
W00000627,R003,M0168,2025-05-13,3.12,792.01,2471.07,Expired
W00000628,R012,M0183,2026-06-24,4.15,328.19,1361.99,Expired
W00000629,R015,M0069,2025-11-13,0.57,636.72,362.93,Expired
W00000630,R001,M0095,2025-06-19,2.35,133.34,313.35,Expired
W00000631,R011,M0087,2026-07-02,5.96,849.18,5061.11,Overproduction
W00000632,R008,M0158,2025-11-04,1.58,328.15,518.48,Damaged
W00000633,R002,M0006,2025-07-31,1.36,882.22,1199.82,Unsold
W00000634,R016,M0035,2025-05-02,3.23,552.77,1785.45,Unsold
W00000635,R011,M0144,2026-05-16,2.16,299.48,646.88,Preparation Error
W00000636,R005,M0184,2025-05-08,1.32,491.4,648.65,Overproduction
W00000637,R024,M0076,2026-05-20,1.42,300.5,426.71,Expired
W00000638,R006,M0036,2025-07-14,0.89,661.91,589.1,Preparation Error
W00000639,R008,M0143,2025-12-25,0.48,348.4,167.23,Unsold
W00000640,R017,M0195,2026-02-01,0.9,97.47,87.72,Damaged
W00000641,R001,M0187,2026-06-20,2.61,460.73,1202.51,Overproduction
W00000642,R022,M0081,2026-07-08,1.24,405.84,503.24,Damaged
W00000643,R023,M0102,2025-08-18,2.24,196.04,439.13,Expired
W00000644,R010,M0190,2025-10-23,3.63,169.28,614.49,Unsold
W00000645,R022,M0015,2025-10-01,2.71,930.59,2521.9,Expired
W00000646,R015,M0088,2025-03-09,1.79,654.65,1171.82,Damaged
W00000647,R017,M0179,2025-04-28,2.97,703.55,2089.54,Preparation Error
W00000648,R003,M0096,2025-09-07,3.27,429.01,1402.86,Unsold
W00000649,R017,M0058,2026-04-06,0.65,581.97,378.28,Damaged
W00000650,R011,M0095,2025-05-02,2.51,133.34,334.68,Expired
W00000651,R013,M0178,2026-05-17,2.21,143.07,316.18,Expired
W00000652,R014,M0110,2026-07-16,1.07,709.97,759.67,Overproduction
W00000653,R001,M0050,2025-08-11,1.91,288.36,550.77,Damaged
W00000654,R003,M0177,2025-03-01,2.16,112.66,243.35,Unsold
W00000655,R013,M0198,2025-07-14,1.44,297.56,428.49,Overproduction
W00000656,R012,M0141,2025-10-12,0.42,621.94,261.21,Overproduction
W00000657,R023,M0012,2025-04-21,4.87,236.57,1152.1,Overproduction
W00000658,R020,M0079,2025-07-05,1.03,624.61,643.35,Damaged
W00000659,R002,M0145,2026-03-17,2.84,977.33,2775.62,Overproduction
W00000660,R025,M0051,2025-08-23,2.83,428.66,1213.11,Overproduction
W00000661,R013,M0027,2026-08-06,3.41,486.67,1659.54,Expired
W00000662,R004,M0040,2025-08-22,0.95,183.21,174.05,Preparation Error
W00000663,R010,M0042,2026-07-09,0.4,694.45,277.78,Preparation Error
W00000664,R023,M0142,2025-12-18,3.54,392.03,1387.79,Damaged
W00000665,R015,M0098,2026-08-17,1.38,593.5,819.03,Overproduction
W00000666,R021,M0175,2026-01-17,3.03,276.79,838.67,Overproduction
W00000667,R007,M0071,2026-04-19,1.54,352.78,543.28,Expired
W00000668,R021,M0178,2026-06-01,0.59,143.07,84.41,Overproduction
W00000669,R019,M0130,2026-03-05,4.36,401.43,1750.23,Damaged
W00000670,R008,M0016,2025-09-05,0.28,575.99,161.28,Preparation Error
W00000671,R016,M0131,2025-04-03,2.34,538.05,1259.04,Preparation Error
W00000672,R025,M0050,2026-04-29,1.82,288.36,524.82,Expired
W00000673,R008,M0189,2025-07-22,0.49,750.33,367.66,Overproduction
W00000674,R015,M0195,2025-11-18,0.82,97.47,79.93,Damaged
W00000675,R015,M0042,2025-09-06,3.24,694.45,2250.02,Preparation Error
W00000676,R011,M0028,2026-02-13,0.6,529.37,317.62,Unsold
W00000677,R005,M0047,2025-03-10,2.81,740.15,2079.82,Damaged
W00000678,R007,M0035,2025-08-22,1.81,552.77,1000.51,Preparation Error
W00000679,R022,M0099,2026-05-03,1.75,301.68,527.94,Damaged
W00000680,R009,M0021,2026-02-19,2.98,557.08,1660.1,Expired
W00000681,R011,M0078,2026-08-07,0.91,712.53,648.4,Expired
W00000682,R003,M0037,2026-02-07,5.07,945.72,4794.8,Preparation Error
W00000683,R016,M0097,2026-03-08,4.17,174.21,726.46,Overproduction
W00000684,R009,M0149,2026-04-25,1.89,487.64,921.64,Unsold
W00000685,R021,M0186,2026-07-21,4.97,748.0,3717.56,Damaged
W00000686,R004,M0144,2025-12-11,2.72,299.48,814.59,Expired
W00000687,R002,M0178,2025-05-18,0.28,143.07,40.06,Expired
W00000688,R014,M0006,2025-09-25,0.89,882.22,785.18,Expired
W00000689,R021,M0130,2026-06-24,2.2,401.43,883.15,Expired
W00000690,R017,M0147,2026-02-08,0.83,522.91,434.02,Overproduction
W00000691,R025,M0097,2025-07-06,0.67,174.21,116.72,Preparation Error
W00000692,R020,M0168,2026-08-25,1.36,792.01,1077.13,Expired
W00000693,R016,M0008,2026-08-02,4.4,415.8,1829.52,Expired
W00000694,R025,M0020,2025-08-03,1.73,461.33,798.1,Expired
W00000695,R009,M0020,2025-09-17,1.09,461.33,502.85,Unsold
W00000696,R021,M0044,2026-07-11,0.87,217.86,189.54,Unsold
W00000697,R014,M0111,2025-10-05,1.4,170.58,238.81,Unsold
W00000698,R003,M0164,2026-03-03,1.79,606.17,1085.04,Unsold
W00000699,R012,M0147,2025-09-14,2.03,522.91,1061.51,Overproduction
W00000700,R002,M0162,2026-05-23,3.95,150.66,595.11,Unsold
W00000701,R011,M0048,2025-10-25,3.06,969.45,2966.52,Unsold
W00000702,R002,M0097,2025-09-07,2.64,174.21,459.91,Unsold
W00000703,R006,M0006,2025-05-15,2.98,882.22,2629.02,Expired
W00000704,R005,M0182,2025-12-22,4.95,610.24,3020.69,Unsold
W00000705,R015,M0103,2025-07-29,0.15,706.95,106.04,Damaged
W00000706,R014,M0118,2026-05-23,1.32,791.92,1045.33,Damaged
W00000707,R003,M0022,2025-07-07,1.8,650.34,1170.61,Expired
W00000708,R009,M0063,2025-05-11,1.38,533.01,735.55,Damaged
W00000709,R005,M0149,2025-08-16,4.51,487.64,2199.26,Unsold
W00000710,R011,M0083,2026-01-02,1.63,199.0,324.37,Unsold
W00000711,R025,M0036,2025-06-15,3.26,661.91,2157.83,Overproduction
W00000712,R019,M0175,2026-08-10,2.77,276.79,766.71,Damaged
W00000713,R008,M0061,2026-03-23,0.34,445.8,151.57,Damaged
W00000714,R009,M0028,2026-01-21,0.59,529.37,312.33,Unsold
W00000715,R018,M0116,2026-06-08,0.14,177.12,24.8,Unsold
W00000716,R010,M0169,2026-02-04,2.79,712.18,1986.98,Unsold
W00000717,R021,M0092,2025-07-22,4.15,487.83,2024.49,Preparation Error
W00000718,R022,M0140,2026-07-12,0.94,931.79,875.88,Unsold
W00000719,R002,M0046,2026-01-31,3.65,667.02,2434.62,Damaged
W00000720,R014,M0093,2025-07-31,3.37,532.84,1795.67,Overproduction
W00000721,R002,M0158,2025-10-24,1.1,328.15,360.96,Damaged
W00000722,R011,M0134,2026-07-27,0.51,410.76,209.49,Overproduction
W00000723,R003,M0065,2025-07-31,1.28,442.03,565.8,Damaged
W00000724,R007,M0124,2025-07-25,7.42,518.32,3845.93,Overproduction
W00000725,R016,M0165,2026-02-21,0.64,198.22,126.86,Expired
W00000726,R009,M0080,2025-06-30,1.41,508.12,716.45,Overproduction
W00000727,R001,M0084,2026-08-20,3.23,797.35,2575.44,Damaged
W00000728,R007,M0127,2026-02-10,2.52,426.76,1075.44,Preparation Error
W00000729,R024,M0011,2026-03-31,2.82,554.21,1562.87,Overproduction
W00000730,R010,M0045,2025-10-23,4.48,503.33,2254.92,Overproduction
W00000731,R025,M0104,2026-06-28,1.36,98.84,134.42,Overproduction
W00000732,R011,M0048,2026-01-11,6.06,969.45,5874.87,Preparation Error
W00000733,R012,M0169,2025-05-09,4.76,712.18,3389.98,Overproduction
W00000734,R002,M0040,2026-08-17,4.04,183.21,740.17,Unsold
W00000735,R021,M0113,2025-03-30,1.48,450.35,666.52,Expired
W00000736,R025,M0169,2025-06-22,1.22,712.18,868.86,Expired
W00000737,R002,M0144,2026-07-17,3.45,299.48,1033.21,Expired
W00000738,R016,M0164,2026-07-10,2.82,606.17,1709.4,Overproduction
W00000739,R019,M0037,2026-01-06,0.84,945.72,794.4,Overproduction
W00000740,R016,M0119,2025-03-14,1.11,112.0,124.32,Preparation Error
W00000741,R011,M0195,2025-05-03,3.03,97.47,295.33,Overproduction
W00000742,R025,M0025,2025-11-18,3.78,161.15,609.15,Preparation Error
W00000743,R018,M0019,2025-09-18,0.54,303.07,163.66,Expired
W00000744,R010,M0103,2025-10-29,1.42,706.95,1003.87,Expired
W00000745,R005,M0167,2025-04-07,0.09,277.28,24.96,Overproduction
W00000746,R007,M0122,2026-01-18,1.75,238.78,417.86,Overproduction
W00000747,R004,M0177,2026-08-10,2.62,112.66,295.17,Expired
W00000748,R023,M0024,2026-06-20,2.34,347.58,813.34,Preparation Error
W00000749,R018,M0128,2026-01-23,2.43,642.5,1561.28,Overproduction
W00000750,R013,M0086,2026-02-25,2.42,946.48,2290.48,Unsold
W00000751,R009,M0026,2026-05-15,3.67,216.51,794.59,Overproduction
W00000752,R003,M0110,2025-07-05,3.75,709.97,2662.39,Preparation Error
W00000753,R020,M0045,2025-05-05,1.26,503.33,634.2,Expired
W00000754,R014,M0136,2025-06-27,1.28,369.27,472.67,Expired
W00000755,R006,M0153,2026-01-25,1.12,928.79,1040.24,Damaged
W00000756,R004,M0163,2025-03-21,2.29,584.89,1339.4,Expired
W00000757,R017,M0041,2025-10-03,1.81,758.88,1373.57,Overproduction
W00000758,R014,M0067,2025-12-27,0.38,589.09,223.85,Preparation Error
W00000759,R017,M0148,2026-08-09,1.03,489.73,504.42,Damaged
W00000760,R009,M0050,2025-09-21,1.55,288.36,446.96,Damaged
W00000761,R021,M0095,2026-01-08,2.08,133.34,277.35,Overproduction
W00000762,R024,M0130,2026-04-15,2.38,401.43,955.4,Expired
W00000763,R017,M0180,2025-07-21,2.29,140.37,321.45,Preparation Error
W00000764,R018,M0087,2026-03-18,3.32,849.18,2819.28,Preparation Error
W00000765,R009,M0065,2025-03-13,0.81,442.03,358.04,Expired
W00000766,R009,M0019,2026-08-25,0.55,303.07,166.69,Expired
W00000767,R008,M0042,2025-10-24,2.3,694.45,1597.24,Overproduction
W00000768,R012,M0138,2026-05-14,1.27,334.39,424.68,Unsold
W00000769,R024,M0051,2025-06-11,8.14,428.66,3489.29,Unsold
W00000770,R014,M0028,2025-12-24,3.05,529.37,1614.58,Expired
W00000771,R001,M0063,2026-06-22,1.29,533.01,687.58,Expired
W00000772,R011,M0108,2026-08-09,4.27,244.67,1044.74,Unsold
W00000773,R016,M0121,2026-06-30,1.2,763.44,916.13,Expired
W00000774,R014,M0076,2025-10-24,1.07,300.5,321.54,Unsold
W00000775,R011,M0020,2026-01-16,1.62,461.33,747.35,Unsold
W00000776,R005,M0020,2025-12-16,4.23,461.33,1951.43,Overproduction
W00000777,R006,M0073,2026-08-27,2.19,190.44,417.06,Expired
W00000778,R001,M0129,2026-01-02,1.11,905.34,1004.93,Unsold
W00000779,R017,M0080,2025-05-09,5.57,508.12,2830.23,Damaged
W00000780,R011,M0143,2026-01-31,2.72,348.4,947.65,Damaged
W00000781,R015,M0180,2025-04-23,0.59,140.37,82.82,Preparation Error
W00000782,R006,M0095,2025-12-02,0.47,133.34,62.67,Overproduction
W00000783,R017,M0091,2025-05-05,4.94,213.29,1053.65,Damaged
W00000784,R016,M0089,2026-04-22,3.2,440.09,1408.29,Overproduction
W00000785,R003,M0011,2025-06-10,0.75,554.21,415.66,Preparation Error
W00000786,R013,M0097,2025-06-12,0.35,174.21,60.97,Damaged
W00000787,R005,M0121,2026-02-03,6.39,763.44,4878.38,Overproduction
W00000788,R007,M0111,2025-09-12,5.86,170.58,999.6,Expired
W00000789,R009,M0137,2026-05-28,0.49,733.63,359.48,Expired
W00000790,R011,M0123,2026-08-17,2.59,325.6,843.3,Overproduction
W00000791,R008,M0039,2026-01-02,1.33,638.77,849.56,Damaged
W00000792,R018,M0170,2025-11-08,1.28,372.38,476.65,Damaged
W00000793,R005,M0009,2026-02-13,0.16,971.17,155.39,Damaged
W00000794,R003,M0048,2025-11-26,0.99,969.45,959.76,Preparation Error
W00000795,R015,M0054,2025-06-21,3.16,689.43,2178.6,Damaged
W00000796,R007,M0076,2026-01-30,0.59,300.5,177.3,Damaged
W00000797,R016,M0097,2025-11-07,8.35,174.21,1454.65,Unsold
W00000798,R001,M0100,2026-01-03,4.3,892.5,3837.75,Expired
W00000799,R007,M0093,2026-06-01,1.63,532.84,868.53,Expired
W00000800,R020,M0143,2026-07-14,1.35,348.4,470.34,Overproduction
W00000801,R013,M0119,2025-10-30,3.54,112.0,396.48,Overproduction
W00000802,R012,M0124,2025-12-20,0.87,518.32,450.94,Overproduction
W00000803,R005,M0016,2025-05-17,3.09,575.99,1779.81,Overproduction
W00000804,R013,M0151,2025-08-20,5.35,341.16,1825.21,Unsold
W00000805,R001,M0068,2026-06-27,1.47,521.07,765.97,Unsold
W00000806,R019,M0104,2025-08-10,2.13,98.84,210.53,Expired
W00000807,R014,M0163,2025-04-11,1.64,584.89,959.22,Overproduction
W00000808,R010,M0069,2026-07-21,1.53,636.72,974.18,Preparation Error
W00000809,R025,M0152,2025-07-22,2.96,282.47,836.11,Preparation Error
W00000810,R015,M0020,2026-06-13,0.42,461.33,193.76,Overproduction
W00000811,R025,M0185,2026-05-29,0.94,820.17,770.96,Expired
W00000812,R015,M0026,2025-09-05,1.02,216.51,220.84,Unsold
W00000813,R001,M0068,2026-06-25,0.77,521.07,401.22,Overproduction
W00000814,R003,M0075,2025-06-28,2.89,607.52,1755.73,Preparation Error
W00000815,R019,M0200,2025-04-28,1.99,535.72,1066.08,Overproduction
W00000816,R004,M0156,2025-12-22,3.07,495.27,1520.48,Overproduction
W00000817,R022,M0099,2025-08-31,0.64,301.68,193.08,Unsold
W00000818,R002,M0108,2026-01-29,1.06,244.67,259.35,Overproduction
W00000819,R009,M0062,2026-06-11,3.18,569.95,1812.44,Overproduction
W00000820,R002,M0097,2025-07-24,2.28,174.21,397.2,Expired
W00000821,R014,M0090,2025-08-16,4.23,460.77,1949.06,Expired
W00000822,R025,M0124,2026-01-11,5.56,518.32,2881.86,Expired
W00000823,R007,M0019,2026-01-03,0.53,303.07,160.63,Overproduction
W00000824,R002,M0100,2026-08-21,2.35,892.5,2097.38,Damaged
W00000825,R015,M0022,2026-05-08,1.09,650.34,708.87,Expired
W00000826,R016,M0104,2025-08-24,2.6,98.84,256.98,Overproduction
W00000827,R008,M0104,2025-11-19,2.16,98.84,213.49,Expired
W00000828,R014,M0018,2025-03-07,6.66,494.18,3291.24,Preparation Error
W00000829,R011,M0164,2026-06-02,2.74,606.17,1660.91,Unsold
W00000830,R013,M0165,2025-12-08,2.41,198.22,477.71,Expired
W00000831,R016,M0041,2026-06-07,0.46,758.88,349.08,Expired
W00000832,R010,M0180,2025-11-04,0.91,140.37,127.74,Overproduction
W00000833,R010,M0085,2026-05-19,2.02,817.96,1652.28,Expired
W00000834,R007,M0043,2026-04-24,2.02,696.72,1407.37,Preparation Error
W00000835,R015,M0099,2026-05-14,1.78,301.68,536.99,Overproduction
W00000836,R020,M0082,2026-02-17,5.86,219.55,1286.56,Unsold
W00000837,R013,M0162,2026-04-06,0.39,150.66,58.76,Overproduction
W00000838,R004,M0001,2025-04-23,0.95,678.31,644.39,Preparation Error
W00000839,R019,M0147,2025-04-05,1.54,522.91,805.28,Expired
W00000840,R013,M0058,2025-11-10,1.63,581.97,948.61,Expired
W00000841,R024,M0142,2025-10-23,1.94,392.03,760.54,Preparation Error
W00000842,R010,M0138,2025-08-10,2.03,334.39,678.81,Unsold
W00000843,R012,M0085,2026-02-09,3.05,817.96,2494.78,Overproduction
W00000844,R006,M0193,2026-08-21,1.01,256.22,258.78,Preparation Error
W00000845,R019,M0017,2025-06-21,1.34,371.46,497.76,Overproduction
W00000846,R007,M0050,2025-09-09,1.62,288.36,467.14,Overproduction
W00000847,R002,M0162,2025-06-22,0.91,150.66,137.1,Damaged
W00000848,R008,M0177,2026-05-08,4.01,112.66,451.77,Expired
W00000849,R018,M0197,2025-09-11,2.28,162.77,371.12,Expired
W00000850,R013,M0103,2025-06-18,1.57,706.95,1109.91,Unsold
W00000851,R018,M0014,2026-06-06,2.85,674.74,1923.01,Overproduction
W00000852,R008,M0105,2025-07-24,4.25,503.17,2138.47,Unsold
W00000853,R023,M0165,2025-04-26,2.19,198.22,434.1,Expired
W00000854,R008,M0198,2026-07-29,0.96,297.56,285.66,Preparation Error
W00000855,R010,M0038,2026-08-12,2.46,680.0,1672.8,Damaged
W00000856,R025,M0071,2025-12-27,2.77,352.78,977.2,Preparation Error
W00000857,R016,M0006,2025-08-18,1.88,882.22,1658.57,Expired
W00000858,R025,M0125,2025-06-02,0.45,133.81,60.21,Unsold
W00000859,R002,M0084,2026-01-24,1.04,797.35,829.24,Overproduction
W00000860,R010,M0168,2026-05-29,3.28,792.01,2597.79,Overproduction
W00000861,R009,M0135,2026-05-16,0.5,780.13,390.06,Expired
W00000862,R009,M0009,2025-12-10,2.23,971.17,2165.71,Overproduction
W00000863,R025,M0024,2026-02-27,3.36,347.58,1167.87,Unsold
W00000864,R017,M0001,2025-09-16,1.22,678.31,827.54,Overproduction
W00000865,R012,M0102,2026-04-13,1.33,196.04,260.73,Expired
W00000866,R003,M0080,2026-05-28,3.48,508.12,1768.26,Overproduction
W00000867,R010,M0114,2025-03-24,0.94,372.54,350.19,Unsold
W00000868,R007,M0161,2026-07-22,0.49,250.49,122.74,Preparation Error
W00000869,R016,M0013,2026-06-09,1.27,921.08,1169.77,Overproduction
W00000870,R002,M0172,2025-05-14,1.03,984.75,1014.29,Unsold
W00000871,R003,M0049,2025-03-21,1.8,668.69,1203.64,Overproduction
W00000872,R021,M0054,2025-08-11,1.37,689.43,944.52,Expired
W00000873,R025,M0049,2026-04-20,1.8,668.69,1203.64,Overproduction
W00000874,R005,M0101,2026-08-19,0.48,299.61,143.81,Unsold
W00000875,R017,M0199,2025-06-21,0.44,227.4,100.06,Expired
W00000876,R003,M0118,2026-08-23,2.09,791.92,1655.11,Damaged
W00000877,R020,M0150,2025-08-29,1.91,181.56,346.78,Overproduction
W00000878,R009,M0144,2025-12-19,3.16,299.48,946.36,Preparation Error
W00000879,R019,M0096,2026-01-26,0.66,429.01,283.15,Expired
W00000880,R018,M0196,2026-03-16,0.78,799.62,623.7,Unsold
W00000881,R020,M0160,2026-02-26,1.94,751.95,1458.78,Preparation Error
W00000882,R020,M0105,2025-11-12,3.9,503.17,1962.36,Overproduction
W00000883,R025,M0177,2026-02-02,0.39,112.66,43.94,Expired
W00000884,R016,M0182,2026-08-02,1.65,610.24,1006.9,Expired
W00000885,R015,M0130,2026-07-06,0.55,401.43,220.79,Expired
W00000886,R020,M0014,2025-03-15,3.02,674.74,2037.71,Expired
W00000887,R022,M0128,2026-01-28,1.34,642.5,860.95,Unsold
W00000888,R017,M0043,2026-06-23,1.04,696.72,724.59,Preparation Error
W00000889,R005,M0075,2026-02-01,0.64,607.52,388.81,Expired
W00000890,R020,M0129,2025-09-30,0.8,905.34,724.27,Unsold
W00000891,R012,M0118,2025-12-24,0.54,791.92,427.64,Overproduction
W00000892,R004,M0108,2026-03-28,1.63,244.67,398.81,Unsold
W00000893,R005,M0084,2026-08-15,1.07,797.35,853.16,Overproduction
W00000894,R019,M0127,2026-03-22,0.87,426.76,371.28,Overproduction
W00000895,R007,M0027,2026-04-04,0.47,486.67,228.73,Expired
W00000896,R003,M0150,2025-05-06,1.37,181.56,248.74,Overproduction
W00000897,R009,M0117,2025-07-05,9.64,652.7,6292.03,Expired
W00000898,R025,M0042,2025-11-27,3.56,694.45,2472.24,Damaged
W00000899,R002,M0146,2026-06-08,2.06,141.24,290.95,Unsold
W00000900,R018,M0031,2026-03-04,1.61,646.64,1041.09,Overproduction
W00000901,R020,M0018,2026-07-11,2.33,494.18,1151.44,Overproduction
W00000902,R009,M0045,2026-05-19,3.66,503.33,1842.19,Expired
W00000903,R022,M0128,2026-06-25,0.4,642.5,257.0,Expired
W00000904,R025,M0188,2026-07-29,1.5,166.63,249.94,Preparation Error
W00000905,R003,M0117,2025-11-30,0.85,652.7,554.8,Expired
W00000906,R015,M0151,2026-06-06,0.45,341.16,153.52,Unsold
W00000907,R022,M0037,2025-04-06,1.17,945.72,1106.49,Preparation Error
W00000908,R012,M0160,2026-08-16,1.41,751.95,1060.25,Preparation Error
W00000909,R020,M0194,2026-07-13,0.78,635.41,495.62,Preparation Error
W00000910,R010,M0040,2025-03-10,0.87,183.21,159.39,Expired
W00000911,R012,M0107,2026-07-15,4.68,132.35,619.4,Preparation Error
W00000912,R017,M0053,2025-06-06,2.29,875.76,2005.49,Expired
W00000913,R006,M0164,2026-07-20,0.82,606.17,497.06,Expired
W00000914,R019,M0055,2025-10-11,2.65,548.01,1452.23,Overproduction
W00000915,R006,M0094,2025-11-16,3.38,297.18,1004.47,Damaged
W00000916,R021,M0011,2025-04-24,2.42,554.21,1341.19,Overproduction
W00000917,R009,M0153,2025-05-07,2.62,928.79,2433.43,Unsold
W00000918,R014,M0199,2025-12-16,0.05,227.4,11.37,Preparation Error
W00000919,R009,M0098,2025-03-26,3.06,593.5,1816.11,Expired
W00000920,R014,M0011,2025-03-15,2.16,554.21,1197.09,Overproduction
W00000921,R012,M0010,2025-09-12,1.05,239.03,250.98,Overproduction
W00000922,R006,M0050,2026-04-14,4.07,288.36,1173.63,Unsold
W00000923,R001,M0132,2025-12-13,2.14,735.98,1575.0,Preparation Error
W00000924,R020,M0114,2026-06-26,3.71,372.54,1382.12,Damaged
W00000925,R012,M0118,2026-01-15,0.41,791.92,324.69,Overproduction
W00000926,R004,M0012,2026-07-03,0.55,236.57,130.11,Overproduction
W00000927,R014,M0003,2026-07-20,2.76,579.28,1598.81,Expired
W00000928,R003,M0147,2025-10-14,3.62,522.91,1892.93,Overproduction
W00000929,R015,M0133,2025-09-29,3.73,587.42,2191.08,Overproduction
W00000930,R002,M0140,2026-03-09,1.96,931.79,1826.31,Overproduction
W00000931,R001,M0054,2025-09-07,3.29,689.43,2268.22,Overproduction
W00000932,R008,M0185,2025-07-20,1.95,820.17,1599.33,Overproduction
W00000933,R006,M0145,2026-06-12,5.23,977.33,5111.44,Damaged
W00000934,R007,M0132,2025-09-15,1.25,735.98,919.98,Preparation Error
W00000935,R025,M0192,2025-06-21,1.52,204.78,311.27,Expired
W00000936,R024,M0002,2026-03-02,1.38,252.09,347.88,Unsold
W00000937,R017,M0103,2025-09-21,1.33,706.95,940.24,Damaged
W00000938,R001,M0140,2025-11-28,2.7,931.79,2515.83,Overproduction
W00000939,R020,M0146,2026-07-01,5.48,141.24,774.0,Expired
W00000940,R023,M0111,2025-08-15,1.11,170.58,189.34,Overproduction
W00000941,R021,M0104,2025-04-20,2.0,98.84,197.68,Expired
W00000942,R008,M0034,2025-06-03,0.18,547.89,98.62,Damaged
W00000943,R019,M0148,2025-09-03,2.16,489.73,1057.82,Overproduction
W00000944,R001,M0109,2026-03-30,2.81,729.46,2049.78,Overproduction
W00000945,R015,M0194,2026-02-07,0.68,635.41,432.08,Overproduction
W00000946,R015,M0091,2026-03-16,3.65,213.29,778.51,Overproduction
W00000947,R019,M0069,2026-06-03,2.46,636.72,1566.33,Expired
W00000948,R001,M0092,2026-08-13,1.04,487.83,507.34,Preparation Error
W00000949,R011,M0101,2025-11-15,3.61,299.61,1081.59,Overproduction
W00000950,R016,M0163,2026-02-05,2.76,584.89,1614.3,Unsold
W00000951,R002,M0054,2025-04-01,1.66,689.43,1144.45,Expired
W00000952,R008,M0121,2025-05-08,6.82,763.44,5206.66,Overproduction
W00000953,R002,M0097,2026-07-22,5.07,174.21,883.24,Expired
W00000954,R004,M0091,2026-03-20,4.5,213.29,959.8,Preparation Error
W00000955,R020,M0125,2025-11-03,1.61,133.81,215.43,Expired
W00000956,R007,M0065,2026-01-07,2.09,442.03,923.84,Unsold
W00000957,R001,M0171,2026-02-12,2.81,859.53,2415.28,Unsold
W00000958,R011,M0158,2025-04-19,4.63,328.15,1519.33,Overproduction
W00000959,R025,M0095,2026-01-15,1.06,133.34,141.34,Expired
W00000960,R016,M0070,2025-06-22,2.52,897.78,2262.41,Expired
W00000961,R022,M0175,2025-10-06,0.11,276.79,30.45,Expired
W00000962,R008,M0021,2025-09-12,1.12,557.08,623.93,Expired
W00000963,R005,M0085,2025-04-16,0.38,817.96,310.82,Damaged
W00000964,R015,M0016,2026-02-21,1.08,575.99,622.07,Overproduction
W00000965,R011,M0196,2025-08-18,3.14,799.62,2510.81,Overproduction
W00000966,R007,M0035,2026-01-30,3.62,552.77,2001.03,Preparation Error
W00000967,R010,M0108,2025-04-21,0.55,244.67,134.57,Preparation Error
W00000968,R018,M0086,2026-05-01,2.35,946.48,2224.23,Overproduction
W00000969,R022,M0124,2025-06-01,1.69,518.32,875.96,Expired
W00000970,R007,M0105,2026-02-15,2.9,503.17,1459.19,Unsold
W00000971,R002,M0047,2025-07-25,1.6,740.15,1184.24,Expired
W00000972,R024,M0185,2025-07-29,1.85,820.17,1517.31,Overproduction
W00000973,R024,M0100,2026-08-17,1.76,892.5,1570.8,Preparation Error
W00000974,R002,M0115,2025-03-11,3.62,646.44,2340.11,Overproduction
W00000975,R013,M0034,2025-09-14,1.22,547.89,668.43,Overproduction
W00000976,R002,M0063,2025-09-17,3.16,533.01,1684.31,Unsold
W00000977,R005,M0128,2026-06-16,1.88,642.5,1207.9,Preparation Error
W00000978,R018,M0077,2026-05-16,2.35,785.37,1845.62,Damaged
W00000979,R025,M0116,2025-05-25,1.84,177.12,325.9,Overproduction
W00000980,R021,M0140,2025-09-16,3.16,931.79,2944.46,Unsold
W00000981,R005,M0076,2026-08-17,1.27,300.5,381.64,Expired
W00000982,R003,M0008,2025-11-21,3.99,415.8,1659.04,Unsold
W00000983,R018,M0118,2026-03-09,1.23,791.92,974.06,Preparation Error
W00000984,R007,M0105,2026-08-26,1.25,503.17,628.96,Expired
W00000985,R003,M0040,2025-09-22,0.9,183.21,164.89,Unsold
W00000986,R025,M0114,2025-04-09,0.19,372.54,70.78,Preparation Error
W00000987,R014,M0029,2026-04-29,0.29,403.62,117.05,Preparation Error
W00000988,R004,M0046,2026-03-14,2.4,667.02,1600.85,Expired
W00000989,R007,M0194,2026-02-10,1.53,635.41,972.18,Damaged
W00000990,R010,M0090,2026-03-29,0.66,460.77,304.11,Unsold
W00000991,R009,M0072,2026-07-09,1.85,553.84,1024.6,Preparation Error
W00000992,R013,M0055,2025-10-25,1.4,548.01,767.21,Expired
W00000993,R018,M0106,2026-07-14,0.78,440.79,343.82,Overproduction
W00000994,R023,M0101,2025-11-18,4.46,299.61,1336.26,Expired
W00000995,R018,M0162,2026-04-30,1.28,150.66,192.84,Expired
W00000996,R002,M0129,2026-03-16,1.0,905.34,905.34,Overproduction
W00000997,R022,M0101,2026-02-11,1.33,299.61,398.48,Overproduction
W00000998,R009,M0107,2026-07-25,1.58,132.35,209.11,Unsold
W00000999,R006,M0040,2025-03-08,0.72,183.21,131.91,Expired
W00001000,R020,M0054,2025-06-21,1.4,689.43,965.2,Unsold
W00001001,R017,M0131,2026-06-07,0.51,538.05,274.41,Unsold
W00001002,R013,M0019,2026-01-17,2.89,303.07,875.87,Overproduction
W00001003,R012,M0079,2025-09-16,3.99,624.61,2492.19,Unsold
W00001004,R019,M0013,2025-10-04,3.29,921.08,3030.35,Preparation Error
W00001005,R022,M0040,2025-12-03,1.16,183.21,212.52,Expired
W00001006,R004,M0017,2025-11-27,1.48,371.46,549.76,Expired
W00001007,R016,M0152,2026-01-06,2.95,282.47,833.29,Expired
W00001008,R022,M0060,2025-07-11,0.6,508.88,305.33,Preparation Error
W00001009,R015,M0108,2025-04-18,3.98,244.67,973.79,Overproduction
W00001010,R006,M0059,2025-09-25,3.92,253.68,994.43,Expired
W00001011,R003,M0079,2025-08-22,1.48,624.61,924.42,Unsold
W00001012,R008,M0178,2025-05-23,1.76,143.07,251.8,Overproduction
W00001013,R016,M0030,2026-03-10,1.99,137.09,272.81,Expired
W00001014,R019,M0133,2026-05-27,4.63,587.42,2719.75,Overproduction
W00001015,R021,M0039,2026-07-19,1.57,638.77,1002.87,Damaged
W00001016,R011,M0129,2025-04-22,6.1,905.34,5522.57,Damaged
W00001017,R008,M0005,2026-01-25,1.41,169.07,238.39,Overproduction
W00001018,R021,M0069,2025-06-24,6.22,636.72,3960.4,Expired
W00001019,R005,M0093,2026-08-26,3.28,532.84,1747.72,Preparation Error
W00001020,R025,M0163,2025-04-15,1.36,584.89,795.45,Damaged
W00001021,R014,M0020,2026-03-24,0.46,461.33,212.21,Expired
W00001022,R002,M0099,2025-10-27,0.86,301.68,259.44,Damaged
W00001023,R007,M0106,2025-07-22,0.2,440.79,88.16,Overproduction
W00001024,R012,M0082,2026-06-17,3.29,219.55,722.32,Damaged
W00001025,R011,M0017,2026-05-05,0.68,371.46,252.59,Unsold
W00001026,R013,M0084,2026-08-28,2.21,797.35,1762.14,Expired
W00001027,R017,M0111,2025-08-12,7.7,170.58,1313.47,Expired
W00001028,R016,M0052,2025-06-11,1.29,414.2,534.32,Unsold
W00001029,R014,M0107,2026-08-21,0.29,132.35,38.38,Unsold
W00001030,R014,M0027,2025-06-22,1.17,486.67,569.4,Unsold
W00001031,R022,M0195,2025-06-30,2.46,97.47,239.78,Unsold
W00001032,R015,M0142,2025-03-19,1.59,392.03,623.33,Damaged
W00001033,R017,M0113,2025-08-26,0.43,450.35,193.65,Preparation Error
W00001034,R003,M0138,2026-02-24,2.07,334.39,692.19,Expired
W00001035,R007,M0200,2025-03-05,0.3,535.72,160.72,Expired
W00001036,R019,M0027,2025-10-09,3.02,486.67,1469.74,Overproduction
W00001037,R013,M0060,2026-06-19,3.61,508.88,1837.06,Unsold
W00001038,R022,M0031,2026-06-30,2.2,646.64,1422.61,Unsold
W00001039,R022,M0028,2026-01-08,2.79,529.37,1476.94,Expired
W00001040,R001,M0089,2025-06-29,2.27,440.09,999.0,Expired
W00001041,R013,M0052,2026-03-13,2.46,414.2,1018.93,Overproduction
W00001042,R017,M0098,2025-06-02,1.4,593.5,830.9,Unsold
W00001043,R016,M0170,2026-05-29,0.63,372.38,234.6,Overproduction
W00001044,R005,M0112,2026-07-06,0.54,226.87,122.51,Unsold
W00001045,R010,M0192,2025-09-30,3.05,204.78,624.58,Expired
W00001046,R003,M0011,2025-12-20,0.73,554.21,404.57,Expired
W00001047,R018,M0098,2025-08-10,3.75,593.5,2225.62,Damaged
W00001048,R008,M0104,2025-10-13,3.63,98.84,358.79,Expired
W00001049,R023,M0149,2026-03-22,1.81,487.64,882.63,Unsold
W00001050,R008,M0005,2025-09-12,4.8,169.07,811.54,Overproduction
W00001051,R006,M0144,2025-08-31,5.12,299.48,1533.34,Expired
W00001052,R012,M0014,2026-04-02,1.43,674.74,964.88,Overproduction
W00001053,R024,M0146,2026-03-27,0.64,141.24,90.39,Overproduction
W00001054,R020,M0013,2026-08-15,1.19,921.08,1096.09,Overproduction
W00001055,R009,M0055,2026-01-31,1.79,548.01,980.94,Damaged
W00001056,R021,M0026,2025-10-27,0.09,216.51,19.49,Expired
W00001057,R019,M0174,2025-06-25,4.39,292.77,1285.26,Unsold
W00001058,R019,M0176,2025-12-06,1.34,882.63,1182.72,Damaged
W00001059,R020,M0115,2026-03-29,5.09,646.44,3290.38,Overproduction
W00001060,R009,M0043,2026-03-12,3.17,696.72,2208.6,Preparation Error
W00001061,R011,M0071,2025-10-28,0.85,352.78,299.86,Expired
W00001062,R019,M0065,2026-07-11,0.46,442.03,203.33,Preparation Error
W00001063,R005,M0134,2025-03-18,1.03,410.76,423.08,Damaged
W00001064,R007,M0026,2025-07-23,2.41,216.51,521.79,Overproduction
W00001065,R015,M0016,2025-11-05,0.38,575.99,218.88,Damaged
W00001066,R014,M0109,2026-03-13,0.71,729.46,517.92,Overproduction
W00001067,R003,M0171,2025-10-25,3.08,859.53,2647.35,Expired
W00001068,R011,M0096,2025-06-27,2.78,429.01,1192.65,Damaged
W00001069,R023,M0024,2025-11-15,0.52,347.58,180.74,Expired
W00001070,R004,M0183,2026-03-12,2.41,328.19,790.94,Preparation Error
W00001071,R003,M0174,2026-05-21,4.21,292.77,1232.56,Overproduction
W00001072,R014,M0016,2025-09-07,1.85,575.99,1065.58,Overproduction
W00001073,R020,M0030,2025-03-08,0.87,137.09,119.27,Expired
W00001074,R023,M0019,2025-07-26,12.54,303.07,3800.5,Overproduction
W00001075,R016,M0198,2026-02-17,3.66,297.56,1089.07,Preparation Error
W00001076,R023,M0081,2026-05-16,0.9,405.84,365.26,Unsold
W00001077,R002,M0164,2025-10-10,0.76,606.17,460.69,Expired
W00001078,R016,M0129,2026-04-17,0.73,905.34,660.9,Preparation Error
W00001079,R008,M0165,2025-07-26,4.58,198.22,907.85,Expired
W00001080,R024,M0159,2026-03-21,2.37,620.51,1470.61,Expired
W00001081,R002,M0027,2026-06-04,0.78,486.67,379.6,Preparation Error
W00001082,R025,M0017,2026-02-28,2.06,371.46,765.21,Overproduction
W00001083,R007,M0056,2025-07-14,3.94,116.93,460.7,Overproduction
W00001084,R022,M0192,2026-08-31,1.62,204.78,331.74,Unsold
W00001085,R023,M0155,2026-03-23,0.36,212.71,76.58,Expired
W00001086,R010,M0044,2025-09-09,4.45,217.86,969.48,Overproduction
W00001087,R010,M0133,2025-12-05,1.52,587.42,892.88,Expired
W00001088,R025,M0097,2025-05-14,0.8,174.21,139.37,Expired
W00001089,R024,M0015,2025-07-02,6.85,930.59,6374.54,Unsold
W00001090,R022,M0090,2025-03-07,0.31,460.77,142.84,Overproduction
W00001091,R022,M0077,2026-04-18,4.79,785.37,3761.92,Unsold
W00001092,R016,M0164,2025-04-26,2.19,606.17,1327.51,Overproduction
W00001093,R015,M0003,2026-02-03,2.74,579.28,1587.23,Preparation Error
W00001094,R013,M0134,2025-09-18,1.56,410.76,640.79,Expired
W00001095,R016,M0188,2025-07-14,0.07,166.63,11.66,Preparation Error
W00001096,R001,M0099,2026-04-28,0.4,301.68,120.67,Expired
W00001097,R002,M0169,2026-04-09,1.61,712.18,1146.61,Preparation Error
W00001098,R022,M0083,2025-03-07,2.46,199.0,489.54,Unsold
W00001099,R016,M0063,2025-07-18,1.51,533.01,804.85,Overproduction
W00001100,R010,M0200,2025-12-04,4.15,535.72,2223.24,Damaged
W00001101,R023,M0027,2025-06-22,3.34,486.67,1625.48,Overproduction
W00001102,R024,M0002,2025-08-22,7.73,252.09,1948.66,Expired
W00001103,R020,M0115,2025-06-27,1.42,646.44,917.94,Expired
W00001104,R003,M0072,2025-08-31,0.86,553.84,476.3,Overproduction
W00001105,R023,M0120,2026-03-08,2.66,1001.73,2664.6,Unsold
W00001106,R004,M0095,2025-12-06,0.18,133.34,24.0,Unsold
W00001107,R012,M0125,2025-08-09,2.1,133.81,281.0,Overproduction
W00001108,R023,M0020,2026-04-04,0.17,461.33,78.43,Unsold
W00001109,R008,M0078,2025-10-08,0.82,712.53,584.27,Overproduction
W00001110,R003,M0061,2026-08-04,1.92,445.8,855.94,Unsold
W00001111,R020,M0155,2025-10-27,1.05,212.71,223.35,Expired
W00001112,R016,M0054,2025-03-27,3.09,689.43,2130.34,Unsold
W00001113,R018,M0121,2025-05-08,0.07,763.44,53.44,Expired
W00001114,R008,M0161,2025-04-11,3.54,250.49,886.73,Expired
W00001115,R022,M0079,2025-04-21,1.93,624.61,1205.5,Damaged
W00001116,R017,M0115,2026-04-09,0.28,646.44,181.0,Overproduction
W00001117,R018,M0113,2026-04-14,1.18,450.35,531.41,Expired
W00001118,R021,M0063,2025-10-14,4.61,533.01,2457.18,Overproduction
W00001119,R025,M0180,2025-09-13,2.62,140.37,367.77,Unsold
W00001120,R022,M0119,2026-01-01,2.9,112.0,324.8,Unsold
W00001121,R024,M0045,2025-06-06,0.43,503.33,216.43,Expired
W00001122,R007,M0048,2025-03-11,1.49,969.45,1444.48,Preparation Error
W00001123,R023,M0113,2026-08-06,1.57,450.35,707.05,Damaged
W00001124,R009,M0089,2026-07-18,1.85,440.09,814.17,Preparation Error
W00001125,R023,M0037,2026-03-11,2.42,945.72,2288.64,Overproduction
W00001126,R013,M0168,2026-08-26,0.89,792.01,704.89,Overproduction
W00001127,R023,M0105,2026-04-04,2.77,503.17,1393.78,Expired
W00001128,R008,M0059,2025-11-10,3.09,253.68,783.87,Preparation Error
W00001129,R025,M0096,2025-07-20,0.2,429.01,85.8,Unsold
W00001130,R009,M0022,2025-10-12,1.95,650.34,1268.16,Expired
W00001131,R024,M0110,2025-08-24,2.42,709.97,1718.13,Expired
W00001132,R007,M0156,2026-08-18,0.88,495.27,435.84,Damaged
W00001133,R011,M0030,2026-01-15,0.42,137.09,57.58,Overproduction
W00001134,R009,M0105,2025-05-09,1.31,503.17,659.15,Overproduction
W00001135,R020,M0113,2025-11-20,1.82,450.35,819.64,Overproduction
W00001136,R024,M0043,2025-03-28,3.65,696.72,2543.03,Expired
W00001137,R016,M0086,2025-12-12,0.7,946.48,662.54,Overproduction
W00001138,R021,M0006,2025-11-29,6.46,882.22,5699.14,Overproduction
W00001139,R016,M0093,2025-12-16,1.82,532.84,969.77,Expired
W00001140,R024,M0097,2026-08-10,0.73,174.21,127.17,Unsold
W00001141,R009,M0123,2026-04-07,1.53,325.6,498.17,Expired
W00001142,R017,M0022,2026-02-18,0.92,650.34,598.31,Damaged
W00001143,R023,M0153,2026-04-28,2.37,928.79,2201.23,Preparation Error
W00001144,R001,M0024,2026-04-18,0.96,347.58,333.68,Expired
W00001145,R008,M0010,2025-09-26,3.88,239.03,927.44,Expired
W00001146,R016,M0104,2026-08-15,1.27,98.84,125.53,Damaged
W00001147,R017,M0111,2026-01-30,3.24,170.58,552.68,Overproduction
W00001148,R017,M0198,2025-04-27,1.87,297.56,556.44,Expired
W00001149,R008,M0130,2026-01-17,0.54,401.43,216.77,Damaged
W00001150,R010,M0179,2026-02-24,4.05,703.55,2849.38,Unsold
W00001151,R007,M0089,2025-09-06,0.16,440.09,70.41,Overproduction
W00001152,R023,M0145,2025-11-11,2.25,977.33,2198.99,Preparation Error
W00001153,R020,M0143,2025-11-16,5.46,348.4,1902.26,Preparation Error
W00001154,R020,M0117,2025-11-11,0.65,652.7,424.26,Overproduction
W00001155,R007,M0139,2025-11-08,0.83,856.22,710.66,Expired
W00001156,R015,M0125,2025-11-14,0.94,133.81,125.78,Overproduction
W00001157,R018,M0116,2025-08-02,8.27,177.12,1464.78,Unsold
W00001158,R016,M0163,2025-06-23,0.39,584.89,228.11,Expired
W00001159,R003,M0036,2025-07-28,0.66,661.91,436.86,Damaged
W00001160,R002,M0155,2026-02-08,0.33,212.71,70.19,Overproduction
W00001161,R015,M0099,2025-04-24,0.35,301.68,105.59,Damaged
W00001162,R007,M0038,2025-10-14,0.79,680.0,537.2,Damaged
W00001163,R011,M0083,2025-06-16,2.75,199.0,547.25,Expired
W00001164,R025,M0042,2025-03-25,3.5,694.45,2430.58,Preparation Error
W00001165,R021,M0002,2025-10-30,1.43,252.09,360.49,Overproduction
W00001166,R001,M0143,2026-06-16,1.64,348.4,571.38,Expired
W00001167,R012,M0145,2026-04-03,2.21,977.33,2159.9,Overproduction
W00001168,R023,M0037,2025-05-01,2.24,945.72,2118.41,Overproduction
W00001169,R003,M0047,2025-05-11,0.7,740.15,518.1,Expired
W00001170,R005,M0116,2026-04-14,2.92,177.12,517.19,Expired
W00001171,R023,M0003,2026-07-19,1.55,579.28,897.88,Unsold
W00001172,R018,M0114,2025-04-18,0.47,372.54,175.09,Unsold
W00001173,R004,M0032,2026-02-27,1.85,501.51,927.79,Preparation Error
W00001174,R010,M0067,2026-02-07,5.8,589.09,3416.72,Unsold
W00001175,R016,M0158,2026-04-28,2.18,328.15,715.37,Overproduction
W00001176,R019,M0129,2026-06-07,3.25,905.34,2942.36,Expired
W00001177,R010,M0186,2026-08-15,0.66,748.0,493.68,Damaged
W00001178,R025,M0018,2025-05-11,2.07,494.18,1022.95,Expired
W00001179,R002,M0060,2026-07-12,2.59,508.88,1318.0,Expired
W00001180,R020,M0119,2025-12-07,3.71,112.0,415.52,Unsold
W00001181,R003,M0049,2025-07-12,1.38,668.69,922.79,Unsold
W00001182,R003,M0100,2026-03-10,1.88,892.5,1677.9,Preparation Error
W00001183,R013,M0128,2026-03-24,3.04,642.5,1953.2,Damaged
W00001184,R020,M0068,2025-12-29,6.26,521.07,3261.9,Preparation Error
W00001185,R004,M0096,2025-10-03,3.77,429.01,1617.37,Overproduction
W00001186,R019,M0080,2025-04-28,1.43,508.12,726.61,Overproduction
W00001187,R003,M0113,2026-07-05,2.52,450.35,1134.88,Preparation Error
W00001188,R008,M0084,2026-04-07,3.85,797.35,3069.8,Overproduction
W00001189,R021,M0071,2026-08-18,1.46,352.78,515.06,Unsold
W00001190,R024,M0107,2026-06-28,1.72,132.35,227.64,Overproduction
W00001191,R015,M0144,2026-08-11,0.45,299.48,134.77,Expired
W00001192,R018,M0099,2025-06-09,0.19,301.68,57.32,Preparation Error
W00001193,R024,M0006,2025-07-03,2.4,882.22,2117.33,Expired
W00001194,R001,M0183,2026-04-13,3.08,328.19,1010.83,Overproduction
W00001195,R009,M0053,2026-07-17,0.33,875.76,289.0,Expired
W00001196,R003,M0182,2026-05-21,0.9,610.24,549.22,Preparation Error
W00001197,R002,M0016,2025-12-03,0.85,575.99,489.59,Preparation Error
W00001198,R007,M0104,2026-03-09,1.76,98.84,173.96,Preparation Error
W00001199,R002,M0195,2025-03-15,1.78,97.47,173.5,Overproduction
W00001200,R013,M0035,2026-06-03,2.33,552.77,1287.95,Preparation Error
W00001201,R006,M0177,2025-04-10,1.42,112.66,159.98,Expired
W00001202,R004,M0093,2025-07-25,2.98,532.84,1587.86,Expired
W00001203,R005,M0115,2025-06-25,2.13,646.44,1376.92,Expired
W00001204,R021,M0035,2026-05-04,0.59,552.77,326.13,Preparation Error
W00001205,R008,M0092,2025-12-13,2.87,487.83,1400.07,Damaged
W00001206,R019,M0077,2025-03-15,1.99,785.37,1562.89,Expired
W00001207,R018,M0168,2026-06-28,3.2,792.01,2534.43,Unsold
W00001208,R008,M0056,2025-07-14,2.62,116.93,306.36,Overproduction
W00001209,R016,M0196,2026-06-22,1.43,799.62,1143.46,Damaged
W00001210,R009,M0060,2025-06-28,0.39,508.88,198.46,Overproduction
W00001211,R016,M0084,2025-09-11,6.25,797.35,4983.44,Expired
W00001212,R004,M0111,2025-05-22,4.1,170.58,699.38,Unsold
W00001213,R015,M0132,2026-03-16,0.93,735.98,684.46,Overproduction
W00001214,R009,M0119,2025-12-04,0.33,112.0,36.96,Preparation Error
W00001215,R007,M0072,2026-04-10,2.1,553.84,1163.06,Unsold
W00001216,R001,M0071,2025-06-09,0.56,352.78,197.56,Unsold
W00001217,R021,M0117,2025-12-05,1.14,652.7,744.08,Preparation Error
W00001218,R019,M0013,2025-03-02,2.77,921.08,2551.39,Overproduction
W00001219,R024,M0084,2025-04-22,1.97,797.35,1570.78,Unsold
W00001220,R025,M0112,2026-06-20,0.49,226.87,111.17,Overproduction
W00001221,R016,M0050,2025-03-27,1.63,288.36,470.03,Overproduction
W00001222,R016,M0040,2025-06-16,1.45,183.21,265.65,Overproduction
W00001223,R015,M0038,2026-04-24,0.76,680.0,516.8,Unsold
W00001224,R014,M0082,2025-04-07,0.78,219.55,171.25,Preparation Error
W00001225,R003,M0182,2026-05-14,1.68,610.24,1025.2,Expired
W00001226,R020,M0170,2025-04-10,5.32,372.38,1981.06,Expired
W00001227,R007,M0069,2026-05-30,0.99,636.72,630.35,Overproduction
W00001228,R010,M0027,2025-03-19,2.36,486.67,1148.54,Overproduction
W00001229,R001,M0138,2026-07-31,1.55,334.39,518.3,Expired
W00001230,R020,M0145,2026-04-10,1.81,977.33,1768.97,Expired
W00001231,R021,M0054,2026-08-27,2.8,689.43,1930.4,Overproduction
W00001232,R012,M0143,2026-02-28,0.94,348.4,327.5,Expired
W00001233,R008,M0068,2025-04-13,0.74,521.07,385.59,Expired
W00001234,R014,M0183,2025-08-03,4.04,328.19,1325.89,Expired
W00001235,R019,M0058,2025-05-20,3.66,581.97,2130.01,Preparation Error
W00001236,R012,M0114,2025-07-19,4.74,372.54,1765.84,Damaged
W00001237,R016,M0119,2025-12-06,0.28,112.0,31.36,Overproduction
W00001238,R007,M0098,2026-03-31,4.37,593.5,2593.6,Unsold
W00001239,R016,M0171,2025-03-02,3.97,859.53,3412.33,Expired
W00001240,R016,M0154,2026-01-08,1.49,914.99,1363.34,Unsold
W00001241,R014,M0072,2025-04-23,3.78,553.84,2093.52,Overproduction
W00001242,R007,M0194,2025-09-16,0.97,635.41,616.35,Unsold
W00001243,R012,M0054,2026-07-21,0.85,689.43,586.02,Unsold
W00001244,R012,M0112,2025-09-15,0.86,226.87,195.11,Expired
W00001245,R006,M0088,2026-08-10,1.35,654.65,883.78,Damaged
W00001246,R018,M0061,2026-06-21,0.91,445.8,405.68,Expired
W00001247,R021,M0082,2025-03-20,1.63,219.55,357.87,Expired
W00001248,R007,M0112,2025-07-27,0.51,226.87,115.7,Unsold
W00001249,R003,M0128,2026-08-21,3.1,642.5,1991.75,Unsold
W00001250,R016,M0147,2025-05-05,2.51,522.91,1312.5,Preparation Error
W00001251,R003,M0077,2025-06-12,1.91,785.37,1500.06,Unsold
W00001252,R025,M0117,2025-06-30,2.57,652.7,1677.44,Damaged
W00001253,R006,M0187,2025-08-05,3.91,460.73,1801.45,Preparation Error
W00001254,R016,M0078,2025-03-13,1.28,712.53,912.04,Unsold
W00001255,R007,M0052,2025-07-20,0.28,414.2,115.98,Unsold
W00001256,R008,M0080,2025-05-09,0.27,508.12,137.19,Preparation Error
W00001257,R022,M0101,2025-08-30,0.71,299.61,212.72,Overproduction
W00001258,R011,M0065,2025-07-01,1.77,442.03,782.39,Expired
W00001259,R009,M0091,2026-05-21,0.4,213.29,85.32,Expired
W00001260,R015,M0193,2026-05-06,1.19,256.22,304.9,Unsold
W00001261,R022,M0083,2026-08-03,3.24,199.0,644.76,Unsold
W00001262,R002,M0093,2025-04-22,3.52,532.84,1875.6,Expired
W00001263,R018,M0013,2025-05-09,3.86,921.08,3555.37,Overproduction
W00001264,R003,M0083,2025-06-15,3.22,199.0,640.78,Expired
W00001265,R023,M0085,2025-05-15,0.31,817.96,253.57,Unsold
W00001266,R019,M0023,2025-12-26,0.63,232.79,146.66,Expired
W00001267,R008,M0026,2026-05-08,3.02,216.51,653.86,Unsold
W00001268,R008,M0113,2025-08-21,2.83,450.35,1274.49,Overproduction
W00001269,R010,M0008,2025-05-07,2.65,415.8,1101.87,Preparation Error
W00001270,R001,M0156,2025-09-22,3.13,495.27,1550.2,Unsold
W00001271,R015,M0062,2025-12-07,0.56,569.95,319.17,Damaged
W00001272,R006,M0111,2025-07-11,1.5,170.58,255.87,Overproduction
W00001273,R013,M0104,2025-09-01,0.74,98.84,73.14,Preparation Error
W00001274,R021,M0061,2026-08-16,3.73,445.8,1662.83,Expired
W00001275,R015,M0018,2026-07-19,4.56,494.18,2253.46,Expired
W00001276,R008,M0101,2026-07-10,2.02,299.61,605.21,Expired
W00001277,R025,M0132,2025-06-13,3.11,735.98,2288.9,Preparation Error
W00001278,R016,M0161,2026-06-14,1.52,250.49,380.74,Damaged
W00001279,R003,M0067,2026-06-08,1.39,589.09,818.84,Unsold
W00001280,R006,M0061,2026-05-29,5.18,445.8,2309.24,Unsold
W00001281,R021,M0052,2026-02-24,3.01,414.2,1246.74,Overproduction
W00001282,R015,M0174,2025-12-14,2.28,292.77,667.52,Expired
W00001283,R005,M0063,2026-03-25,4.6,533.01,2451.85,Expired
W00001284,R010,M0153,2025-10-19,0.56,928.79,520.12,Overproduction
W00001285,R009,M0197,2025-08-10,0.53,162.77,86.27,Unsold
W00001286,R022,M0010,2025-07-13,1.59,239.03,380.06,Overproduction
W00001287,R001,M0076,2026-02-09,0.92,300.5,276.46,Overproduction
W00001288,R015,M0072,2025-08-05,1.04,553.84,575.99,Overproduction
W00001289,R017,M0190,2025-07-11,2.69,169.28,455.36,Unsold
W00001290,R002,M0042,2025-07-23,0.7,694.45,486.12,Expired
W00001291,R024,M0010,2026-04-22,2.16,239.03,516.3,Preparation Error
W00001292,R019,M0106,2026-07-23,2.85,440.79,1256.25,Overproduction
W00001293,R011,M0043,2026-06-30,1.01,696.72,703.69,Preparation Error
W00001294,R006,M0140,2025-03-31,0.39,931.79,363.4,Overproduction
W00001295,R024,M0135,2025-03-22,0.21,780.13,163.83,Overproduction
W00001296,R002,M0090,2025-10-08,3.53,460.77,1626.52,Unsold
W00001297,R022,M0088,2025-04-06,0.07,654.65,45.83,Overproduction
W00001298,R001,M0084,2025-04-21,3.07,797.35,2447.86,Expired
W00001299,R019,M0141,2026-06-06,3.26,621.94,2027.52,Overproduction
W00001300,R016,M0026,2025-04-27,2.56,216.51,554.27,Expired
W00001301,R010,M0142,2025-03-10,2.84,392.03,1113.37,Overproduction
W00001302,R016,M0028,2026-07-20,0.9,529.37,476.43,Expired
W00001303,R011,M0081,2026-07-21,0.19,405.84,77.11,Expired
W00001304,R002,M0159,2025-09-28,3.51,620.51,2177.99,Unsold
W00001305,R024,M0124,2025-12-11,2.82,518.32,1461.66,Overproduction
W00001306,R024,M0145,2026-02-20,0.94,977.33,918.69,Preparation Error
W00001307,R003,M0175,2026-06-24,0.55,276.79,152.23,Overproduction
W00001308,R016,M0156,2025-10-20,2.98,495.27,1475.9,Unsold
W00001309,R007,M0046,2025-12-05,2.31,667.02,1540.82,Damaged
W00001310,R019,M0197,2025-09-08,1.18,162.77,192.07,Overproduction
W00001311,R006,M0080,2025-04-15,0.89,508.12,452.23,Overproduction
W00001312,R010,M0186,2026-07-29,0.99,748.0,740.52,Unsold
W00001313,R006,M0020,2026-03-26,2.88,461.33,1328.63,Unsold
W00001314,R024,M0027,2026-04-20,0.78,486.67,379.6,Unsold
W00001315,R009,M0016,2025-04-10,0.93,575.99,535.67,Overproduction
W00001316,R023,M0019,2025-12-10,2.59,303.07,784.95,Overproduction
W00001317,R023,M0079,2026-07-12,0.12,624.61,74.95,Overproduction
W00001318,R018,M0180,2026-02-23,1.34,140.37,188.1,Damaged
W00001319,R001,M0092,2026-08-29,1.44,487.83,702.48,Unsold
W00001320,R021,M0197,2025-05-07,2.31,162.77,376.0,Damaged
W00001321,R007,M0162,2025-07-18,0.61,150.66,91.9,Expired
W00001322,R007,M0021,2025-05-11,1.88,557.08,1047.31,Damaged
W00001323,R011,M0114,2025-08-26,1.34,372.54,499.2,Preparation Error
W00001324,R015,M0078,2026-05-01,1.78,712.53,1268.3,Expired
W00001325,R005,M0074,2026-03-24,3.52,342.58,1205.88,Overproduction
W00001326,R008,M0006,2025-04-07,1.39,882.22,1226.29,Unsold
W00001327,R016,M0053,2025-03-24,1.0,875.76,875.76,Unsold
W00001328,R004,M0194,2026-04-13,2.91,635.41,1849.04,Expired
W00001329,R006,M0137,2026-04-30,0.57,733.63,418.17,Unsold
W00001330,R022,M0025,2025-09-11,0.18,161.15,29.01,Preparation Error
W00001331,R015,M0064,2025-09-27,1.95,152.24,296.87,Unsold
W00001332,R022,M0098,2025-10-16,2.05,593.5,1216.68,Overproduction
W00001333,R023,M0031,2026-04-13,2.37,646.64,1532.54,Damaged
W00001334,R013,M0003,2026-06-07,0.35,579.28,202.75,Expired
W00001335,R001,M0120,2025-07-25,3.07,1001.73,3075.31,Expired
W00001336,R007,M0006,2025-10-11,2.65,882.22,2337.88,Expired
W00001337,R021,M0174,2026-01-14,6.13,292.77,1794.68,Overproduction
W00001338,R025,M0066,2025-05-23,1.36,305.74,415.81,Expired
W00001339,R005,M0070,2026-02-16,0.55,897.78,493.78,Unsold
W00001340,R011,M0186,2025-09-24,1.88,748.0,1406.24,Preparation Error
W00001341,R020,M0193,2026-03-04,1.22,256.22,312.59,Expired
W00001342,R012,M0025,2025-12-25,6.24,161.15,1005.58,Overproduction
W00001343,R016,M0089,2026-05-05,2.22,440.09,977.0,Damaged
W00001344,R007,M0034,2026-07-14,1.37,547.89,750.61,Overproduction
W00001345,R011,M0091,2025-12-07,1.09,213.29,232.49,Expired
W00001346,R023,M0164,2026-07-23,0.85,606.17,515.24,Unsold
W00001347,R004,M0121,2025-09-10,5.02,763.44,3832.47,Preparation Error
W00001348,R020,M0037,2025-12-18,0.95,945.72,898.43,Overproduction
W00001349,R015,M0032,2026-08-29,0.29,501.51,145.44,Expired
W00001350,R008,M0061,2025-04-25,1.32,445.8,588.46,Unsold
W00001351,R023,M0050,2025-09-26,3.86,288.36,1113.07,Expired
W00001352,R008,M0122,2026-03-06,3.06,238.78,730.67,Preparation Error
W00001353,R008,M0049,2026-03-08,3.8,668.69,2541.02,Overproduction
W00001354,R020,M0194,2025-09-25,0.78,635.41,495.62,Overproduction
W00001355,R024,M0127,2025-07-24,1.0,426.76,426.76,Unsold
W00001356,R004,M0056,2026-07-20,1.49,116.93,174.23,Overproduction
W00001357,R015,M0165,2025-08-30,2.36,198.22,467.8,Preparation Error
W00001358,R008,M0121,2025-05-09,1.51,763.44,1152.79,Expired
W00001359,R023,M0059,2025-10-22,4.34,253.68,1100.97,Preparation Error
W00001360,R009,M0197,2025-09-07,1.66,162.77,270.2,Preparation Error
W00001361,R019,M0154,2026-08-16,1.22,914.99,1116.29,Expired
W00001362,R013,M0171,2026-05-26,0.85,859.53,730.6,Damaged
W00001363,R011,M0088,2026-07-07,2.17,654.65,1420.59,Preparation Error
W00001364,R011,M0114,2026-05-20,1.27,372.54,473.13,Expired
W00001365,R015,M0151,2026-04-25,2.44,341.16,832.43,Overproduction
W00001366,R001,M0188,2026-04-14,2.53,166.63,421.57,Unsold
W00001367,R007,M0149,2025-07-28,0.75,487.64,365.73,Overproduction
W00001368,R020,M0045,2025-03-29,1.36,503.33,684.53,Expired
W00001369,R014,M0015,2026-07-10,2.28,930.59,2121.75,Overproduction
W00001370,R003,M0192,2025-04-03,4.98,204.78,1019.8,Unsold
W00001371,R022,M0017,2026-04-09,4.2,371.46,1560.13,Expired
W00001372,R005,M0172,2026-03-14,1.84,984.75,1811.94,Overproduction
W00001373,R010,M0113,2026-01-30,0.94,450.35,423.33,Overproduction
W00001374,R023,M0117,2025-10-12,1.06,652.7,691.86,Preparation Error
W00001375,R004,M0027,2025-06-03,0.9,486.67,438.0,Unsold
W00001376,R019,M0035,2025-07-11,0.76,552.77,420.11,Expired
W00001377,R013,M0013,2025-11-13,2.37,921.08,2182.96,Expired
W00001378,R020,M0098,2026-07-08,0.99,593.5,587.56,Unsold
W00001379,R010,M0196,2026-06-14,1.24,799.62,991.53,Preparation Error
W00001380,R025,M0108,2026-01-25,1.64,244.67,401.26,Overproduction
W00001381,R022,M0169,2025-09-09,0.89,712.18,633.84,Overproduction
W00001382,R002,M0138,2025-10-24,3.09,334.39,1033.27,Overproduction
W00001383,R002,M0188,2026-05-09,1.64,166.63,273.27,Expired
W00001384,R010,M0129,2026-08-21,0.9,905.34,814.81,Overproduction
W00001385,R024,M0010,2025-11-07,5.15,239.03,1231.0,Overproduction
W00001386,R010,M0197,2025-03-07,0.61,162.77,99.29,Expired
W00001387,R006,M0168,2025-05-22,0.93,792.01,736.57,Damaged
W00001388,R011,M0103,2026-08-13,0.4,706.95,282.78,Overproduction
W00001389,R008,M0163,2026-06-23,0.19,584.89,111.13,Overproduction
W00001390,R001,M0194,2025-09-18,0.78,635.41,495.62,Expired
W00001391,R004,M0042,2026-03-23,0.63,694.45,437.5,Overproduction
W00001392,R005,M0010,2025-03-21,6.99,239.03,1670.82,Damaged
W00001393,R020,M0031,2025-12-30,0.51,646.64,329.79,Expired
W00001394,R008,M0079,2025-07-15,1.55,624.61,968.15,Overproduction
W00001395,R008,M0009,2025-05-31,0.64,971.17,621.55,Damaged
W00001396,R021,M0083,2025-10-10,1.72,199.0,342.28,Damaged
W00001397,R014,M0146,2026-08-15,3.98,141.24,562.14,Unsold
W00001398,R011,M0122,2025-12-25,3.25,238.78,776.04,Unsold
W00001399,R019,M0106,2025-09-10,0.95,440.79,418.75,Expired
W00001400,R013,M0172,2026-02-24,0.75,984.75,738.56,Overproduction
W00001401,R013,M0060,2026-08-26,0.96,508.88,488.52,Preparation Error
W00001402,R014,M0158,2025-09-05,2.69,328.15,882.72,Preparation Error
W00001403,R003,M0195,2025-03-02,1.44,97.47,140.36,Expired
W00001404,R015,M0158,2026-03-18,4.58,328.15,1502.93,Expired
W00001405,R011,M0168,2026-04-09,0.27,792.01,213.84,Expired
W00001406,R018,M0058,2025-09-10,0.97,581.97,564.51,Overproduction
W00001407,R003,M0184,2026-04-08,2.14,491.4,1051.6,Unsold
W00001408,R013,M0153,2025-04-18,2.73,928.79,2535.6,Unsold
W00001409,R003,M0084,2026-04-11,0.37,797.35,295.02,Unsold
W00001410,R018,M0174,2026-08-31,4.41,292.77,1291.12,Expired
W00001411,R020,M0033,2025-12-29,0.34,163.52,55.6,Expired
W00001412,R017,M0124,2025-07-29,0.32,518.32,165.86,Unsold
W00001413,R008,M0068,2025-07-24,3.21,521.07,1672.63,Preparation Error
W00001414,R013,M0085,2026-07-14,0.91,817.96,744.34,Preparation Error
W00001415,R004,M0088,2025-06-20,2.91,654.65,1905.03,Damaged
W00001416,R011,M0169,2025-05-31,2.02,712.18,1438.6,Damaged
W00001417,R014,M0160,2025-07-02,1.71,751.95,1285.83,Unsold
W00001418,R003,M0193,2026-04-11,1.03,256.22,263.91,Expired
W00001419,R008,M0092,2026-08-28,1.22,487.83,595.15,Overproduction
W00001420,R004,M0195,2026-03-08,0.85,97.47,82.85,Expired
W00001421,R016,M0048,2026-05-01,0.89,969.45,862.81,Unsold
W00001422,R001,M0004,2025-12-14,0.71,697.23,495.03,Overproduction
W00001423,R025,M0131,2026-06-08,1.95,538.05,1049.2,Unsold
W00001424,R023,M0040,2026-04-20,1.7,183.21,311.46,Damaged
W00001425,R004,M0069,2025-03-15,0.84,636.72,534.84,Unsold
W00001426,R022,M0135,2025-11-27,0.2,780.13,156.03,Overproduction
W00001427,R021,M0200,2025-05-23,1.81,535.72,969.65,Overproduction
W00001428,R014,M0086,2026-08-24,1.77,946.48,1675.27,Expired
W00001429,R021,M0011,2026-02-08,0.21,554.21,116.38,Overproduction
W00001430,R025,M0172,2025-04-08,1.95,984.75,1920.26,Unsold
W00001431,R007,M0122,2026-01-29,-1.0,238.78,2017.69,Overproduction
W00001432,R008,M0087,2025-11-11,1.89,849.18,1604.95,Preparation Error
W00001433,R009,M0132,2026-03-09,1.06,735.98,780.14,Expired
W00001434,R014,M0026,2025-04-24,2.78,216.51,601.9,Preparation Error
W00001435,R017,M0050,2026-05-12,0.41,288.36,118.23,Damaged
W00001436,R015,M0168,2025-06-15,2.58,792.01,2043.39,Expired
W00001437,R005,M0135,2026-02-27,1.92,780.13,1497.85,Expired
W00001438,R005,M0062,2026-07-29,0.94,569.95,535.75,Damaged
W00001439,R024,M0078,2026-04-20,2.78,712.53,1980.83,Preparation Error
W00001440,R012,M0115,2025-08-01,1.76,646.44,1137.73,Preparation Error
W00001441,R013,M0149,2026-08-31,2.04,487.64,994.79,Damaged
W00001442,R023,M0086,2025-07-18,2.5,946.48,2366.2,Damaged
W00001443,R014,M0082,2025-06-25,0.83,219.55,182.23,Overproduction
W00001444,R023,M0161,2025-04-07,1.52,250.49,380.74,Expired
W00001445,R018,M0091,2026-04-12,5.51,213.29,1175.23,Expired
W00001446,R012,M0164,2025-06-12,2.08,606.17,1260.83,Expired
W00001447,R013,M0045,2025-12-19,0.81,503.33,407.7,Expired
W00001448,R015,M0034,2026-08-17,0.72,547.89,394.48,Preparation Error
W00001449,R001,M0195,2026-01-24,3.2,97.47,311.9,Overproduction
W00001450,R011,M0097,2026-04-25,2.86,174.21,498.24,Damaged
W00001451,R014,M0160,2026-07-07,0.7,751.95,526.36,Overproduction
W00001452,R005,M0099,2026-04-05,2.58,301.68,778.33,Unsold
W00001453,R003,M0036,2025-11-23,0.89,661.91,589.1,Overproduction
W00001454,R017,M0116,2025-04-09,2.91,177.12,515.42,Overproduction
W00001455,R003,M0164,2026-08-03,2.82,606.17,1709.4,Overproduction
W00001456,R020,M0184,2025-07-19,0.06,491.4,29.48,Expired
W00001457,R015,M0176,2025-03-20,0.46,882.63,406.01,Expired
W00001458,R014,M0098,2025-07-26,0.77,593.5,457.0,Preparation Error
W00001459,R007,M0186,2025-12-06,1.79,748.0,1338.92,Expired
W00001460,R003,M0006,2025-10-05,2.43,882.22,2143.79,Overproduction
W00001461,R003,M0108,2025-06-05,0.59,244.67,144.36,Overproduction
W00001462,R003,M0188,2025-05-14,3.07,166.63,511.55,Overproduction
W00001463,R009,M0112,2026-04-06,1.24,226.87,281.32,Preparation Error
W00001464,R002,M0122,2025-03-05,0.44,238.78,105.06,Expired
W00001465,R002,M0198,2026-04-24,1.38,297.56,410.63,Overproduction
W00001466,R023,M0133,2026-08-20,3.62,587.42,2126.46,Overproduction
W00001467,R015,M0018,2026-06-01,4.57,494.18,2258.4,Expired
W00001468,R024,M0116,2025-09-16,1.21,177.12,214.32,Expired
W00001469,R006,M0190,2026-05-07,0.99,169.28,167.59,Preparation Error
W00001470,R012,M0027,2026-02-14,1.76,486.67,856.54,Unsold
W00001471,R003,M0078,2025-03-04,1.51,712.53,1075.92,Preparation Error
W00001472,R016,M0141,2025-12-22,3.21,621.94,1996.43,Expired
W00001473,R015,M0199,2026-05-24,0.34,227.4,77.32,Expired
W00001474,R019,M0052,2026-07-06,0.17,414.2,70.41,Overproduction
W00001475,R024,M0050,2025-05-01,1.7,288.36,490.21,Damaged
W00001476,R007,M0068,2025-10-12,0.86,521.07,448.12,Unsold
W00001477,R024,M0089,2026-06-18,0.8,440.09,352.07,Unsold
W00001478,R018,M0039,2025-10-18,1.57,638.77,1002.87,Expired
W00001479,R015,M0184,2025-10-02,2.28,491.4,1120.39,Overproduction
W00001480,R021,M0028,2025-05-25,4.72,529.37,2498.63,Unsold
W00001481,R011,M0032,2025-09-05,0.61,501.51,305.92,Unsold
W00001482,R015,M0094,2025-07-03,0.4,297.18,118.87,Preparation Error
W00001483,R019,M0028,2026-06-15,0.56,529.37,296.45,Preparation Error
W00001484,R011,M0130,2026-08-14,1.03,401.43,413.47,Preparation Error
W00001485,R016,M0036,2026-08-11,1.23,661.91,814.15,Expired
W00001486,R012,M0074,2026-01-31,2.56,342.58,877.0,Expired
W00001487,R014,M0072,2025-08-09,1.37,553.84,758.76,Unsold
W00001488,R005,M0003,2025-09-15,2.39,579.28,1384.48,Expired
W00001489,R001,M0126,2026-06-23,1.46,532.47,777.41,Unsold
W00001490,R016,M0116,2026-04-19,1.02,177.12,180.66,Unsold
W00001491,R013,M0193,2026-01-25,2.04,256.22,522.69,Preparation Error
W00001492,R011,M0019,2026-07-02,1.02,303.07,309.13,Unsold
W00001493,R004,M0112,2026-01-03,3.98,226.87,902.94,Damaged
W00001494,R022,M0015,2026-07-28,2.31,930.59,2149.66,Overproduction
W00001495,R006,M0188,2025-11-18,4.27,166.63,711.51,Overproduction
W00001496,R002,M0045,2025-04-01,0.91,503.33,458.03,Unsold
W00001497,R025,M0170,2025-03-31,1.62,372.38,603.26,Overproduction
W00001498,R007,M0190,2025-10-27,1.91,169.28,323.32,Unsold
W00001499,R006,M0109,2026-07-15,1.44,729.46,1050.42,Unsold
W00001500,R012,M0168,2025-11-08,1.31,792.01,1037.53,Overproduction
