menu_item_id,item_name,category_name,order_count,units_sold,gross_sales,avg_unit_price
M0138,Deluxe Pakistani 10,Pakistani,6232,9734,6725472.25,699.98
M0162,Signature Seafood 11,Seafood,5709,8915,2907930.18,330.06
M0036,Cheesy Dessert 3,Desserts,16443,25564,45230449.52,1790.74
M0031,Tandoori Burger 3,Burgers,18193,28384,48797912.85,1739.89
M0197,Creamy Pizza 14,Pizza,5055,7816,2546387.22,329.89
M0029,Special Rice 2,Rice,19494,30564,19927733.1,660.06
M0129,Special Breakfast 9,Breakfast,6798,10418,18110615.6,1760.12
M0046,Double Burger 4,Burgers,14045,22047,35702615.5,1639.25
M0105,House Coffee & Tea 7,Coffee & Tea,7676,11987,15501927.58,1309.48
M0132,Fiery Seafood 9,Seafood,6390,10031,17543275.29,1770.81
M0076,Cheesy Burger 6,Burgers,9747,15235,9928063.2,660.0
M0122,Signature Pizza 9,Pizza,6772,10539,4887211.64,469.82
M0128,Royal Fast Food 9,Fast Food,6682,10399,10990614.59,1069.82
M0161,Classic Pasta 11,Pasta,5768,9089,3678314.0,410.02
M0067,Smoky Chinese 5,Chinese,10764,16878,24001797.6,1440.46
M0147,Smoky Seafood 10,Seafood,6106,9393,9650989.4,1040.79
M0137,Creamy Pizza 10,Pizza,6365,9847,17220011.44,1769.21
M0143,Fresh Fast Food 10,Fast Food,6075,9304,7347198.0,799.38
M0054,Masala Breakfast 4,Breakfast,12466,19547,21615333.6,1120.11
M0069,Special Breakfast 5,Breakfast,10506,16435,18989351.57,1169.91
M0160,Loaded Salad 11,Salads,5726,8934,15430095.59,1748.38
M0193,Crispy Sandwiche 13,Sandwiches,5051,7794,4227588.8,549.74
M0181,Classic Burger 13,Burgers,5254,8159,2255971.9,279.95
M0070,Grilled Salad 5,Salads,10495,16318,26258994.23,1629.81
M0110,Grilled Beverage 8,Beverages,7474,11590,18886696.14,1649.29
M0064,Spicy BBQ 5,BBQ,11018,17069,7077665.7,420.09
M0080,Loaded Beverage 6,Beverages,9404,14735,12667243.43,869.38
M0190,Grilled Salad 13,Salads,4973,7688,2884568.6,379.91
M0157,Creamy Chinese 11,Chinese,5664,8873,12800794.55,1461.27
M0071,Tandoori Pasta 5,Pasta,10304,15974,9933751.86,629.8
M0104,Spicy Rice 7,Rice,7778,12220,2414322.0,199.96
M0119,Supreme Rice 8,Rice,6955,10924,2589717.6,240.01
M0182,Signature Pizza 13,Pizza,5184,8117,13232447.18,1650.86
M0158,Deluxe Fast Food 11,Fast Food,5774,8867,6213959.06,709.7
M0009,Special Breakfast 1,Breakfast,43896,70319,115301379.75,1659.87
M0017,Creamy Pizza 2,Pizza,28118,44802,32254407.95,729.83
M0081,Classic Dessert 6,Desserts,9155,14362,13044459.2,919.8
M0103,Fresh Sandwiche 7,Sandwiches,7808,12177,13837420.93,1150.64
M0092,Fiery Pizza 7,Pizza,8401,13086,11492939.84,889.69
M0041,Classic Pasta 3,Pasta,15168,23836,36718784.7,1559.92
M0072,Fiery Seafood 5,Seafood,10121,15768,20881008.95,1340.45
M0184,Spicy BBQ 13,BBQ,5179,7972,8187121.8,1039.76
M0099,Supreme Breakfast 7,Breakfast,8063,12610,7096232.03,569.75
M0019,Supreme BBQ 2,BBQ,26204,41564,25852895.87,629.94
M0087,Smoky Seafood 6,Seafood,8869,13833,22972366.2,1680.47
M0078,Deluxe Pakistani 6,Pakistani,9549,14893,18525795.75,1259.95
M0079,Supreme BBQ 6,BBQ,9397,14658,15211384.09,1050.08
M0025,House Salad 2,Salads,21489,33868,8698395.55,260.03
M0073,Crispy Sandwiche 5,Sandwiches,10063,15728,6515787.6,419.89
M0095,Herb Beverage 7,Beverages,8273,12964,2946501.34,230.02
M0200,Loaded Beverage 14,Beverages,4772,7368,8435618.6,1159.21
M0176,Cheesy Pasta 12,Pasta,5396,8452,14858874.85,1779.38
M0170,Grilled Beverage 12,Beverages,5458,8553,7598299.5,899.71
M0171,Tandoori Dessert 12,Desserts,5415,8251,13359325.2,1639.91
M0178,Deluxe Sandwiche 12,Sandwiches,5347,8279,2127201.05,260.12
M0077,Creamy Pizza 6,Pizza,9448,14675,23638838.64,1630.45
M0089,Special Rice 6,Rice,8694,13442,15268023.95,1150.25
M0004,Spicy BBQ 1,BBQ,76269,126006,224007426.0,1800.21
M0003,Fresh Pakistani 1,Pakistani,92958,155765,161527463.68,1049.88
M0057,Creamy Seafood 4,Seafood,11968,18710,9243631.25,499.97
M0010,Grilled Salad 1,Salads,40621,65271,27708490.41,429.99
M0114,Masala Breakfast 8,Breakfast,7205,11125,7032150.4,640.08
M0152,Fiery Pizza 11,Pizza,5813,9079,5021196.6,560.23
M0083,Fresh Fast Food 6,Fast Food,9076,14112,7525147.05,540.03
M0195,Herb Coffee & Tea 13,Coffee & Tea,5116,7890,1793420.98,230.02
M0048,Royal Pakistani 4,Pakistani,13503,21126,33004623.95,1580.84
M0082,Signature Chinese 6,Chinese,9172,14301,8338571.77,590.2
M0141,Classic Dessert 10,Desserts,6220,9677,12904477.91,1350.75
M0126,Double Dessert 9,Desserts,6690,10383,15589933.2,1520.0
M0194,Masala Rice 13,Rice,4867,7629,9563766.77,1268.91
M0186,Double Dessert 13,Desserts,5081,7879,12601161.9,1619.9
M0061,Classic Burger 5,Burgers,11415,17845,15514483.6,879.92
M0063,Fresh Pakistani 5,Pakistani,11008,17319,20699191.14,1210.4
M0188,Royal Fast Food 13,Fast Food,5074,7883,2259448.44,290.0
M0167,Smoky Pizza 12,Pizza,5498,8572,4736317.6,559.95
M0097,Creamy Chinese 7,Chinese,8222,12882,4070016.8,320.03
M0117,Creamy Seafood 8,Seafood,7104,10951,12324654.0,1139.63
M0011,Tandoori Pasta 1,Pasta,38177,61194,69490124.42,1149.83
M0015,Herb Coffee & Tea 1,Coffee & Tea,30901,49242,81715968.6,1680.28
M0096,Cheesy Dessert 7,Desserts,8270,12940,9331033.0,729.98
M0191,Tandoori Pasta 13,Pasta,5085,7903,8989647.65,1150.03
M0134,Masala Rice 9,Rice,6552,10200,7350402.58,730.26
M0034,Masala BBQ 3,BBQ,17236,27036,33622706.25,1259.43
M0052,Fiery Chinese 4,Chinese,12848,20110,14106232.06,710.1
M0035,Herb Beverage 3,Beverages,17125,26999,24526066.1,920.1
M0101,Classic Pasta 7,Pasta,7964,12394,6733537.19,550.01
M0111,Tandoori Dessert 8,Desserts,7245,11368,3142038.2,279.86
M0058,Deluxe Sandwiche 4,Sandwiches,11712,18396,24538102.88,1350.21
M0148,Royal Sandwiche 10,Sandwiches,6077,9434,11002591.4,1179.79
M0013,Crispy Sandwiche 1,Sandwiches,34021,53803,79733197.5,1500.25
M0051,Tandoori Dessert 4,Desserts,12870,20152,14912435.55,749.61
M0045,House Coffee & Tea 3,Coffee & Tea,14151,22096,23573003.4,1080.29
M0165,House Coffee & Tea 11,Coffee & Tea,5591,8664,4624187.4,540.18
M0115,Herb Salad 8,Salads,7314,11451,12888498.0,1140.19
M0159,Supreme Breakfast 11,Breakfast,5872,9220,9462315.2,1040.05
M0066,Double Dessert 5,Desserts,10727,16856,9654452.35,579.88
M0032,Fiery Pizza 3,Pizza,17748,27914,22876566.96,829.8
M0189,Special Breakfast 13,Breakfast,5010,7843,11620657.5,1500.7
M0088,Royal Sandwiche 6,Sandwiches,8764,13644,15342638.7,1139.59
M0150,Grilled Coffee & Tea 10,Coffee & Tea,5944,9323,2759765.25,299.9
M0163,Fresh Sandwiche 11,Sandwiches,5730,9005,12373272.27,1390.6
M0164,Spicy Rice 11,Rice,5663,8904,11172828.13,1271.17
M0012,Fiery Seafood 1,Seafood,36166,57795,32531169.57,569.9
M0005,House Beverage 1,Beverages,65961,107773,45768686.88,430.02
M0187,Smoky Chinese 13,Chinese,5126,7973,6841949.78,869.93
M0090,Grilled Coffee & Tea 6,Coffee & Tea,8715,13511,16678731.3,1249.47
M0038,Deluxe Fast Food 3,Fast Food,15960,24838,32384899.8,1320.45
M0049,Special BBQ 4,BBQ,13377,20950,30005375.58,1450.51
M0037,Creamy Chinese 3,Chinese,16242,25440,40446967.47,1610.43
M0050,Grilled Beverage 4,Beverages,12970,20298,16037544.0,799.65
M0146,Double Pasta 10,Pasta,6101,9506,2348444.42,250.06
M0149,Special Rice 10,Rice,6106,9576,8697850.2,919.68
M0198,Deluxe Pakistani 14,Pakistani,4871,7615,5116071.8,679.81
M0168,Royal Pakistani 12,Pakistani,5498,8588,14507105.31,1710.82
M0007,Smoky Chinese 1,Chinese,52577,85225,107735136.0,1280.03
M0179,Supreme Rice 12,Rice,5083,8093,11505268.8,1440.27
M0196,Cheesy Burger 14,Burgers,4980,7806,12264262.1,1589.78
M0173,Crispy Fast Food 12,Fast Food,5402,8355,14432617.5,1748.87
M0033,Crispy Pakistani 3,Pakistani,17620,27571,8437552.01,309.86
M0156,Cheesy Dessert 11,Desserts,5630,8623,10905465.6,1280.08
M0153,Crispy Pakistani 11,Pakistani,5839,9201,16006034.0,1760.53
M0175,Herb Salad 12,Salads,5363,8308,5831755.33,710.13
M0109,Special BBQ 8,BBQ,7518,11730,16442630.85,1419.58
M0145,House Salad 10,Salads,6140,9616,16706852.8,1759.73
M0020,Loaded Beverage 2,Beverages,25237,40003,43877366.04,1110.17
M0021,Classic Dessert 2,Desserts,24550,38782,47892162.61,1250.12
M0127,Smoky Chinese 9,Chinese,6730,10422,7914292.61,769.95
M0023,Fresh Fast Food 2,Fast Food,22592,35577,20379680.4,579.95
M0039,Supreme Breakfast 3,Breakfast,15449,24366,40619462.61,1690.19
M0026,Double Pasta 2,Pasta,20777,32648,14517913.5,450.03
M0108,Royal Pakistani 8,Pakistani,7584,11783,4997842.52,430.0
M0174,Masala Breakfast 12,Breakfast,5416,8444,4256346.48,510.05
M0065,House Beverage 5,Beverages,10809,16945,14232009.03,849.93
M0062,Signature Pizza 5,Pizza,11203,17540,17505627.98,1010.27
M0085,House Salad 6,Salads,9019,14002,23802908.0,1719.09
M0030,Grilled Coffee & Tea 2,Coffee & Tea,18775,29350,7826142.23,269.96
M0169,Special BBQ 12,BBQ,5445,8545,9952754.25,1180.13
M0154,Masala BBQ 11,BBQ,5839,9167,15009695.1,1659.75
M0008,Royal Fast Food 1,Fast Food,47873,77158,67055769.0,879.99
M0016,Cheesy Burger 2,Burgers,29380,46654,56676988.57,1229.98
M0056,Cheesy Pasta 4,Pasta,11957,18714,4615156.21,249.96
M0151,Tandoori Burger 11,Burgers,5922,9293,5408869.16,589.69
M0094,Masala BBQ 7,BBQ,8309,12869,8013574.78,630.11
M0107,Smoky Pizza 8,Pizza,7715,12034,4276970.1,359.9
M0053,Crispy Fast Food 4,Fast Food,12486,19424,33955409.9,1769.5
M0028,Royal Sandwiche 2,Sandwiches,19815,31153,26754533.92,870.08
M0093,Crispy Pakistani 7,Pakistani,8379,13004,11946049.91,930.38
M0040,Loaded Salad 3,Salads,15030,23602,10021590.6,430.13
M0047,Smoky Pizza 4,Pizza,13826,21526,34233285.06,1610.47
M0113,Crispy Fast Food 8,Fast Food,7407,11510,9553002.9,839.98
M0060,Loaded Coffee & Tea 4,Coffee & Tea,11663,18164,21190145.0,1180.47
M0086,Double Pasta 6,Pasta,8812,13821,23768717.55,1739.88
M0185,House Beverage 13,Beverages,5073,7921,12203275.5,1559.79
M0135,Herb Coffee & Tea 9,Coffee & Tea,6600,10317,15687186.9,1540.84
M0142,Signature Chinese 10,Chinese,6197,9668,6970426.64,730.32
M0118,Deluxe Sandwiche 8,Sandwiches,7088,11049,14296763.73,1309.46
M0042,Signature Seafood 3,Seafood,14606,22991,27474492.27,1209.97
M0133,Crispy Sandwiche 9,Sandwiches,6492,10178,10051145.0,1000.04
M0014,Masala Rice 1,Rice,32351,51685,87294472.31,1709.98
M0130,Grilled Salad 9,Salads,6600,10236,10812093.21,1069.71
M0102,Signature Seafood 7,Seafood,7813,12060,5713364.4,480.02
M0018,Deluxe Pakistani 2,Pakistani,26813,42555,50405733.0,1199.8
M0120,Loaded Coffee & Tea 8,Coffee & Tea,6949,10754,18465549.9,1738.74
M0084,Spicy Breakfast 6,Breakfast,9151,14431,21974460.2,1540.04
M0100,Loaded Salad 7,Salads,8001,12367,21866196.9,1789.97
M0123,Fresh Pakistani 9,Pakistani,6826,10604,7752556.35,739.71
M0144,Spicy Breakfast 10,Breakfast,6116,9610,5320323.4,560.43
M0001,Classic Burger 1,Burgers,187375,343241,501827562.7,1480.03
M0106,Double Burger 8,Burgers,7741,11832,10981040.05,939.98
M0006,Double Dessert 1,Desserts,58082,94334,166781576.15,1790.08
M0131,Tandoori Pasta 9,Pasta,6660,10353,10117020.32,989.98
M0024,Spicy Breakfast 2,Breakfast,22096,34941,20031220.75,580.19
M0075,Herb Coffee & Tea 5,Coffee & Tea,9776,15164,25602957.46,1709.44
M0125,House Beverage 9,Beverages,6761,10497,3318075.2,319.94
M0180,Loaded Coffee & Tea 12,Coffee & Tea,5211,8103,2000942.54,250.1
M0091,Tandoori Burger 7,Burgers,8487,13186,4557236.32,349.9
M0098,Deluxe Fast Food 7,Fast Food,8125,12577,15282746.88,1229.95
M0027,Smoky Seafood 2,Seafood,19944,31472,24541260.81,790.14
M0022,Signature Chinese 2,Chinese,23231,36741,45026666.1,1239.94
M0155,Herb Beverage 11,Beverages,5883,9188,4820690.2,530.23
M0140,Loaded Beverage 10,Beverages,6411,9936,15608405.57,1590.79
M0043,Fresh Sandwiche 3,Sandwiches,14581,23092,40382939.4,1770.22
M0136,Cheesy Burger 10,Burgers,6416,10083,7371635.8,739.74
M0074,Masala Rice 5,Rice,9886,15677,11147731.2,720.09
M0055,Herb Salad 4,Salads,12198,19002,16706246.24,889.79
M0059,Supreme Rice 4,Rice,11763,18312,11931488.25,659.76
M0002,Signature Pizza 1,Pizza,121444,209301,107506618.7,520.02
M0192,Fiery Seafood 13,Seafood,4883,7541,4023897.75,539.99
M0183,Fresh Pakistani 13,Pakistani,5131,7875,4899648.48,630.09
M0044,Spicy Rice 3,Rice,14296,22361,7952386.5,360.07
M0068,Royal Fast Food 5,Fast Food,10531,16391,14900338.4,920.2
M0166,Double Burger 12,Burgers,5568,8642,3154675.45,369.94
M0124,Spicy BBQ 9,BBQ,6826,10740,10391525.55,979.36
M0199,Supreme BBQ 14,BBQ,4817,7630,3312423.4,439.73
M0121,Classic Burger 9,Burgers,7000,10861,16198800.41,1510.13
M0112,Fiery Chinese 8,Chinese,7394,11512,6933639.68,609.97
M0139,Supreme BBQ 10,BBQ,6232,9658,16888556.72,1770.07
M0177,Creamy Seafood 12,Seafood,5300,8264,1632051.0,200.09
M0116,Cheesy Pasta 8,Pasta,7202,11222,4653845.7,420.03
M0172,Fiery Chinese 12,Chinese,5481,8532,14495424.7,1720.03
