order_month,total_orders,completed_orders,completed_revenue
2025-03,37610,35354,298361068.4
2025-04,37669,35477,300213944.79
2025-05,36047,33927,286884659.12
2025-06,36041,33890,285588790.22
2025-07,35601,33510,283556828.21
2025-08,35501,33353,282890826.21
2025-09,32949,30964,260897401.37
2025-10,36208,33926,288042371.58
2025-11,37929,35695,300493702.52
2025-12,40848,38331,323397426.62
2026-01,35242,33170,279570592.0
2026-02,30152,28405,239383359.0
2026-03,37104,34868,295032853.79
2026-04,38021,35801,301460215.22
2026-05,36332,34173,287579293.92
2026-06,35753,33645,283425569.24
2026-07,35303,33180,279159013.58
2026-08,35690,33482,280932968.13
