promotion_id,promotion_name,used_orders,avg_subtotal,avg_discount,final_revenue
P0004,Campaign 004,2065,7402.96,737.98,15943575.65
P0008,Campaign 008,2129,7270.72,1797.45,13520798.73
P0020,Campaign 020,2215,7493.07,1122.88,16353538.25
P0027,Campaign 027,2125,7448.02,291.95,17610766.46
P0028,Campaign 028,2080,7513.18,472.34,16959815.68
P0031,Campaign 031,2131,7502.11,749.88,16668211.57
P0052,Campaign 052,2092,7567.24,1513.45,14686920.58
P0067,Campaign 067,2176,7581.75,749.86,17218570.66
P0078,Campaign 078,2184,7650.74,1530.16,15493515.52
P0018,Campaign 018,2010,7376.9,2204.86,12068015.53
P0019,Campaign 019,2160,7459.39,474.75,17470067.3
P0058,Campaign 058,2123,7472.23,189.16,17899616.83
P0068,Campaign 068,2074,7438.26,743.29,16081359.78
P0071,Campaign 071,2162,7700.7,199.63,18771727.8
P0077,Campaign 077,2074,7484.82,1122.99,15286902.77
P0026,Campaign 026,2114,7550.74,1128.25,15734948.99
P0040,Campaign 040,2201,7413.31,99.27,18638916.2
P0074,Campaign 074,2175,7566.23,378.16,18101725.06
P0075,Campaign 075,2102,7501.68,2230.53,12856746.12
P0003,Campaign 003,2128,7396.28,200.0,17728532.92
P0069,Campaign 069,2063,7455.77,1848.09,13416304.13
P0016,Campaign 016,2158,7431.01,200.0,18068166.15
P0030,Campaign 030,2088,7366.91,149.07,17447513.82
P0033,Campaign 033,2165,7504.61,743.93,16958152.79
P0036,Campaign 036,2107,7524.27,1128.58,15614534.74
P0053,Campaign 053,2158,7407.28,100.0,18261305.38
P0064,Campaign 064,2117,7547.13,498.35,17280405.43
P0072,Campaign 072,2058,7575.79,486.39,16894264.78
P0007,Campaign 007,1979,7361.47,197.67,16418912.94
P0010,Campaign 010,2160,7604.81,199.44,18510957.34
P0021,Campaign 021,2182,7478.46,95.08,18649202.54
P0035,Campaign 035,2021,7539.18,479.46,16520104.1
P0051,Campaign 051,2144,7553.11,144.68,18386143.24
P0056,Campaign 056,2217,7439.2,371.98,18138379.62
P0063,Campaign 063,2135,7592.51,99.11,18520042.91
P0079,Campaign 079,2212,7617.63,489.38,18253879.33
P0001,Campaign 001,2195,7498.89,499.65,17791721.71
P0013,Campaign 013,2159,7329.81,1816.37,13815706.96
P0038,Campaign 038,2109,7526.02,752.5,16545808.01
P0039,Campaign 039,2195,7435.08,471.3,17702732.45
P0042,Campaign 042,2200,7497.8,1496.43,15300081.24
P0050,Campaign 050,2159,7437.7,290.27,17868369.61
P0054,Campaign 054,2149,7589.92,1897.96,14186304.04
P0005,Campaign 005,2228,7515.82,95.33,19138294.5
P0009,Campaign 009,2185,7568.35,754.64,17239901.76
P0014,Campaign 014,2156,7472.6,291.79,17926326.69
P0037,Campaign 037,2071,7602.33,297.1,17517365.38
P0043,Campaign 043,2192,7480.71,99.77,18727660.52
P0044,Campaign 044,2052,7632.42,150.0,17774541.54
P0045,Campaign 045,2131,7584.49,2272.92,13136806.0
P0049,Campaign 049,2106,7495.89,2239.46,12847793.0
P0073,Campaign 073,2128,7535.6,149.36,18198446.59
P0029,Campaign 029,2180,7369.42,2202.16,13072132.08
P0061,Campaign 061,2099,7560.09,291.71,17665746.82
P0006,Campaign 006,2114,7698.88,97.16,18597442.03
P0023,Campaign 023,2114,7622.06,1143.18,15873995.98
P0024,Campaign 024,2107,7355.31,2206.93,12591114.58
P0032,Campaign 032,2143,7397.35,2209.76,12904410.93
P0055,Campaign 055,2163,7459.36,142.85,18318726.83
P0065,Campaign 065,2095,7480.45,96.8,17904346.38
P0080,Campaign 080,2122,7555.03,296.89,17830530.94
P0002,Campaign 002,2107,7441.51,371.83,17244669.77
P0022,Campaign 022,2171,7398.13,739.42,16746891.64
P0041,Campaign 041,2182,7610.41,1521.92,15402252.74
P0046,Campaign 046,2143,7534.43,1130.67,15899718.48
P0048,Campaign 048,2129,7452.7,1488.36,14723275.6
P0070,Campaign 070,2188,7609.39,290.95,18538796.22
P0076,Campaign 076,2160,7502.72,189.53,18285797.13
P0011,Campaign 011,2082,7529.7,1876.14,13650845.77
P0015,Campaign 015,2165,7474.09,197.69,18237651.34
P0034,Campaign 034,2160,7526.64,99.26,18574052.87
P0062,Campaign 062,2164,7511.37,97.97,18568550.05
P0012,Campaign 012,2052,7529.44,150.0,17527575.89
P0025,Campaign 025,2079,7397.91,188.93,17353685.65
P0060,Campaign 060,2128,7543.18,296.62,17853322.47
P0017,Campaign 017,2121,7418.82,299.87,17485969.52
P0047,Campaign 047,2212,7514.97,99.77,18988547.32
P0057,Campaign 057,2175,7560.77,378.09,18091735.54
P0066,Campaign 066,2141,7435.29,371.67,17507013.6
P0059,Campaign 059,2155,7526.12,2254.86,13183943.63
