restaurant_id,rating_count,avg_rating,avg_food_rating,avg_service_rating
R008,8827,3.985,3.926,3.899
R024,8934,3.988,3.915,3.894
R022,8720,3.999,3.931,3.907
R010,8591,3.985,3.913,3.898
R023,8591,3.993,3.917,3.91
R015,8818,4.001,3.937,3.914
R014,8834,3.996,3.93,3.906
R020,8825,3.981,3.903,3.889
R018,8999,4.011,3.939,3.916
R019,8593,4.011,3.943,3.929
R011,8852,3.978,3.903,3.884
R009,8922,3.989,3.927,3.897
R005,8795,3.989,3.918,3.897
R003,8733,4.006,3.924,3.908
R021,8868,3.99,3.919,3.887
R025,8888,3.98,3.911,3.881
R004,8744,3.983,3.922,3.901
R006,8915,3.975,3.901,3.877
R007,8930,3.992,3.922,3.9
R013,8722,3.985,3.915,3.889
R002,8785,4.018,3.937,3.922
R012,8677,3.999,3.923,3.909
R016,8839,3.986,3.921,3.901
R001,8840,3.987,3.918,3.906
R017,8758,3.985,3.906,3.9
