category_name,order_count,units_sold,gross_sales,avg_line_value
BBQ,178751,325594,423975735.94,2022.4
Beverages,169117,304770,230926477.53,1175.69
Breakfast,142027,249309,301429849.09,1877.97
Burgers,273423,553268,730640117.61,2045.69
Chinese,151618,268557,299681915.76,1733.13
Coffee & Tea,124527,214565,237419928.54,1712.47
Desserts,157089,279171,375348970.39,2082.26
Fast Food,146063,256395,242280831.92,1460.55
Pakistani,193755,357633,364551140.15,1581.69
Pasta,134927,235106,210424132.37,1389.47
Pizza,218236,414848,301428826.91,1128.49
Rice,126742,219587,206815991.39,1466.02
Salads,137997,240663,199616685.46,1286.02
Sandwiches,129213,223732,261183183.18,1810.2
Seafood,131168,227724,191440091.07,1303.0
