restaurant_id,restaurant_name,city,order_count,revenue,avg_order_value
R001,DineIQ Clifton,Karachi,24464,207164356.12,8468.13
R002,DineIQ DHA,Karachi,24400,205731353.64,8431.61
R003,DineIQ Gulshan,Karachi,24151,204159566.57,8453.46
R004,DineIQ North Nazimabad,Karachi,24481,207131479.06,8460.91
R005,DineIQ Bahadurabad,Karachi,24356,204466778.11,8394.92
R006,DineIQ Gulberg,Lahore,24559,207313214.1,8441.44
R007,DineIQ DHA,Lahore,24488,206486557.48,8432.15
R008,DineIQ Johar Town,Lahore,24690,208883316.54,8460.24
R009,DineIQ Model Town,Lahore,24454,206460024.58,8442.79
R010,DineIQ F-7,Islamabad,24286,204107381.98,8404.32
R011,DineIQ F-10,Islamabad,24448,206186782.27,8433.69
R012,DineIQ Blue Area,Islamabad,24194,203695547.89,8419.26
R013,DineIQ G-11,Islamabad,24334,204052492.95,8385.49
R014,DineIQ Saddar,Rawalpindi,24470,206968007.21,8458.03
R015,DineIQ Bahria Town,Rawalpindi,24509,206889114.07,8441.35
R016,DineIQ D-Ground,Faisalabad,24562,208068371.43,8471.15
R017,DineIQ Canal Road,Faisalabad,24728,208744250.08,8441.61
R018,DineIQ Gulgasht,Multan,24504,205426956.32,8383.41
R019,DineIQ Cantt,Multan,24278,205514721.29,8465.06
R020,DineIQ Clifton,Karachi,24687,208236687.47,8435.07
R021,DineIQ DHA,Karachi,24623,208886471.22,8483.39
R022,DineIQ Gulshan,Karachi,24428,205736898.45,8422.18
R023,DineIQ North Nazimabad,Karachi,24107,203752536.23,8452.01
R024,DineIQ Bahadurabad,Karachi,24474,206369665.3,8432.2
R025,DineIQ Gulberg,Lahore,24476,206438353.56,8434.32
