weekday,hour_of_day,orders,avg_order_value
1,0,1055,8599.79
1,1,494,8229.77
1,2,528,8073.47
1,3,495,8438.63
1,4,520,8476.49
1,5,1062,8401.03
1,6,2020,8435.85
1,7,3707,8429.34
1,8,5257,8437.84
1,9,4316,8413.8
1,10,3109,8459.24
1,11,4152,8539.61
1,12,7878,8551.73
1,13,8781,8460.37
1,14,6872,8458.19
1,15,4156,8354.95
1,16,4214,8487.48
1,17,6742,8374.6
1,18,9417,8394.25
1,19,10363,8496.63
1,20,9412,8550.09
1,21,5295,8442.7
1,22,2551,8437.31
1,23,1681,8301.9
2,0,816,8224.97
2,1,424,8608.48
2,2,391,8232.0
2,3,405,8681.03
2,4,424,8644.66
2,5,814,8374.42
2,6,1650,8265.76
2,7,2893,8489.24
2,8,4056,8369.69
2,9,3304,8377.61
2,10,2426,8454.66
2,11,3185,8600.25
2,12,6188,8449.05
2,13,6986,8389.94
2,14,5264,8405.77
2,15,3261,8488.43
2,16,3207,8321.36
2,17,5413,8392.76
2,18,7496,8408.08
2,19,8099,8406.65
2,20,7384,8378.25
2,21,4105,8344.73
2,22,2025,8290.92
2,23,1280,8588.14
3,0,785,8661.01
3,1,417,8014.09
3,2,424,8630.09
3,3,427,8564.36
3,4,434,8492.07
3,5,826,8575.37
3,6,1556,8553.16
3,7,2858,8402.78
3,8,4054,8431.74
3,9,3260,8593.78
3,10,2406,8562.01
3,11,3276,8327.27
3,12,5923,8489.6
3,13,6791,8562.42
3,14,5321,8435.49
3,15,3224,8451.66
3,16,3171,8532.67
3,17,5127,8408.65
3,18,7289,8344.0
3,19,7917,8408.32
3,20,7283,8463.37
3,21,3992,8369.77
3,22,2080,8400.39
3,23,1288,8469.99
4,0,837,8217.22
4,1,429,8457.94
4,2,401,8241.66
4,3,416,8298.96
4,4,457,8582.02
4,5,854,8366.53
4,6,1602,8419.06
4,7,2865,8516.7
4,8,4182,8470.71
4,9,3376,8451.08
4,10,2385,8315.74
4,11,3154,8517.46
4,12,6173,8453.09
4,13,6928,8404.42
4,14,5266,8416.98
4,15,3289,8345.5
4,16,3287,8370.24
4,17,5141,8465.03
4,18,7300,8415.05
4,19,8156,8395.62
4,20,7203,8353.86
4,21,4016,8543.5
4,22,2027,8356.78
4,23,1193,8334.24
5,0,820,8585.04
5,1,382,8331.26
5,2,412,8024.54
5,3,399,8148.78
5,4,400,8493.66
5,5,795,8263.36
5,6,1603,8133.0
5,7,2877,8500.37
5,8,4078,8372.78
5,9,3308,8450.14
5,10,2450,8400.6
5,11,3247,8307.8
5,12,6186,8530.49
5,13,6859,8394.29
5,14,5168,8366.0
5,15,3241,8435.62
5,16,3237,8294.11
5,17,5250,8532.52
5,18,7354,8507.38
5,19,8188,8403.34
5,20,7232,8440.66
5,21,4078,8316.23
5,22,1982,8261.76
5,23,1233,8523.09
6,0,773,8217.43
6,1,396,8367.29
6,2,382,8527.26
6,3,403,8350.14
6,4,409,8061.01
6,5,799,8615.45
6,6,1701,8608.84
6,7,2825,8474.25
6,8,4085,8434.52
6,9,3330,8417.9
6,10,2430,8459.86
6,11,3209,8248.85
6,12,6017,8456.7
6,13,6690,8443.75
6,14,5236,8415.3
6,15,3219,8448.98
6,16,3214,8441.43
6,17,5268,8333.45
6,18,7207,8484.82
6,19,7997,8446.25
6,20,7131,8427.51
6,21,3967,8275.03
6,22,1981,8508.26
6,23,1177,8594.84
7,0,1001,8859.64
7,1,504,8330.69
7,2,509,8267.01
7,3,531,8363.45
7,4,502,8594.61
7,5,1034,8759.83
7,6,2059,8283.81
7,7,3750,8332.77
7,8,5241,8368.97
7,9,4122,8482.38
7,10,3132,8506.32
7,11,4060,8582.65
7,12,7874,8560.12
7,13,8727,8492.51
7,14,6800,8349.44
7,15,4179,8534.39
7,16,4236,8542.9
7,17,6979,8487.69
7,18,9443,8518.89
7,19,10258,8389.22
7,20,9467,8490.55
7,21,5276,8468.07
7,22,2604,8637.01
7,23,1599,8340.09
