record_id,actual,spark_prediction,python_prediction,spark_minus_python,absolute_difference,match_status
R004@2026-08-30 08:00:00,3.0,2.594741659006005,3.577464784452759,-0.9827231254467543,0.9827231254467543,WITHIN_ONE_ORDER
R010@2026-06-09 20:00:00,4.0,3.0988314909076045,3.9570226707780556,-0.8581911798704511,0.8581911798704511,WITHIN_ONE_ORDER
R019@2026-08-22 18:00:00,5.0,4.575686238551938,5.37769028227611,-0.802004043724172,0.802004043724172,WITHIN_ONE_ORDER
R018@2026-07-26 20:00:00,5.0,4.5582019331700625,5.18505304542538,-0.6268511122553173,0.6268511122553173,WITHIN_ONE_ORDER
R013@2026-06-10 18:00:00,2.0,3.427235453400125,4.052731723251984,-0.6254962698518591,0.6254962698518591,WITHIN_ONE_ORDER
R013@2026-07-29 19:00:00,3.0,3.5378872295639443,4.080830372192209,-0.5429431426282649,0.5429431426282649,WITHIN_ONE_ORDER
R002@2026-08-20 18:00:00,4.0,3.456600884598216,3.9933420038022227,-0.5367411192040068,0.5367411192040068,WITHIN_ONE_ORDER
R013@2026-07-02 21:00:00,1.0,2.6526918713550773,2.1350823203481726,0.5176095510069048,0.5176095510069048,WITHIN_ONE_ORDER
R011@2026-07-05 11:00:00,0.0,2.3196636768191192,2.8060403837515944,-0.48637670693247514,0.48637670693247514,WITHIN_ONE_ORDER
R016@2026-07-30 17:00:00,3.0,3.231619444625385,2.7607711277712177,0.4708483168541675,0.4708483168541675,WITHIN_ONE_ORDER
